Sl no.,District Name,Market,Commodity,Variety,Grade,Min Price (Rs./Quintal),Max Price (Rs./Quintal),Modal_Price,Arrival_Date,date,tavg,tmin,tmax,prcp,snow,wdir,wspd,wpgt,pres,tsun
16384,Karwar(Uttar Kannad),Kumta,Arecanut,Bette,FAQ,33300,37109,36729,2024-05-29,2024-05-29,30.2,25.5,33.2,0.0,,,12.6,,1004.4,
16391,Karwar(Uttar Kannad),Kumta,Arecanut,Bette,FAQ,36839,41211,40369,2024-05-22,2024-05-22,30.9,23.1,33.4,5.6,,,15.2,,1002.2,
16396,Karwar(Uttar Kannad),Kumta,Arecanut,Bette,FAQ,38099,40099,39579,2024-05-08,2024-05-08,30.8,26.2,35.4,0.0,,,16.2,,1007.8,
16490,Karwar(Uttar Kannad),Kumta,Arecanut,Chali,FAQ,32699,43098,42429,2025-05-08,2025-05-08,30.2,26.4,33.6,0.4,,,13.2,,1007.8,
16514,Karwar(Uttar Kannad),Kumta,Arecanut,Chali,FAQ,34199,42499,40679,2025-05-12,2025-05-12,29.5,26.5,33.4,0.5,,,11.5,,1006.6,
16516,Karwar(Uttar Kannad),Kumta,Arecanut,Chali,FAQ,35269,42698,39679,2025-05-15,2025-05-15,29.0,26.4,33.2,1.1,,,7.5,,1007.4,
16519,Karwar(Uttar Kannad),Kumta,Arecanut,Chali,FAQ,35350,43000,40749,2025-05-22,2025-05-22,26.1,22.9,28.0,95.8,,,17.9,,1005.9,
16520,Karwar(Uttar Kannad),Kumta,Arecanut,Chali,FAQ,36600,43598,40759,2025-05-29,2025-05-29,25.3,22.7,28.5,97.0,,,19.9,,1003.3,
16523,Karwar(Uttar Kannad),Kumta,Arecanut,Chali,FAQ,37729,42129,40679,2025-05-14,2025-05-14,28.7,25.9,32.8,6.8,,,10.1,,1007.4,
16530,Karwar(Uttar Kannad),Kumta,Arecanut,Chali,FAQ,38569,43098,41359,2025-05-09,2025-05-09,29.8,25.0,33.2,0.0,,,9.3,,1008.5,
16534,Karwar(Uttar Kannad),Kumta,Arecanut,Chali,FAQ,38899,43699,41789,2025-05-28,2025-05-28,25.2,22.6,27.2,56.9,,,23.0,,1004.2,
16538,Karwar(Uttar Kannad),Kumta,Arecanut,Chali,FAQ,38999,43898,40839,2025-05-26,2025-05-26,26.8,23.1,30.0,72.9,,,26.2,,1004.6,
16542,Karwar(Uttar Kannad),Kumta,Arecanut,Chali,FAQ,39099,43598,41299,2025-05-30,2025-05-30,29.5,23.6,30.4,128.0,,,18.9,,1004.6,
16548,Karwar(Uttar Kannad),Kumta,Arecanut,Chali,FAQ,39999,41599,40639,2025-05-19,2025-05-19,29.9,25.6,32.6,1.0,,,8.3,,1004.6,
16549,Karwar(Uttar Kannad),Kumta,Arecanut,Chali,FAQ,39999,44098,42389,2025-05-02,2025-05-02,30.5,27.1,33.8,0.0,,,11.2,,1008.6,
16550,Karwar(Uttar Kannad),Kumta,Arecanut,Chali,FAQ,40008,43498,41859,2025-05-07,2025-05-07,30.6,27.8,33.7,0.5,,,19.7,,1007.5,
16552,Karwar(Uttar Kannad),Kumta,Arecanut,Chali,FAQ,40099,42339,41689,2025-05-05,2025-05-05,30.1,25.8,33.2,0.0,,,14.7,,1007.2,
16554,Karwar(Uttar Kannad),Kumta,Arecanut,Chali,FAQ,40598,42498,41679,2025-05-21,2025-05-21,24.7,23.6,28.8,13.2,,,18.3,,1005.3,
16555,Karwar(Uttar Kannad),Kumta,Arecanut,Chali,FAQ,41499,42699,42139,2025-05-23,2025-05-23,26.1,23.5,31.4,55.1,,,32.5,,1002.7,
16561,Karwar(Uttar Kannad),Kumta,Arecanut,Chippu,FAQ,3099,28099,25489,2025-05-14,2025-05-14,28.7,25.9,32.8,6.8,,,10.1,,1007.4,
16567,Karwar(Uttar Kannad),Kumta,Arecanut,Chippu,FAQ,10100,32600,28979,2025-05-08,2025-05-08,30.2,26.4,33.6,0.4,,,13.2,,1007.8,
16572,Karwar(Uttar Kannad),Kumta,Arecanut,Chippu,FAQ,11199,26919,24549,2025-05-21,2025-05-21,24.7,23.6,28.8,13.2,,,18.3,,1005.3,
16577,Karwar(Uttar Kannad),Kumta,Arecanut,Chippu,FAQ,12099,30279,28179,2025-05-23,2025-05-23,26.1,23.5,31.4,55.1,,,32.5,,1002.7,
16592,Karwar(Uttar Kannad),Kumta,Arecanut,Chippu,FAQ,14509,21099,20369,2020-05-08,2020-05-08,,,,,,,,,,
16614,Karwar(Uttar Kannad),Kumta,Arecanut,Chippu,FAQ,15105,21860,21539,2020-05-14,2020-05-14,,,,,,,,,,
16620,Karwar(Uttar Kannad),Kumta,Arecanut,Chippu,FAQ,15509,22610,21509,2020-05-07,2020-05-07,,,,,,,,,,
16631,Karwar(Uttar Kannad),Kumta,Arecanut,Chippu,FAQ,15699,23270,23049,2020-05-28,2020-05-28,,,,,,,,,,
16639,Karwar(Uttar Kannad),Kumta,Arecanut,Chippu,FAQ,16000,16000,16000,2020-05-18,2020-05-18,,,,,,,,,,
16640,Karwar(Uttar Kannad),Kumta,Arecanut,Chippu,FAQ,16000,16000,16000,2020-05-20,2020-05-20,,,,,,,,,,
16645,Karwar(Uttar Kannad),Kumta,Arecanut,Chippu,FAQ,16069,21669,21279,2020-05-27,2020-05-27,,,,,,,,,,
16660,Karwar(Uttar Kannad),Kumta,Arecanut,Chippu,FAQ,16099,21099,20849,2020-05-06,2020-05-06,,,,,,,,,,
16662,Karwar(Uttar Kannad),Kumta,Arecanut,Chippu,FAQ,16099,21569,21069,2020-05-11,2020-05-11,32.9,24.2,35.8,12.7,,,,,,
16682,Karwar(Uttar Kannad),Kumta,Arecanut,Chippu,FAQ,16509,22019,21649,2020-05-29,2020-05-29,,,,,,,,,,
16705,Karwar(Uttar Kannad),Kumta,Arecanut,Chippu,FAQ,17069,24309,24089,2020-05-21,2020-05-21,,,,,,,,,,
16737,Karwar(Uttar Kannad),Kumta,Arecanut,Chippu,FAQ,17599,22099,21569,2020-05-05,2020-05-05,29.1,28.0,32.0,0.0,,,,,,
16750,Karwar(Uttar Kannad),Kumta,Arecanut,Chippu,FAQ,18099,22509,21719,2020-05-04,2020-05-04,29.1,26.0,33.7,1.0,,,,,,
16766,Karwar(Uttar Kannad),Kumta,Arecanut,Chippu,FAQ,19039,29299,25819,2025-05-19,2025-05-19,29.9,25.6,32.6,1.0,,,8.3,,1004.6,
16785,Karwar(Uttar Kannad),Kumta,Arecanut,Chippu,FAQ,20009,25689,23689,2025-05-16,2025-05-16,28.9,26.8,31.8,3.5,,,10.4,,1007.3,
16798,Karwar(Uttar Kannad),Kumta,Arecanut,Chippu,FAQ,20209,33269,30729,2025-05-15,2025-05-15,29.0,26.4,33.2,1.1,,,7.5,,1007.4,
16814,Karwar(Uttar Kannad),Kumta,Arecanut,Chippu,FAQ,21209,33499,30619,2025-05-22,2025-05-22,26.1,22.9,28.0,95.8,,,17.9,,1005.9,
16837,Karwar(Uttar Kannad),Kumta,Arecanut,Chippu,FAQ,22111,29169,27549,2024-05-02,2024-05-02,30.6,27.0,34.7,0.0,,,11.5,,1006.2,
16849,Karwar(Uttar Kannad),Kumta,Arecanut,Chippu,FAQ,22559,29599,28429,2025-05-12,2025-05-12,29.5,26.5,33.4,0.5,,,11.5,,1006.6,
16850,Karwar(Uttar Kannad),Kumta,Arecanut,Chippu,FAQ,22559,35600,32849,2025-05-29,2025-05-29,25.3,22.7,28.5,97.0,,,19.9,,1003.3,
16859,Karwar(Uttar Kannad),Kumta,Arecanut,Chippu,FAQ,22609,31669,30419,2024-05-30,2024-05-30,29.7,27.4,33.2,9.2,,,14.0,,1005.1,
16862,Karwar(Uttar Kannad),Kumta,Arecanut,Chippu,FAQ,22709,32869,32419,2022-05-05,2022-05-05,27.3,22.4,34.7,61.7,,,13.8,,1006.8,
16935,Karwar(Uttar Kannad),Kumta,Arecanut,Chippu,FAQ,23861,31769,28899,2024-05-16,2024-05-16,28.9,21.0,35.7,18.8,,,11.1,,1007.7,
16993,Karwar(Uttar Kannad),Kumta,Arecanut,Chippu,FAQ,24509,30929,30369,2022-05-26,2022-05-26,,,,,,,,,,
17003,Karwar(Uttar Kannad),Kumta,Arecanut,Chippu,FAQ,24519,31269,30869,2022-05-19,2022-05-19,24.7,22.6,30.4,5.6,,,20.8,,1004.3,
17049,Karwar(Uttar Kannad),Kumta,Arecanut,Chippu,FAQ,25011,32099,30549,2024-05-23,2024-05-23,28.4,25.4,34.1,0.0,,,14.3,,1002.0,
17071,Karwar(Uttar Kannad),Kumta,Arecanut,Chippu,FAQ,25069,29999,27899,2024-05-31,2024-05-31,30.7,26.6,34.3,1.3,,,13.0,,1005.5,
17072,Karwar(Uttar Kannad),Kumta,Arecanut,Chippu,FAQ,25069,30099,28749,2024-05-27,2024-05-27,29.6,25.0,32.5,0.0,,,16.7,,1004.3,
17078,Karwar(Uttar Kannad),Kumta,Arecanut,Chippu,FAQ,25089,30569,29989,2022-05-23,2022-05-23,29.4,26.4,32.3,6.1,,,8.5,,1004.7,
17111,Karwar(Uttar Kannad),Kumta,Arecanut,Chippu,FAQ,25191,31611,29869,2024-05-09,2024-05-09,30.8,26.4,35.7,0.0,,,15.9,,1007.2,
17119,Karwar(Uttar Kannad),Kumta,Arecanut,Chippu,FAQ,25509,30509,29869,2022-05-25,2022-05-25,28.8,26.7,32.8,1.3,,,6.9,,1007.9,
17134,Karwar(Uttar Kannad),Kumta,Arecanut,Chippu,FAQ,25569,30109,29829,2022-05-27,2022-05-27,27.3,,33.0,2.0,,,,,,
17143,Karwar(Uttar Kannad),Kumta,Arecanut,Chippu,FAQ,25609,31119,30879,2022-05-16,2022-05-16,27.6,23.4,32.5,1.5,,,17.4,,1004.5,
17159,Karwar(Uttar Kannad),Kumta,Arecanut,Chippu,FAQ,25699,30099,26369,2024-05-24,2024-05-24,29.6,22.4,33.7,0.3,,,19.5,,1001.7,
17173,Karwar(Uttar Kannad),Kumta,Arecanut,Chippu,FAQ,25869,31099,28979,2025-05-30,2025-05-30,29.5,23.6,30.4,128.0,,,18.9,,1004.6,
17175,Karwar(Uttar Kannad),Kumta,Arecanut,Chippu,FAQ,25899,28899,27239,2024-05-06,2024-05-06,30.8,27.8,34.1,0.0,,,14.8,,1007.7,
17186,Karwar(Uttar Kannad),Kumta,Arecanut,Chippu,FAQ,26019,30399,29869,2022-05-30,2022-05-30,28.4,25.0,32.0,2.0,,,8.8,,1006.5,
17216,Karwar(Uttar Kannad),Kumta,Arecanut,Chippu,FAQ,26199,30999,29969,2022-05-20,2022-05-20,23.0,20.3,28.7,72.4,,,8.1,,1007.0,
17221,Karwar(Uttar Kannad),Kumta,Arecanut,Chippu,FAQ,26499,32899,30549,2024-05-22,2024-05-22,30.9,23.1,33.4,5.6,,,15.2,,1002.2,
17224,Karwar(Uttar Kannad),Kumta,Arecanut,Chippu,FAQ,26509,29999,28249,2024-05-29,2024-05-29,30.2,25.5,33.2,0.0,,,12.6,,1004.4,
17226,Karwar(Uttar Kannad),Kumta,Arecanut,Chippu,FAQ,26509,30899,30269,2022-05-18,2022-05-18,27.9,24.3,30.4,0.5,,,14.7,,1003.3,
17228,Karwar(Uttar Kannad),Kumta,Arecanut,Chippu,FAQ,26509,31019,30809,2022-05-09,2022-05-09,29.5,26.1,32.9,0.0,,,17.6,,1003.6,
17231,Karwar(Uttar Kannad),Kumta,Arecanut,Chippu,FAQ,26509,32469,31819,2022-05-12,2022-05-12,26.8,23.1,31.8,89.4,,,8.9,,1005.3,
17235,Karwar(Uttar Kannad),Kumta,Arecanut,Chippu,FAQ,26569,30509,29649,2024-05-20,2024-05-20,27.4,20.9,31.2,59.2,,,8.9,,1004.0,
17240,Karwar(Uttar Kannad),Kumta,Arecanut,Chippu,FAQ,26569,32696,31539,2023-05-04,2023-05-04,29.4,26.1,32.7,0.1,,,15.8,,1008.8,
17245,Karwar(Uttar Kannad),Kumta,Arecanut,Chippu,FAQ,26599,28699,27519,2024-05-03,2024-05-03,29.9,25.4,34.2,0.0,,,10.6,,1007.5,
17261,Karwar(Uttar Kannad),Kumta,Arecanut,Chippu,FAQ,26869,29599,28249,2024-05-08,2024-05-08,30.8,26.2,35.4,0.0,,,16.2,,1007.8,
17268,Karwar(Uttar Kannad),Kumta,Arecanut,Chippu,FAQ,26899,30509,29899,2024-05-13,2024-05-13,31.2,26.4,36.3,0.1,,,12.4,,1006.7,
17271,Karwar(Uttar Kannad),Kumta,Arecanut,Chippu,FAQ,26899,32019,30819,2025-05-09,2025-05-09,29.8,25.0,33.2,0.0,,,9.3,,1008.5,
17283,Karwar(Uttar Kannad),Kumta,Arecanut,Chippu,FAQ,27019,30500,29089,2024-05-15,2024-05-15,30.6,25.8,34.0,0.9,,,11.8,,1007.5,
17286,Karwar(Uttar Kannad),Kumta,Arecanut,Chippu,FAQ,27019,31089,30769,2022-05-11,2022-05-11,27.7,23.6,30.0,17.2,,,10.0,,1005.1,
17292,Karwar(Uttar Kannad),Kumta,Arecanut,Chippu,FAQ,27059,30569,29579,2024-05-17,2024-05-17,30.2,23.4,33.8,0.0,,,10.0,,1006.5,
17311,Karwar(Uttar Kannad),Kumta,Arecanut,Chippu,FAQ,27119,30969,30219,2022-05-13,2022-05-13,28.1,25.5,31.5,8.6,,,13.2,,1004.6,
17323,Karwar(Uttar Kannad),Kumta,Arecanut,Chippu,FAQ,27509,31099,29588,2022-05-04,2022-05-04,29.8,28.0,34.7,0.5,,,14.0,,1006.9,
17332,Karwar(Uttar Kannad),Kumta,Arecanut,Chippu,FAQ,27569,32089,30429,2025-05-26,2025-05-26,26.8,23.1,30.0,72.9,,,26.2,,1004.6,
17333,Karwar(Uttar Kannad),Kumta,Arecanut,Chippu,FAQ,27569,32099,30629,2025-05-28,2025-05-28,25.2,22.6,27.2,56.9,,,23.0,,1004.2,
17335,Karwar(Uttar Kannad),Kumta,Arecanut,Chippu,FAQ,27569,32569,30469,2025-05-07,2025-05-07,30.6,27.8,33.7,0.5,,,19.7,,1007.5,
17339,Karwar(Uttar Kannad),Kumta,Arecanut,Chippu,FAQ,27690,31799,30369,2023-05-03,2023-05-03,29.7,26.7,32.7,1.5,,,18.8,,1009.3,
17347,Karwar(Uttar Kannad),Kumta,Arecanut,Chippu,FAQ,27869,32869,29629,2025-05-05,2025-05-05,30.1,25.8,33.2,0.0,,,14.7,,1007.2,
17354,Karwar(Uttar Kannad),Kumta,Arecanut,Chippu,FAQ,28019,31119,30879,2022-05-06,2022-05-06,28.1,23.4,33.1,0.5,,,10.4,,1006.4,
17363,Karwar(Uttar Kannad),Kumta,Arecanut,Chippu,FAQ,28089,32509,30719,2025-05-02,2025-05-02,30.5,27.1,33.8,0.0,,,11.2,,1008.6,
17371,Karwar(Uttar Kannad),Kumta,Arecanut,Chippu,FAQ,28219,33169,32369,2023-05-11,2023-05-11,29.5,26.5,33.2,5.8,,,14.0,,1007.9,
17388,Karwar(Uttar Kannad),Kumta,Arecanut,Chippu,FAQ,29091,33989,33108,2023-05-25,2023-05-25,30.3,27.7,32.8,0.6,,,13.5,,1011.1,
17393,Karwar(Uttar Kannad),Kumta,Arecanut,Chippu,FAQ,29169,32599,31569,2023-05-17,2023-05-17,29.9,26.0,33.8,0.0,,,23.2,,1009.0,
17397,Karwar(Uttar Kannad),Kumta,Arecanut,Chippu,FAQ,29509,32509,31469,2023-05-12,2023-05-12,30.3,26.9,33.6,4.1,,,14.3,,1008.4,
17399,Karwar(Uttar Kannad),Kumta,Arecanut,Chippu,FAQ,29509,32899,31849,2023-05-31,2023-05-31,30.3,28.0,33.0,6.7,,,11.3,,1008.1,
17408,Karwar(Uttar Kannad),Kumta,Arecanut,Chippu,FAQ,29569,31999,30469,2023-05-05,2023-05-05,29.6,26.3,33.0,0.1,,,15.5,,1007.7,
17418,Karwar(Uttar Kannad),Kumta,Arecanut,Chippu,FAQ,29990,32899,31569,2023-05-29,2023-05-29,31.9,26.6,33.8,0.0,,,21.2,,1007.7,
17419,Karwar(Uttar Kannad),Kumta,Arecanut,Chippu,FAQ,29999,32599,31469,2023-05-15,2023-05-15,30.1,28.6,33.0,0.0,,,15.5,,1009.3,
17420,Karwar(Uttar Kannad),Kumta,Arecanut,Chippu,FAQ,29999,32599,31759,2023-05-08,2023-05-08,29.9,27.8,33.0,1.3,,,20.0,,1007.3,
17423,Karwar(Uttar Kannad),Kumta,Arecanut,Chippu,FAQ,29999,32999,31929,2023-05-26,2023-05-26,30.8,28.6,33.4,0.0,,,15.3,,1011.4,
17424,Karwar(Uttar Kannad),Kumta,Arecanut,Chippu,FAQ,29999,32999,32089,2023-05-24,2023-05-24,31.6,26.5,33.7,0.0,,,11.3,,1010.6,
17432,Karwar(Uttar Kannad),Kumta,Arecanut,Chippu,FAQ,29999,33199,32549,2023-05-22,2023-05-22,31.1,25.0,33.5,0.8,,,15.5,,1010.0,
17433,Karwar(Uttar Kannad),Kumta,Arecanut,Chippu,FAQ,29999,33339,32769,2023-05-19,2023-05-19,30.3,27.8,33.0,0.0,,,16.3,,1009.8,
17441,Karwar(Uttar Kannad),Kumta,Arecanut,Chippu,FAQ,30091,33269,32549,2023-05-18,2023-05-18,30.3,27.8,33.3,0.0,,,20.0,,1010.5,
17551,Karwar(Uttar Kannad),Kumta,Arecanut,Cqca,FAQ,4199,18099,15769,2025-05-14,2025-05-14,28.7,25.9,32.8,6.8,,,10.1,,1007.4,
17576,Karwar(Uttar Kannad),Kumta,Arecanut,Cqca,FAQ,5858,30434,27520,2025-05-22,2025-05-22,26.1,22.9,28.0,95.8,,,17.9,,1005.9,
17597,Karwar(Uttar Kannad),Kumta,Arecanut,Cqca,FAQ,6099,20189,18699,2025-05-09,2025-05-09,29.8,25.0,33.2,0.0,,,9.3,,1008.5,
17633,Karwar(Uttar Kannad),Kumta,Arecanut,Cqca,FAQ,6899,20019,18949,2025-05-30,2025-05-30,29.5,23.6,30.4,128.0,,,18.9,,1004.6,
17634,Karwar(Uttar Kannad),Kumta,Arecanut,Cqca,FAQ,6899,22189,20429,2025-05-21,2025-05-21,24.7,23.6,28.8,13.2,,,18.3,,1005.3,
17640,Karwar(Uttar Kannad),Kumta,Arecanut,Cqca,FAQ,7019,20189,19349,2025-05-05,2025-05-05,30.1,25.8,33.2,0.0,,,14.7,,1007.2,
17651,Karwar(Uttar Kannad),Kumta,Arecanut,Cqca,FAQ,7089,18699,15769,2025-05-26,2025-05-26,26.8,23.1,30.0,72.9,,,26.2,,1004.6,
17653,Karwar(Uttar Kannad),Kumta,Arecanut,Cqca,FAQ,7089,19999,17849,2025-05-28,2025-05-28,25.2,22.6,27.2,56.9,,,23.0,,1004.2,
17658,Karwar(Uttar Kannad),Kumta,Arecanut,Cqca,FAQ,7099,14189,12359,2025-05-23,2025-05-23,26.1,23.5,31.4,55.1,,,32.5,,1002.7,
17659,Karwar(Uttar Kannad),Kumta,Arecanut,Cqca,FAQ,7099,18899,15729,2025-05-16,2025-05-16,28.9,26.8,31.8,3.5,,,10.4,,1007.3,
17663,Karwar(Uttar Kannad),Kumta,Arecanut,Cqca,FAQ,7109,22029,20899,2025-05-07,2025-05-07,30.6,27.8,33.7,0.5,,,19.7,,1007.5,
17671,Karwar(Uttar Kannad),Kumta,Arecanut,Cqca,FAQ,7670,17399,16709,2020-05-28,2020-05-28,,,,,,,,,,
17674,Karwar(Uttar Kannad),Kumta,Arecanut,Cqca,FAQ,8019,10899,9859,2025-05-19,2025-05-19,29.9,25.6,32.6,1.0,,,8.3,,1004.6,
17685,Karwar(Uttar Kannad),Kumta,Arecanut,Cqca,FAQ,8100,24170,22619,2025-05-29,2025-05-29,25.3,22.7,28.5,97.0,,,19.9,,1003.3,
17691,Karwar(Uttar Kannad),Kumta,Arecanut,Cqca,FAQ,8670,18844,18279,2020-05-21,2020-05-21,,,,,,,,,,
17720,Karwar(Uttar Kannad),Kumta,Arecanut,Cqca,FAQ,9099,19999,18269,2025-05-02,2025-05-02,30.5,27.1,33.8,0.0,,,11.2,,1008.6,
17755,Karwar(Uttar Kannad),Kumta,Arecanut,Cqca,FAQ,9569,17869,17089,2020-05-08,2020-05-08,,,,,,,,,,
17756,Karwar(Uttar Kannad),Kumta,Arecanut,Cqca,FAQ,9599,18509,17919,2020-05-06,2020-05-06,,,,,,,,,,
17759,Karwar(Uttar Kannad),Kumta,Arecanut,Cqca,FAQ,9699,16899,16239,2020-05-27,2020-05-27,,,,,,,,,,
17760,Karwar(Uttar Kannad),Kumta,Arecanut,Cqca,FAQ,9699,17079,16809,2020-05-29,2020-05-29,,,,,,,,,,
17762,Karwar(Uttar Kannad),Kumta,Arecanut,Cqca,FAQ,9869,17869,16889,2020-05-07,2020-05-07,,,,,,,,,,
17775,Karwar(Uttar Kannad),Kumta,Arecanut,Cqca,FAQ,10100,26171,23849,2025-05-15,2025-05-15,29.0,26.4,33.2,1.1,,,7.5,,1007.4,
17782,Karwar(Uttar Kannad),Kumta,Arecanut,Cqca,FAQ,10169,17899,15819,2020-05-05,2020-05-05,29.1,28.0,32.0,0.0,,,,,,
17809,Karwar(Uttar Kannad),Kumta,Arecanut,Cqca,FAQ,10189,18099,17389,2020-05-04,2020-05-04,29.1,26.0,33.7,1.0,,,,,,
17810,Karwar(Uttar Kannad),Kumta,Arecanut,Cqca,FAQ,10189,18599,18079,2020-05-11,2020-05-11,32.9,24.2,35.8,12.7,,,,,,
17825,Karwar(Uttar Kannad),Kumta,Arecanut,Cqca,FAQ,10199,18599,18079,2020-05-14,2020-05-14,,,,,,,,,,
17828,Karwar(Uttar Kannad),Kumta,Arecanut,Cqca,FAQ,10199,30100,26439,2025-05-08,2025-05-08,30.2,26.4,33.6,0.4,,,13.2,,1007.8,
17838,Karwar(Uttar Kannad),Kumta,Arecanut,Cqca,FAQ,10500,31099,25369,2024-05-16,2024-05-16,28.9,21.0,35.7,18.8,,,11.1,,1007.7,
17853,Karwar(Uttar Kannad),Kumta,Arecanut,Cqca,FAQ,11060,25189,23669,2024-05-02,2024-05-02,30.6,27.0,34.7,0.0,,,11.5,,1006.2,
17898,Karwar(Uttar Kannad),Kumta,Arecanut,Cqca,FAQ,13000,13000,13000,2020-05-20,2020-05-20,,,,,,,,,,
17899,Karwar(Uttar Kannad),Kumta,Arecanut,Cqca,FAQ,13011,27269,25349,2024-05-30,2024-05-30,29.7,27.4,33.2,9.2,,,14.0,,1005.1,
17907,Karwar(Uttar Kannad),Kumta,Arecanut,Cqca,FAQ,13089,26019,24089,2024-05-03,2024-05-03,29.9,25.4,34.2,0.0,,,10.6,,1007.5,
17909,Karwar(Uttar Kannad),Kumta,Arecanut,Cqca,FAQ,13089,26689,23469,2024-05-20,2024-05-20,27.4,20.9,31.2,59.2,,,8.9,,1004.0,
17910,Karwar(Uttar Kannad),Kumta,Arecanut,Cqca,FAQ,13099,26089,23589,2024-05-06,2024-05-06,30.8,27.8,34.1,0.0,,,14.8,,1007.7,
17914,Karwar(Uttar Kannad),Kumta,Arecanut,Cqca,FAQ,13109,26590,24379,2024-05-22,2024-05-22,30.9,23.1,33.4,5.6,,,15.2,,1002.2,
17915,Karwar(Uttar Kannad),Kumta,Arecanut,Cqca,FAQ,13170,29090,28769,2022-05-13,2022-05-13,28.1,25.5,31.5,8.6,,,13.2,,1004.6,
17916,Karwar(Uttar Kannad),Kumta,Arecanut,Cqca,FAQ,13189,25019,23829,2024-05-08,2024-05-08,30.8,26.2,35.4,0.0,,,16.2,,1007.8,
17922,Karwar(Uttar Kannad),Kumta,Arecanut,Cqca,FAQ,13509,27599,25369,2024-05-24,2024-05-24,29.6,22.4,33.7,0.3,,,19.5,,1001.7,
17929,Karwar(Uttar Kannad),Kumta,Arecanut,Cqca,FAQ,13569,27019,25979,2024-05-13,2024-05-13,31.2,26.4,36.3,0.1,,,12.4,,1006.7,
17930,Karwar(Uttar Kannad),Kumta,Arecanut,Cqca,FAQ,13569,27099,24879,2024-05-27,2024-05-27,29.6,25.0,32.5,0.0,,,16.7,,1004.3,
17934,Karwar(Uttar Kannad),Kumta,Arecanut,Cqca,FAQ,13711,29199,26879,2024-05-23,2024-05-23,28.4,25.4,34.1,0.0,,,14.3,,1002.0,
17942,Karwar(Uttar Kannad),Kumta,Arecanut,Cqca,FAQ,14019,26019,24369,2024-05-17,2024-05-17,30.2,23.4,33.8,0.0,,,10.0,,1006.5,
17947,Karwar(Uttar Kannad),Kumta,Arecanut,Cqca,FAQ,14069,26999,24369,2024-05-29,2024-05-29,30.2,25.5,33.2,0.0,,,12.6,,1004.4,
17951,Karwar(Uttar Kannad),Kumta,Arecanut,Cqca,FAQ,14089,25999,22789,2024-05-31,2024-05-31,30.7,26.6,34.3,1.3,,,13.0,,1005.5,
17952,Karwar(Uttar Kannad),Kumta,Arecanut,Cqca,FAQ,14089,26089,24519,2024-05-15,2024-05-15,30.6,25.8,34.0,0.9,,,11.8,,1007.5,
17962,Karwar(Uttar Kannad),Kumta,Arecanut,Cqca,FAQ,14222,28170,27579,2022-05-26,2022-05-26,,,,,,,,,,
17973,Karwar(Uttar Kannad),Kumta,Arecanut,Cqca,FAQ,14589,31989,30579,2023-05-24,2023-05-24,31.6,26.5,33.7,0.0,,,11.3,,1010.6,
17981,Karwar(Uttar Kannad),Kumta,Arecanut,Cqca,FAQ,15069,28679,25649,2024-05-09,2024-05-09,30.8,26.4,35.7,0.0,,,15.9,,1007.2,
17994,Karwar(Uttar Kannad),Kumta,Arecanut,Cqca,FAQ,15109,28609,27759,2022-05-19,2022-05-19,24.7,22.6,30.4,5.6,,,20.8,,1004.3,
18050,Karwar(Uttar Kannad),Kumta,Arecanut,Cqca,FAQ,16189,29099,28549,2022-05-23,2022-05-23,29.4,26.4,32.3,6.1,,,8.5,,1004.7,
18114,Karwar(Uttar Kannad),Kumta,Arecanut,Cqca,FAQ,17099,30189,29419,2023-05-04,2023-05-04,29.4,26.1,32.7,0.1,,,15.8,,1008.8,
18127,Karwar(Uttar Kannad),Kumta,Arecanut,Cqca,FAQ,17230,17230,17230,2022-05-12,2022-05-12,26.8,23.1,31.8,89.4,,,8.9,,1005.3,
18174,Karwar(Uttar Kannad),Kumta,Arecanut,Cqca,FAQ,18019,28889,28369,2022-05-25,2022-05-25,28.8,26.7,32.8,1.3,,,6.9,,1007.9,
18176,Karwar(Uttar Kannad),Kumta,Arecanut,Cqca,FAQ,18019,28969,28179,2022-05-09,2022-05-09,29.5,26.1,32.9,0.0,,,17.6,,1003.6,
18181,Karwar(Uttar Kannad),Kumta,Arecanut,Cqca,FAQ,18019,29999,29349,2022-05-11,2022-05-11,27.7,23.6,30.0,17.2,,,10.0,,1005.1,
18193,Karwar(Uttar Kannad),Kumta,Arecanut,Cqca,FAQ,18089,28889,28269,2022-05-27,2022-05-27,27.3,,33.0,2.0,,,,,,
18210,Karwar(Uttar Kannad),Kumta,Arecanut,Cqca,FAQ,18099,29699,27500,2022-05-04,2022-05-04,29.8,28.0,34.7,0.5,,,14.0,,1006.9,
18218,Karwar(Uttar Kannad),Kumta,Arecanut,Cqca,FAQ,18169,29869,28919,2022-05-20,2022-05-20,23.0,20.3,28.7,72.4,,,8.1,,1007.0,
18223,Karwar(Uttar Kannad),Kumta,Arecanut,Cqca,FAQ,18189,31699,30729,2023-05-18,2023-05-18,30.3,27.8,33.3,0.0,,,20.0,,1010.5,
18226,Karwar(Uttar Kannad),Kumta,Arecanut,Cqca,FAQ,18300,31199,30649,2023-05-25,2023-05-25,30.3,27.7,32.8,0.6,,,13.5,,1011.1,
18231,Karwar(Uttar Kannad),Kumta,Arecanut,Cqca,FAQ,18509,29089,28549,2022-05-16,2022-05-16,27.6,23.4,32.5,1.5,,,17.4,,1004.5,
18248,Karwar(Uttar Kannad),Kumta,Arecanut,Cqca,FAQ,18679,28609,27839,2022-05-30,2022-05-30,28.4,25.0,32.0,2.0,,,8.8,,1006.5,
18250,Karwar(Uttar Kannad),Kumta,Arecanut,Cqca,FAQ,18699,28609,27899,2022-05-18,2022-05-18,27.9,24.3,30.4,0.5,,,14.7,,1003.3,
18262,Karwar(Uttar Kannad),Kumta,Arecanut,Cqca,FAQ,19019,28889,28279,2022-05-06,2022-05-06,28.1,23.4,33.1,0.5,,,10.4,,1006.4,
18301,Karwar(Uttar Kannad),Kumta,Arecanut,Cqca,FAQ,19509,30099,28769,2023-05-12,2023-05-12,30.3,26.9,33.6,4.1,,,14.3,,1008.4,
18321,Karwar(Uttar Kannad),Kumta,Arecanut,Cqca,FAQ,19999,31019,30369,2023-05-05,2023-05-05,29.6,26.3,33.0,0.1,,,15.5,,1007.7,
18324,Karwar(Uttar Kannad),Kumta,Arecanut,Cqca,FAQ,20009,30790,29459,2023-05-03,2023-05-03,29.7,26.7,32.7,1.5,,,18.8,,1009.3,
18337,Karwar(Uttar Kannad),Kumta,Arecanut,Cqca,FAQ,20109,30099,28879,2023-05-15,2023-05-15,30.1,28.6,33.0,0.0,,,15.5,,1009.3,
18340,Karwar(Uttar Kannad),Kumta,Arecanut,Cqca,FAQ,20109,31019,30529,2023-05-19,2023-05-19,30.3,27.8,33.0,0.0,,,16.3,,1009.8,
18361,Karwar(Uttar Kannad),Kumta,Arecanut,Cqca,FAQ,20169,29999,28469,2023-05-08,2023-05-08,29.9,27.8,33.0,1.3,,,20.0,,1007.3,
18364,Karwar(Uttar Kannad),Kumta,Arecanut,Cqca,FAQ,20169,30599,29749,2023-05-17,2023-05-17,29.9,26.0,33.8,0.0,,,23.2,,1009.0,
18376,Karwar(Uttar Kannad),Kumta,Arecanut,Cqca,FAQ,20169,32499,31569,2023-05-31,2023-05-31,30.3,28.0,33.0,6.7,,,11.3,,1008.1,
18388,Karwar(Uttar Kannad),Kumta,Arecanut,Cqca,FAQ,20189,31089,30549,2023-05-22,2023-05-22,31.1,25.0,33.5,0.8,,,15.5,,1010.0,
18389,Karwar(Uttar Kannad),Kumta,Arecanut,Cqca,FAQ,20189,31999,30569,2023-05-29,2023-05-29,31.9,26.6,33.8,0.0,,,21.2,,1007.7,
18430,Karwar(Uttar Kannad),Kumta,Arecanut,Cqca,FAQ,21089,31599,30649,2023-05-26,2023-05-26,30.8,28.6,33.4,0.0,,,15.3,,1011.4,
18508,Karwar(Uttar Kannad),Kumta,Arecanut,Cqca,FAQ,23299,29699,27819,2023-05-11,2023-05-11,29.5,26.5,33.2,5.8,,,14.0,,1007.9,
18514,Karwar(Uttar Kannad),Kumta,Arecanut,Cqca,FAQ,25099,29309,28869,2022-05-05,2022-05-05,27.3,22.4,34.7,61.7,,,13.8,,1006.8,
18573,Karwar(Uttar Kannad),Kumta,Arecanut,Factory,FAQ,4039,25429,21879,2025-05-05,2025-05-05,30.1,25.8,33.2,0.0,,,14.7,,1007.2,
18575,Karwar(Uttar Kannad),Kumta,Arecanut,Factory,FAQ,4079,25699,23799,2025-05-07,2025-05-07,30.6,27.8,33.7,0.5,,,19.7,,1007.5,
18588,Karwar(Uttar Kannad),Kumta,Arecanut,Factory,FAQ,5089,25800,21659,2025-05-30,2025-05-30,29.5,23.6,30.4,128.0,,,18.9,,1004.6,
18638,Karwar(Uttar Kannad),Kumta,Arecanut,Factory,FAQ,6099,25001,23819,2025-05-02,2025-05-02,30.5,27.1,33.8,0.0,,,11.2,,1008.6,
18641,Karwar(Uttar Kannad),Kumta,Arecanut,Factory,FAQ,6099,25649,22459,2025-05-26,2025-05-26,26.8,23.1,30.0,72.9,,,26.2,,1004.6,
18642,Karwar(Uttar Kannad),Kumta,Arecanut,Factory,FAQ,6099,25749,24799,2025-05-28,2025-05-28,25.2,22.6,27.2,56.9,,,23.0,,1004.2,
18688,Karwar(Uttar Kannad),Kumta,Arecanut,Factory,FAQ,8099,19569,18969,2022-05-09,2022-05-09,29.5,26.1,32.9,0.0,,,17.6,,1003.6,
18726,Karwar(Uttar Kannad),Kumta,Arecanut,Factory,FAQ,9100,20699,20189,2022-05-13,2022-05-13,28.1,25.5,31.5,8.6,,,13.2,,1004.6,
18760,Karwar(Uttar Kannad),Kumta,Arecanut,Factory,FAQ,10109,20872,20349,2022-05-18,2022-05-18,27.9,24.3,30.4,0.5,,,14.7,,1003.3,
18763,Karwar(Uttar Kannad),Kumta,Arecanut,Factory,FAQ,10160,19529,18879,2022-05-25,2022-05-25,28.8,26.7,32.8,1.3,,,6.9,,1007.9,
18778,Karwar(Uttar Kannad),Kumta,Arecanut,Factory,FAQ,10169,19929,19269,2022-05-30,2022-05-30,28.4,25.0,32.0,2.0,,,8.8,,1006.5,
18782,Karwar(Uttar Kannad),Kumta,Arecanut,Factory,FAQ,10169,20169,19689,2022-05-06,2022-05-06,28.1,23.4,33.1,0.5,,,10.4,,1006.4,
18785,Karwar(Uttar Kannad),Kumta,Arecanut,Factory,FAQ,10169,20299,19869,2022-05-11,2022-05-11,27.7,23.6,30.0,17.2,,,10.0,,1005.1,
18788,Karwar(Uttar Kannad),Kumta,Arecanut,Factory,FAQ,10169,20801,19869,2022-05-20,2022-05-20,23.0,20.3,28.7,72.4,,,8.1,,1007.0,
18792,Karwar(Uttar Kannad),Kumta,Arecanut,Factory,FAQ,10169,21299,20789,2022-05-16,2022-05-16,27.6,23.4,32.5,1.5,,,17.4,,1004.5,
18802,Karwar(Uttar Kannad),Kumta,Arecanut,Factory,FAQ,10179,20299,19555,2022-05-04,2022-05-04,29.8,28.0,34.7,0.5,,,14.0,,1006.9,
18806,Karwar(Uttar Kannad),Kumta,Arecanut,Factory,FAQ,10189,19399,18979,2022-05-23,2022-05-23,29.4,26.4,32.3,6.1,,,8.5,,1004.7,
18809,Karwar(Uttar Kannad),Kumta,Arecanut,Factory,FAQ,10189,19699,18949,2022-05-27,2022-05-27,27.3,,33.0,2.0,,,,,,
18828,Karwar(Uttar Kannad),Kumta,Arecanut,Factory,FAQ,10509,20949,18899,2024-05-22,2024-05-22,30.9,23.1,33.4,5.6,,,15.2,,1002.2,
18856,Karwar(Uttar Kannad),Kumta,Arecanut,Factory,FAQ,11019,19969,18369,2024-05-31,2024-05-31,30.7,26.6,34.3,1.3,,,13.0,,1005.5,
18859,Karwar(Uttar Kannad),Kumta,Arecanut,Factory,FAQ,11019,20529,19869,2024-05-06,2024-05-06,30.8,27.8,34.1,0.0,,,14.8,,1007.7,
18890,Karwar(Uttar Kannad),Kumta,Arecanut,Factory,FAQ,11169,20639,19189,2024-05-24,2024-05-24,29.6,22.4,33.7,0.3,,,19.5,,1001.7,
18914,Karwar(Uttar Kannad),Kumta,Arecanut,Factory,FAQ,11509,20829,19369,2024-05-08,2024-05-08,30.8,26.2,35.4,0.0,,,16.2,,1007.8,
18915,Karwar(Uttar Kannad),Kumta,Arecanut,Factory,FAQ,11509,20829,19369,2024-05-20,2024-05-20,27.4,20.9,31.2,59.2,,,8.9,,1004.0,
18916,Karwar(Uttar Kannad),Kumta,Arecanut,Factory,FAQ,11509,20829,19769,2024-05-29,2024-05-29,30.2,25.5,33.2,0.0,,,12.6,,1004.4,
18917,Karwar(Uttar Kannad),Kumta,Arecanut,Factory,FAQ,11509,20829,19809,2024-05-27,2024-05-27,29.6,25.0,32.5,0.0,,,16.7,,1004.3,
18922,Karwar(Uttar Kannad),Kumta,Arecanut,Factory,FAQ,11509,21249,19399,2024-05-15,2024-05-15,30.6,25.8,34.0,0.9,,,11.8,,1007.5,
18923,Karwar(Uttar Kannad),Kumta,Arecanut,Factory,FAQ,11509,21259,19869,2024-05-13,2024-05-13,31.2,26.4,36.3,0.1,,,12.4,,1006.7,
18926,Karwar(Uttar Kannad),Kumta,Arecanut,Factory,FAQ,11509,21469,19869,2024-05-03,2024-05-03,29.9,25.4,34.2,0.0,,,10.6,,1007.5,
18938,Karwar(Uttar Kannad),Kumta,Arecanut,Factory,FAQ,11569,20829,18989,2024-05-17,2024-05-17,30.2,23.4,33.8,0.0,,,10.0,,1006.5,
18973,Karwar(Uttar Kannad),Kumta,Arecanut,Factory,FAQ,12019,23311,22459,2023-05-15,2023-05-15,30.1,28.6,33.0,0.0,,,15.5,,1009.3,
18974,Karwar(Uttar Kannad),Kumta,Arecanut,Factory,FAQ,12019,23699,22719,2023-05-22,2023-05-22,31.1,25.0,33.5,0.8,,,15.5,,1010.0,
18983,Karwar(Uttar Kannad),Kumta,Arecanut,Factory,FAQ,12089,22069,21649,2023-05-05,2023-05-05,29.6,26.3,33.0,0.1,,,15.5,,1007.7,
18984,Karwar(Uttar Kannad),Kumta,Arecanut,Factory,FAQ,12089,22699,21819,2023-05-08,2023-05-08,29.9,27.8,33.0,1.3,,,20.0,,1007.3,
19001,Karwar(Uttar Kannad),Kumta,Arecanut,Factory,FAQ,12509,22779,21359,2023-05-12,2023-05-12,30.3,26.9,33.6,4.1,,,14.3,,1008.4,
19009,Karwar(Uttar Kannad),Kumta,Arecanut,Factory,FAQ,12600,21311,20869,2023-05-03,2023-05-03,29.7,26.7,32.7,1.5,,,18.8,,1009.3,
19114,Karwar(Uttar Kannad),Kumta,Arecanut,Factory,FAQ,14019,23699,22329,2023-05-17,2023-05-17,29.9,26.0,33.8,0.0,,,23.2,,1009.0,
19115,Karwar(Uttar Kannad),Kumta,Arecanut,Factory,FAQ,14019,23899,23149,2023-05-19,2023-05-19,30.3,27.8,33.0,0.0,,,16.3,,1009.8,
19143,Karwar(Uttar Kannad),Kumta,Arecanut,Factory,FAQ,14509,22309,21529,2023-05-31,2023-05-31,30.3,28.0,33.0,6.7,,,11.3,,1008.1,
19153,Karwar(Uttar Kannad),Kumta,Arecanut,Factory,FAQ,14509,23411,22719,2023-05-26,2023-05-26,30.8,28.6,33.4,0.0,,,15.3,,1011.4,
19160,Karwar(Uttar Kannad),Kumta,Arecanut,Factory,FAQ,14589,23179,22429,2023-05-29,2023-05-29,31.9,26.6,33.8,0.0,,,21.2,,1007.7,
19161,Karwar(Uttar Kannad),Kumta,Arecanut,Factory,FAQ,14589,23599,22319,2023-05-24,2023-05-24,31.6,26.5,33.7,0.0,,,11.3,,1010.6,
19223,Karwar(Uttar Kannad),Kumta,Arecanut,Factory,FAQ,24199,25369,24599,2025-05-09,2025-05-09,29.8,25.0,33.2,0.0,,,9.3,,1008.5,
19424,Karwar(Uttar Kannad),Kumta,Arecanut,Ripe,FAQ,24569,27019,26809,2020-05-08,2020-05-08,,,,,,,,,,
19427,Karwar(Uttar Kannad),Kumta,Arecanut,Ripe,FAQ,24849,27399,27019,2020-05-07,2020-05-07,,,,,,,,,,
19430,Karwar(Uttar Kannad),Kumta,Arecanut,Ripe,FAQ,24906,28559,28219,2020-05-28,2020-05-28,,,,,,,,,,
19438,Karwar(Uttar Kannad),Kumta,Arecanut,Ripe,FAQ,25099,27569,27189,2020-05-11,2020-05-11,32.9,24.2,35.8,12.7,,,,,,
19439,Karwar(Uttar Kannad),Kumta,Arecanut,Ripe,FAQ,25099,28119,27989,2020-05-06,2020-05-06,,,,,,,,,,
19443,Karwar(Uttar Kannad),Kumta,Arecanut,Ripe,FAQ,25269,28099,27819,2020-05-27,2020-05-27,,,,,,,,,,
19452,Karwar(Uttar Kannad),Kumta,Arecanut,Ripe,FAQ,25600,29009,28799,2020-05-14,2020-05-14,,,,,,,,,,
19458,Karwar(Uttar Kannad),Kumta,Arecanut,Ripe,FAQ,25869,28569,28219,2020-05-29,2020-05-29,,,,,,,,,,
19464,Karwar(Uttar Kannad),Kumta,Arecanut,Ripe,FAQ,26089,31009,28849,2020-05-04,2020-05-04,29.1,26.0,33.7,1.0,,,,,,
19471,Karwar(Uttar Kannad),Kumta,Arecanut,Ripe,FAQ,26500,29711,29459,2020-05-21,2020-05-21,,,,,,,,,,
19476,Karwar(Uttar Kannad),Kumta,Arecanut,Ripe,FAQ,26599,31009,30109,2020-05-05,2020-05-05,29.1,28.0,32.0,0.0,,,,,,
19479,Karwar(Uttar Kannad),Kumta,Arecanut,Ripe,FAQ,27000,27000,27000,2020-05-13,2020-05-13,30.4,27.3,33.6,0.0,,,,,,
19480,Karwar(Uttar Kannad),Kumta,Arecanut,Ripe,FAQ,27000,27500,27445,2020-05-30,2020-05-30,29.6,26.0,33.8,3.6,,,,,,
19492,Karwar(Uttar Kannad),Kumta,Arecanut,Ripe,FAQ,27600,28000,27896,2020-05-18,2020-05-18,,,,,,,,,,
19497,Karwar(Uttar Kannad),Kumta,Arecanut,Ripe,FAQ,28000,28000,28000,2020-05-20,2020-05-20,,,,,,,,,,
19565,Karwar(Uttar Kannad),Kumta,Arecanut,Ripe,FAQ,30000,42999,40539,2025-05-15,2025-05-15,29.0,26.4,33.2,1.1,,,7.5,,1007.4,
19602,Karwar(Uttar Kannad),Kumta,Arecanut,Ripe,FAQ,30289,42099,40389,2025-05-19,2025-05-19,29.9,25.6,32.6,1.0,,,8.3,,1004.6,
19663,Karwar(Uttar Kannad),Kumta,Arecanut,Ripe,FAQ,31099,35609,34569,2024-05-27,2024-05-27,29.6,25.0,32.5,0.0,,,16.7,,1004.3,
19664,Karwar(Uttar Kannad),Kumta,Arecanut,Ripe,FAQ,31109,35409,34219,2024-05-02,2024-05-02,30.6,27.0,34.7,0.0,,,11.5,,1006.2,
19681,Karwar(Uttar Kannad),Kumta,Arecanut,Ripe,FAQ,31619,36411,35269,2024-05-30,2024-05-30,29.7,27.4,33.2,9.2,,,14.0,,1005.1,
19696,Karwar(Uttar Kannad),Kumta,Arecanut,Ripe,FAQ,31934,42899,39849,2025-05-22,2025-05-22,26.1,22.9,28.0,95.8,,,17.9,,1005.9,
19701,Karwar(Uttar Kannad),Kumta,Arecanut,Ripe,FAQ,32009,35509,34389,2024-05-29,2024-05-29,30.2,25.5,33.2,0.0,,,12.6,,1004.4,
19720,Karwar(Uttar Kannad),Kumta,Arecanut,Ripe,FAQ,32209,43599,40759,2025-05-08,2025-05-08,30.2,26.4,33.6,0.4,,,13.2,,1007.8,
19725,Karwar(Uttar Kannad),Kumta,Arecanut,Ripe,FAQ,32269,35699,34329,2024-05-31,2024-05-31,30.7,26.6,34.3,1.3,,,13.0,,1005.5,
19728,Karwar(Uttar Kannad),Kumta,Arecanut,Ripe,FAQ,32300,37679,36199,2024-05-09,2024-05-09,30.8,26.4,35.7,0.0,,,15.9,,1007.2,
19744,Karwar(Uttar Kannad),Kumta,Arecanut,Ripe,FAQ,32589,42500,39729,2025-05-21,2025-05-21,24.7,23.6,28.8,13.2,,,18.3,,1005.3,
19749,Karwar(Uttar Kannad),Kumta,Arecanut,Ripe,FAQ,32669,36099,34329,2024-05-23,2024-05-23,28.4,25.4,34.1,0.0,,,14.3,,1002.0,
19765,Karwar(Uttar Kannad),Kumta,Arecanut,Ripe,FAQ,32899,37099,35769,2024-05-22,2024-05-22,30.9,23.1,33.4,5.6,,,15.2,,1002.2,
19767,Karwar(Uttar Kannad),Kumta,Arecanut,Ripe,FAQ,32919,41559,37879,2025-05-12,2025-05-12,29.5,26.5,33.4,0.5,,,11.5,,1006.6,
19771,Karwar(Uttar Kannad),Kumta,Arecanut,Ripe,FAQ,32999,36509,34629,2024-05-24,2024-05-24,29.6,22.4,33.7,0.3,,,19.5,,1001.7,
19778,Karwar(Uttar Kannad),Kumta,Arecanut,Ripe,FAQ,33069,35709,34389,2024-05-03,2024-05-03,29.9,25.4,34.2,0.0,,,10.6,,1007.5,
19783,Karwar(Uttar Kannad),Kumta,Arecanut,Ripe,FAQ,33089,42529,40369,2025-05-23,2025-05-23,26.1,23.5,31.4,55.1,,,32.5,,1002.7,
19819,Karwar(Uttar Kannad),Kumta,Arecanut,Ripe,FAQ,33569,36749,34899,2024-05-06,2024-05-06,30.8,27.8,34.1,0.0,,,14.8,,1007.7,
19830,Karwar(Uttar Kannad),Kumta,Arecanut,Ripe,FAQ,33759,36559,35749,2023-05-04,2023-05-04,29.4,26.1,32.7,0.1,,,15.8,,1008.8,
19833,Karwar(Uttar Kannad),Kumta,Arecanut,Ripe,FAQ,33789,39119,38549,2022-05-05,2022-05-05,27.3,22.4,34.7,61.7,,,13.8,,1006.8,
19838,Karwar(Uttar Kannad),Kumta,Arecanut,Ripe,FAQ,33899,36439,35029,2023-05-03,2023-05-03,29.7,26.7,32.7,1.5,,,18.8,,1009.3,
19843,Karwar(Uttar Kannad),Kumta,Arecanut,Ripe,FAQ,33999,37419,35769,2024-05-08,2024-05-08,30.8,26.2,35.4,0.0,,,16.2,,1007.8,
19844,Karwar(Uttar Kannad),Kumta,Arecanut,Ripe,FAQ,33999,37599,36329,2024-05-20,2024-05-20,27.4,20.9,31.2,59.2,,,8.9,,1004.0,
19846,Karwar(Uttar Kannad),Kumta,Arecanut,Ripe,FAQ,34000,38369,37819,2022-05-26,2022-05-26,,,,,,,,,,
19856,Karwar(Uttar Kannad),Kumta,Arecanut,Ripe,FAQ,34069,39299,38769,2022-05-13,2022-05-13,28.1,25.5,31.5,8.6,,,13.2,,1004.6,
19883,Karwar(Uttar Kannad),Kumta,Arecanut,Ripe,FAQ,34343,37500,36439,2024-05-16,2024-05-16,28.9,21.0,35.7,18.8,,,11.1,,1007.7,
19898,Karwar(Uttar Kannad),Kumta,Arecanut,Ripe,FAQ,34600,44299,41879,2025-05-29,2025-05-29,25.3,22.7,28.5,97.0,,,19.9,,1003.3,
19901,Karwar(Uttar Kannad),Kumta,Arecanut,Ripe,FAQ,34699,37529,36289,2024-05-17,2024-05-17,30.2,23.4,33.8,0.0,,,10.0,,1006.5,
19906,Karwar(Uttar Kannad),Kumta,Arecanut,Ripe,FAQ,34896,37079,36549,2023-05-11,2023-05-11,29.5,26.5,33.2,5.8,,,14.0,,1007.9,
19908,Karwar(Uttar Kannad),Kumta,Arecanut,Ripe,FAQ,34899,36499,35719,2023-05-05,2023-05-05,29.6,26.3,33.0,0.1,,,15.5,,1007.7,
19910,Karwar(Uttar Kannad),Kumta,Arecanut,Ripe,FAQ,34999,37399,36479,2024-05-15,2024-05-15,30.6,25.8,34.0,0.9,,,11.8,,1007.5,
19911,Karwar(Uttar Kannad),Kumta,Arecanut,Ripe,FAQ,34999,37799,36499,2024-05-13,2024-05-13,31.2,26.4,36.3,0.1,,,12.4,,1006.7,
19914,Karwar(Uttar Kannad),Kumta,Arecanut,Ripe,FAQ,35019,38399,37949,2022-05-30,2022-05-30,28.4,25.0,32.0,2.0,,,8.8,,1006.5,
19915,Karwar(Uttar Kannad),Kumta,Arecanut,Ripe,FAQ,35019,39300,38749,2022-05-09,2022-05-09,29.5,26.1,32.9,0.0,,,17.6,,1003.6,
19918,Karwar(Uttar Kannad),Kumta,Arecanut,Ripe,FAQ,35089,36599,36049,2023-05-08,2023-05-08,29.9,27.8,33.0,1.3,,,20.0,,1007.3,
19923,Karwar(Uttar Kannad),Kumta,Arecanut,Ripe,FAQ,35099,38899,38379,2022-05-11,2022-05-11,27.7,23.6,30.0,17.2,,,10.0,,1005.1,
19926,Karwar(Uttar Kannad),Kumta,Arecanut,Ripe,FAQ,35109,38599,37989,2022-05-25,2022-05-25,28.8,26.7,32.8,1.3,,,6.9,,1007.9,
19927,Karwar(Uttar Kannad),Kumta,Arecanut,Ripe,FAQ,35109,39029,38729,2022-05-18,2022-05-18,27.9,24.3,30.4,0.5,,,14.7,,1003.3,
19938,Karwar(Uttar Kannad),Kumta,Arecanut,Ripe,FAQ,35199,38399,37819,2022-05-23,2022-05-23,29.4,26.4,32.3,6.1,,,8.5,,1004.7,
19939,Karwar(Uttar Kannad),Kumta,Arecanut,Ripe,FAQ,35199,38609,38089,2022-05-27,2022-05-27,27.3,,33.0,2.0,,,,,,
19940,Karwar(Uttar Kannad),Kumta,Arecanut,Ripe,FAQ,35209,37639,36879,2023-05-24,2023-05-24,31.6,26.5,33.7,0.0,,,11.3,,1010.6,
19941,Karwar(Uttar Kannad),Kumta,Arecanut,Ripe,FAQ,35219,38069,37519,2023-05-25,2023-05-25,30.3,27.7,32.8,0.6,,,13.5,,1011.1,
19948,Karwar(Uttar Kannad),Kumta,Arecanut,Ripe,FAQ,35399,37419,36749,2023-05-29,2023-05-29,31.9,26.6,33.8,0.0,,,21.2,,1007.7,
19949,Karwar(Uttar Kannad),Kumta,Arecanut,Ripe,FAQ,35401,38669,38249,2022-05-19,2022-05-19,24.7,22.6,30.4,5.6,,,20.8,,1004.3,
19959,Karwar(Uttar Kannad),Kumta,Arecanut,Ripe,FAQ,35569,40099,38500,2022-05-04,2022-05-04,29.8,28.0,34.7,0.5,,,14.0,,1006.9,
19960,Karwar(Uttar Kannad),Kumta,Arecanut,Ripe,FAQ,35599,37449,36619,2023-05-31,2023-05-31,30.3,28.0,33.0,6.7,,,11.3,,1008.1,
19961,Karwar(Uttar Kannad),Kumta,Arecanut,Ripe,FAQ,35599,37601,36729,2023-05-15,2023-05-15,30.1,28.6,33.0,0.0,,,15.5,,1009.3,
19963,Karwar(Uttar Kannad),Kumta,Arecanut,Ripe,FAQ,35599,37729,36989,2023-05-22,2023-05-22,31.1,25.0,33.5,0.8,,,15.5,,1010.0,
19964,Karwar(Uttar Kannad),Kumta,Arecanut,Ripe,FAQ,35599,38609,37829,2022-05-20,2022-05-20,23.0,20.3,28.7,72.4,,,8.1,,1007.0,
19966,Karwar(Uttar Kannad),Kumta,Arecanut,Ripe,FAQ,35599,38839,38269,2022-05-06,2022-05-06,28.1,23.4,33.1,0.5,,,10.4,,1006.4,
19979,Karwar(Uttar Kannad),Kumta,Arecanut,Ripe,FAQ,35699,39019,38619,2022-05-16,2022-05-16,27.6,23.4,32.5,1.5,,,17.4,,1004.5,
19984,Karwar(Uttar Kannad),Kumta,Arecanut,Ripe,FAQ,35699,42129,40159,2025-05-16,2025-05-16,28.9,26.8,31.8,3.5,,,10.4,,1007.3,
19985,Karwar(Uttar Kannad),Kumta,Arecanut,Ripe,FAQ,35701,37799,36789,2023-05-18,2023-05-18,30.3,27.8,33.3,0.0,,,20.0,,1010.5,
19990,Karwar(Uttar Kannad),Kumta,Arecanut,Ripe,FAQ,35889,37519,36869,2023-05-26,2023-05-26,30.8,28.6,33.4,0.0,,,15.3,,1011.4,
19992,Karwar(Uttar Kannad),Kumta,Arecanut,Ripe,FAQ,35899,37699,36749,2023-05-17,2023-05-17,29.9,26.0,33.8,0.0,,,23.2,,1009.0,
20003,Karwar(Uttar Kannad),Kumta,Arecanut,Ripe,FAQ,36000,37699,36979,2023-05-19,2023-05-19,30.3,27.8,33.0,0.0,,,16.3,,1009.8,
20004,Karwar(Uttar Kannad),Kumta,Arecanut,Ripe,FAQ,36000,39169,38789,2022-05-12,2022-05-12,26.8,23.1,31.8,89.4,,,8.9,,1005.3,
20005,Karwar(Uttar Kannad),Kumta,Arecanut,Ripe,FAQ,36009,37099,36819,2023-05-12,2023-05-12,30.3,26.9,33.6,4.1,,,14.3,,1008.4,
20013,Karwar(Uttar Kannad),Kumta,Arecanut,Ripe,FAQ,36033,43599,41719,2025-05-09,2025-05-09,29.8,25.0,33.2,0.0,,,9.3,,1008.5,
20074,Karwar(Uttar Kannad),Kumta,Arecanut,Ripe,FAQ,36710,43699,42389,2025-05-07,2025-05-07,30.6,27.8,33.7,0.5,,,19.7,,1007.5,
20111,Karwar(Uttar Kannad),Kumta,Arecanut,Ripe,FAQ,37119,44999,42759,2025-05-30,2025-05-30,29.5,23.6,30.4,128.0,,,18.9,,1004.6,
20145,Karwar(Uttar Kannad),Kumta,Arecanut,Ripe,FAQ,37569,44599,42899,2025-05-26,2025-05-26,26.8,23.1,30.0,72.9,,,26.2,,1004.6,
20157,Karwar(Uttar Kannad),Kumta,Arecanut,Ripe,FAQ,37699,44599,42359,2025-05-28,2025-05-28,25.2,22.6,27.2,56.9,,,23.0,,1004.2,
20210,Karwar(Uttar Kannad),Kumta,Arecanut,Ripe,FAQ,38869,43999,40749,2025-05-05,2025-05-05,30.1,25.8,33.2,0.0,,,14.7,,1007.2,
20211,Karwar(Uttar Kannad),Kumta,Arecanut,Ripe,FAQ,38869,44149,43099,2025-05-02,2025-05-02,30.5,27.1,33.8,0.0,,,11.2,,1008.6,
20233,Karwar(Uttar Kannad),Kumta,Arecanut,Ripe,FAQ,39599,40899,39799,2025-05-14,2025-05-14,28.7,25.9,32.8,6.8,,,10.1,,1007.4,
16384,Karwar(Uttar Kannad),Kumta,Arecanut,Bette,FAQ,33300,37109,36729,2024-05-29,2024-05-29,30.2,25.5,33.2,0.0,,,12.6,,1004.4,
16391,Karwar(Uttar Kannad),Kumta,Arecanut,Bette,FAQ,36839,41211,40369,2024-05-22,2024-05-22,30.9,23.1,33.4,5.6,,,15.2,,1002.2,
16396,Karwar(Uttar Kannad),Kumta,Arecanut,Bette,FAQ,38099,40099,39579,2024-05-08,2024-05-08,30.8,26.2,35.4,0.0,,,16.2,,1007.8,
16490,Karwar(Uttar Kannad),Kumta,Arecanut,Chali,FAQ,32699,43098,42429,2025-05-08,2025-05-08,30.2,26.4,33.6,0.4,,,13.2,,1007.8,
16514,Karwar(Uttar Kannad),Kumta,Arecanut,Chali,FAQ,34199,42499,40679,2025-05-12,2025-05-12,29.5,26.5,33.4,0.5,,,11.5,,1006.6,
16516,Karwar(Uttar Kannad),Kumta,Arecanut,Chali,FAQ,35269,42698,39679,2025-05-15,2025-05-15,29.0,26.4,33.2,1.1,,,7.5,,1007.4,
16519,Karwar(Uttar Kannad),Kumta,Arecanut,Chali,FAQ,35350,43000,40749,2025-05-22,2025-05-22,26.1,22.9,28.0,95.8,,,17.9,,1005.9,
16520,Karwar(Uttar Kannad),Kumta,Arecanut,Chali,FAQ,36600,43598,40759,2025-05-29,2025-05-29,25.3,22.7,28.5,97.0,,,19.9,,1003.3,
16523,Karwar(Uttar Kannad),Kumta,Arecanut,Chali,FAQ,37729,42129,40679,2025-05-14,2025-05-14,28.7,25.9,32.8,6.8,,,10.1,,1007.4,
16530,Karwar(Uttar Kannad),Kumta,Arecanut,Chali,FAQ,38569,43098,41359,2025-05-09,2025-05-09,29.8,25.0,33.2,0.0,,,9.3,,1008.5,
16534,Karwar(Uttar Kannad),Kumta,Arecanut,Chali,FAQ,38899,43699,41789,2025-05-28,2025-05-28,25.2,22.6,27.2,56.9,,,23.0,,1004.2,
16538,Karwar(Uttar Kannad),Kumta,Arecanut,Chali,FAQ,38999,43898,40839,2025-05-26,2025-05-26,26.8,23.1,30.0,72.9,,,26.2,,1004.6,
16542,Karwar(Uttar Kannad),Kumta,Arecanut,Chali,FAQ,39099,43598,41299,2025-05-30,2025-05-30,29.5,23.6,30.4,128.0,,,18.9,,1004.6,
16548,Karwar(Uttar Kannad),Kumta,Arecanut,Chali,FAQ,39999,41599,40639,2025-05-19,2025-05-19,29.9,25.6,32.6,1.0,,,8.3,,1004.6,
16549,Karwar(Uttar Kannad),Kumta,Arecanut,Chali,FAQ,39999,44098,42389,2025-05-02,2025-05-02,30.5,27.1,33.8,0.0,,,11.2,,1008.6,
16550,Karwar(Uttar Kannad),Kumta,Arecanut,Chali,FAQ,40008,43498,41859,2025-05-07,2025-05-07,30.6,27.8,33.7,0.5,,,19.7,,1007.5,
16552,Karwar(Uttar Kannad),Kumta,Arecanut,Chali,FAQ,40099,42339,41689,2025-05-05,2025-05-05,30.1,25.8,33.2,0.0,,,14.7,,1007.2,
16554,Karwar(Uttar Kannad),Kumta,Arecanut,Chali,FAQ,40598,42498,41679,2025-05-21,2025-05-21,24.7,23.6,28.8,13.2,,,18.3,,1005.3,
16555,Karwar(Uttar Kannad),Kumta,Arecanut,Chali,FAQ,41499,42699,42139,2025-05-23,2025-05-23,26.1,23.5,31.4,55.1,,,32.5,,1002.7,
16561,Karwar(Uttar Kannad),Kumta,Arecanut,Chippu,FAQ,3099,28099,25489,2025-05-14,2025-05-14,28.7,25.9,32.8,6.8,,,10.1,,1007.4,
16567,Karwar(Uttar Kannad),Kumta,Arecanut,Chippu,FAQ,10100,32600,28979,2025-05-08,2025-05-08,30.2,26.4,33.6,0.4,,,13.2,,1007.8,
16572,Karwar(Uttar Kannad),Kumta,Arecanut,Chippu,FAQ,11199,26919,24549,2025-05-21,2025-05-21,24.7,23.6,28.8,13.2,,,18.3,,1005.3,
16577,Karwar(Uttar Kannad),Kumta,Arecanut,Chippu,FAQ,12099,30279,28179,2025-05-23,2025-05-23,26.1,23.5,31.4,55.1,,,32.5,,1002.7,
16592,Karwar(Uttar Kannad),Kumta,Arecanut,Chippu,FAQ,14509,21099,20369,2020-05-08,2020-05-08,,,,,,,,,,
16614,Karwar(Uttar Kannad),Kumta,Arecanut,Chippu,FAQ,15105,21860,21539,2020-05-14,2020-05-14,,,,,,,,,,
16620,Karwar(Uttar Kannad),Kumta,Arecanut,Chippu,FAQ,15509,22610,21509,2020-05-07,2020-05-07,,,,,,,,,,
16631,Karwar(Uttar Kannad),Kumta,Arecanut,Chippu,FAQ,15699,23270,23049,2020-05-28,2020-05-28,,,,,,,,,,
16639,Karwar(Uttar Kannad),Kumta,Arecanut,Chippu,FAQ,16000,16000,16000,2020-05-18,2020-05-18,,,,,,,,,,
16640,Karwar(Uttar Kannad),Kumta,Arecanut,Chippu,FAQ,16000,16000,16000,2020-05-20,2020-05-20,,,,,,,,,,
16645,Karwar(Uttar Kannad),Kumta,Arecanut,Chippu,FAQ,16069,21669,21279,2020-05-27,2020-05-27,,,,,,,,,,
16660,Karwar(Uttar Kannad),Kumta,Arecanut,Chippu,FAQ,16099,21099,20849,2020-05-06,2020-05-06,,,,,,,,,,
16662,Karwar(Uttar Kannad),Kumta,Arecanut,Chippu,FAQ,16099,21569,21069,2020-05-11,2020-05-11,32.9,24.2,35.8,12.7,,,,,,
16682,Karwar(Uttar Kannad),Kumta,Arecanut,Chippu,FAQ,16509,22019,21649,2020-05-29,2020-05-29,,,,,,,,,,
16705,Karwar(Uttar Kannad),Kumta,Arecanut,Chippu,FAQ,17069,24309,24089,2020-05-21,2020-05-21,,,,,,,,,,
16737,Karwar(Uttar Kannad),Kumta,Arecanut,Chippu,FAQ,17599,22099,21569,2020-05-05,2020-05-05,29.1,28.0,32.0,0.0,,,,,,
16750,Karwar(Uttar Kannad),Kumta,Arecanut,Chippu,FAQ,18099,22509,21719,2020-05-04,2020-05-04,29.1,26.0,33.7,1.0,,,,,,
16766,Karwar(Uttar Kannad),Kumta,Arecanut,Chippu,FAQ,19039,29299,25819,2025-05-19,2025-05-19,29.9,25.6,32.6,1.0,,,8.3,,1004.6,
16785,Karwar(Uttar Kannad),Kumta,Arecanut,Chippu,FAQ,20009,25689,23689,2025-05-16,2025-05-16,28.9,26.8,31.8,3.5,,,10.4,,1007.3,
16798,Karwar(Uttar Kannad),Kumta,Arecanut,Chippu,FAQ,20209,33269,30729,2025-05-15,2025-05-15,29.0,26.4,33.2,1.1,,,7.5,,1007.4,
16814,Karwar(Uttar Kannad),Kumta,Arecanut,Chippu,FAQ,21209,33499,30619,2025-05-22,2025-05-22,26.1,22.9,28.0,95.8,,,17.9,,1005.9,
16837,Karwar(Uttar Kannad),Kumta,Arecanut,Chippu,FAQ,22111,29169,27549,2024-05-02,2024-05-02,30.6,27.0,34.7,0.0,,,11.5,,1006.2,
16849,Karwar(Uttar Kannad),Kumta,Arecanut,Chippu,FAQ,22559,29599,28429,2025-05-12,2025-05-12,29.5,26.5,33.4,0.5,,,11.5,,1006.6,
16850,Karwar(Uttar Kannad),Kumta,Arecanut,Chippu,FAQ,22559,35600,32849,2025-05-29,2025-05-29,25.3,22.7,28.5,97.0,,,19.9,,1003.3,
16859,Karwar(Uttar Kannad),Kumta,Arecanut,Chippu,FAQ,22609,31669,30419,2024-05-30,2024-05-30,29.7,27.4,33.2,9.2,,,14.0,,1005.1,
16862,Karwar(Uttar Kannad),Kumta,Arecanut,Chippu,FAQ,22709,32869,32419,2022-05-05,2022-05-05,27.3,22.4,34.7,61.7,,,13.8,,1006.8,
16935,Karwar(Uttar Kannad),Kumta,Arecanut,Chippu,FAQ,23861,31769,28899,2024-05-16,2024-05-16,28.9,21.0,35.7,18.8,,,11.1,,1007.7,
16993,Karwar(Uttar Kannad),Kumta,Arecanut,Chippu,FAQ,24509,30929,30369,2022-05-26,2022-05-26,,,,,,,,,,
17003,Karwar(Uttar Kannad),Kumta,Arecanut,Chippu,FAQ,24519,31269,30869,2022-05-19,2022-05-19,24.7,22.6,30.4,5.6,,,20.8,,1004.3,
17049,Karwar(Uttar Kannad),Kumta,Arecanut,Chippu,FAQ,25011,32099,30549,2024-05-23,2024-05-23,28.4,25.4,34.1,0.0,,,14.3,,1002.0,
17071,Karwar(Uttar Kannad),Kumta,Arecanut,Chippu,FAQ,25069,29999,27899,2024-05-31,2024-05-31,30.7,26.6,34.3,1.3,,,13.0,,1005.5,
17072,Karwar(Uttar Kannad),Kumta,Arecanut,Chippu,FAQ,25069,30099,28749,2024-05-27,2024-05-27,29.6,25.0,32.5,0.0,,,16.7,,1004.3,
17078,Karwar(Uttar Kannad),Kumta,Arecanut,Chippu,FAQ,25089,30569,29989,2022-05-23,2022-05-23,29.4,26.4,32.3,6.1,,,8.5,,1004.7,
17111,Karwar(Uttar Kannad),Kumta,Arecanut,Chippu,FAQ,25191,31611,29869,2024-05-09,2024-05-09,30.8,26.4,35.7,0.0,,,15.9,,1007.2,
17119,Karwar(Uttar Kannad),Kumta,Arecanut,Chippu,FAQ,25509,30509,29869,2022-05-25,2022-05-25,28.8,26.7,32.8,1.3,,,6.9,,1007.9,
17134,Karwar(Uttar Kannad),Kumta,Arecanut,Chippu,FAQ,25569,30109,29829,2022-05-27,2022-05-27,27.3,,33.0,2.0,,,,,,
17143,Karwar(Uttar Kannad),Kumta,Arecanut,Chippu,FAQ,25609,31119,30879,2022-05-16,2022-05-16,27.6,23.4,32.5,1.5,,,17.4,,1004.5,
17159,Karwar(Uttar Kannad),Kumta,Arecanut,Chippu,FAQ,25699,30099,26369,2024-05-24,2024-05-24,29.6,22.4,33.7,0.3,,,19.5,,1001.7,
17173,Karwar(Uttar Kannad),Kumta,Arecanut,Chippu,FAQ,25869,31099,28979,2025-05-30,2025-05-30,29.5,23.6,30.4,128.0,,,18.9,,1004.6,
17175,Karwar(Uttar Kannad),Kumta,Arecanut,Chippu,FAQ,25899,28899,27239,2024-05-06,2024-05-06,30.8,27.8,34.1,0.0,,,14.8,,1007.7,
17186,Karwar(Uttar Kannad),Kumta,Arecanut,Chippu,FAQ,26019,30399,29869,2022-05-30,2022-05-30,28.4,25.0,32.0,2.0,,,8.8,,1006.5,
17216,Karwar(Uttar Kannad),Kumta,Arecanut,Chippu,FAQ,26199,30999,29969,2022-05-20,2022-05-20,23.0,20.3,28.7,72.4,,,8.1,,1007.0,
17221,Karwar(Uttar Kannad),Kumta,Arecanut,Chippu,FAQ,26499,32899,30549,2024-05-22,2024-05-22,30.9,23.1,33.4,5.6,,,15.2,,1002.2,
17224,Karwar(Uttar Kannad),Kumta,Arecanut,Chippu,FAQ,26509,29999,28249,2024-05-29,2024-05-29,30.2,25.5,33.2,0.0,,,12.6,,1004.4,
17226,Karwar(Uttar Kannad),Kumta,Arecanut,Chippu,FAQ,26509,30899,30269,2022-05-18,2022-05-18,27.9,24.3,30.4,0.5,,,14.7,,1003.3,
17228,Karwar(Uttar Kannad),Kumta,Arecanut,Chippu,FAQ,26509,31019,30809,2022-05-09,2022-05-09,29.5,26.1,32.9,0.0,,,17.6,,1003.6,
17231,Karwar(Uttar Kannad),Kumta,Arecanut,Chippu,FAQ,26509,32469,31819,2022-05-12,2022-05-12,26.8,23.1,31.8,89.4,,,8.9,,1005.3,
17235,Karwar(Uttar Kannad),Kumta,Arecanut,Chippu,FAQ,26569,30509,29649,2024-05-20,2024-05-20,27.4,20.9,31.2,59.2,,,8.9,,1004.0,
17240,Karwar(Uttar Kannad),Kumta,Arecanut,Chippu,FAQ,26569,32696,31539,2023-05-04,2023-05-04,29.4,26.1,32.7,0.1,,,15.8,,1008.8,
17245,Karwar(Uttar Kannad),Kumta,Arecanut,Chippu,FAQ,26599,28699,27519,2024-05-03,2024-05-03,29.9,25.4,34.2,0.0,,,10.6,,1007.5,
17261,Karwar(Uttar Kannad),Kumta,Arecanut,Chippu,FAQ,26869,29599,28249,2024-05-08,2024-05-08,30.8,26.2,35.4,0.0,,,16.2,,1007.8,
17268,Karwar(Uttar Kannad),Kumta,Arecanut,Chippu,FAQ,26899,30509,29899,2024-05-13,2024-05-13,31.2,26.4,36.3,0.1,,,12.4,,1006.7,
17271,Karwar(Uttar Kannad),Kumta,Arecanut,Chippu,FAQ,26899,32019,30819,2025-05-09,2025-05-09,29.8,25.0,33.2,0.0,,,9.3,,1008.5,
17283,Karwar(Uttar Kannad),Kumta,Arecanut,Chippu,FAQ,27019,30500,29089,2024-05-15,2024-05-15,30.6,25.8,34.0,0.9,,,11.8,,1007.5,
17286,Karwar(Uttar Kannad),Kumta,Arecanut,Chippu,FAQ,27019,31089,30769,2022-05-11,2022-05-11,27.7,23.6,30.0,17.2,,,10.0,,1005.1,
17292,Karwar(Uttar Kannad),Kumta,Arecanut,Chippu,FAQ,27059,30569,29579,2024-05-17,2024-05-17,30.2,23.4,33.8,0.0,,,10.0,,1006.5,
17311,Karwar(Uttar Kannad),Kumta,Arecanut,Chippu,FAQ,27119,30969,30219,2022-05-13,2022-05-13,28.1,25.5,31.5,8.6,,,13.2,,1004.6,
17323,Karwar(Uttar Kannad),Kumta,Arecanut,Chippu,FAQ,27509,31099,29588,2022-05-04,2022-05-04,29.8,28.0,34.7,0.5,,,14.0,,1006.9,
17332,Karwar(Uttar Kannad),Kumta,Arecanut,Chippu,FAQ,27569,32089,30429,2025-05-26,2025-05-26,26.8,23.1,30.0,72.9,,,26.2,,1004.6,
17333,Karwar(Uttar Kannad),Kumta,Arecanut,Chippu,FAQ,27569,32099,30629,2025-05-28,2025-05-28,25.2,22.6,27.2,56.9,,,23.0,,1004.2,
17335,Karwar(Uttar Kannad),Kumta,Arecanut,Chippu,FAQ,27569,32569,30469,2025-05-07,2025-05-07,30.6,27.8,33.7,0.5,,,19.7,,1007.5,
17339,Karwar(Uttar Kannad),Kumta,Arecanut,Chippu,FAQ,27690,31799,30369,2023-05-03,2023-05-03,29.7,26.7,32.7,1.5,,,18.8,,1009.3,
17347,Karwar(Uttar Kannad),Kumta,Arecanut,Chippu,FAQ,27869,32869,29629,2025-05-05,2025-05-05,30.1,25.8,33.2,0.0,,,14.7,,1007.2,
17354,Karwar(Uttar Kannad),Kumta,Arecanut,Chippu,FAQ,28019,31119,30879,2022-05-06,2022-05-06,28.1,23.4,33.1,0.5,,,10.4,,1006.4,
17363,Karwar(Uttar Kannad),Kumta,Arecanut,Chippu,FAQ,28089,32509,30719,2025-05-02,2025-05-02,30.5,27.1,33.8,0.0,,,11.2,,1008.6,
17371,Karwar(Uttar Kannad),Kumta,Arecanut,Chippu,FAQ,28219,33169,32369,2023-05-11,2023-05-11,29.5,26.5,33.2,5.8,,,14.0,,1007.9,
17388,Karwar(Uttar Kannad),Kumta,Arecanut,Chippu,FAQ,29091,33989,33108,2023-05-25,2023-05-25,30.3,27.7,32.8,0.6,,,13.5,,1011.1,
17393,Karwar(Uttar Kannad),Kumta,Arecanut,Chippu,FAQ,29169,32599,31569,2023-05-17,2023-05-17,29.9,26.0,33.8,0.0,,,23.2,,1009.0,
17397,Karwar(Uttar Kannad),Kumta,Arecanut,Chippu,FAQ,29509,32509,31469,2023-05-12,2023-05-12,30.3,26.9,33.6,4.1,,,14.3,,1008.4,
17399,Karwar(Uttar Kannad),Kumta,Arecanut,Chippu,FAQ,29509,32899,31849,2023-05-31,2023-05-31,30.3,28.0,33.0,6.7,,,11.3,,1008.1,
17408,Karwar(Uttar Kannad),Kumta,Arecanut,Chippu,FAQ,29569,31999,30469,2023-05-05,2023-05-05,29.6,26.3,33.0,0.1,,,15.5,,1007.7,
17418,Karwar(Uttar Kannad),Kumta,Arecanut,Chippu,FAQ,29990,32899,31569,2023-05-29,2023-05-29,31.9,26.6,33.8,0.0,,,21.2,,1007.7,
17419,Karwar(Uttar Kannad),Kumta,Arecanut,Chippu,FAQ,29999,32599,31469,2023-05-15,2023-05-15,30.1,28.6,33.0,0.0,,,15.5,,1009.3,
17420,Karwar(Uttar Kannad),Kumta,Arecanut,Chippu,FAQ,29999,32599,31759,2023-05-08,2023-05-08,29.9,27.8,33.0,1.3,,,20.0,,1007.3,
17423,Karwar(Uttar Kannad),Kumta,Arecanut,Chippu,FAQ,29999,32999,31929,2023-05-26,2023-05-26,30.8,28.6,33.4,0.0,,,15.3,,1011.4,
17424,Karwar(Uttar Kannad),Kumta,Arecanut,Chippu,FAQ,29999,32999,32089,2023-05-24,2023-05-24,31.6,26.5,33.7,0.0,,,11.3,,1010.6,
17432,Karwar(Uttar Kannad),Kumta,Arecanut,Chippu,FAQ,29999,33199,32549,2023-05-22,2023-05-22,31.1,25.0,33.5,0.8,,,15.5,,1010.0,
17433,Karwar(Uttar Kannad),Kumta,Arecanut,Chippu,FAQ,29999,33339,32769,2023-05-19,2023-05-19,30.3,27.8,33.0,0.0,,,16.3,,1009.8,
17441,Karwar(Uttar Kannad),Kumta,Arecanut,Chippu,FAQ,30091,33269,32549,2023-05-18,2023-05-18,30.3,27.8,33.3,0.0,,,20.0,,1010.5,
17551,Karwar(Uttar Kannad),Kumta,Arecanut,Cqca,FAQ,4199,18099,15769,2025-05-14,2025-05-14,28.7,25.9,32.8,6.8,,,10.1,,1007.4,
17576,Karwar(Uttar Kannad),Kumta,Arecanut,Cqca,FAQ,5858,30434,27520,2025-05-22,2025-05-22,26.1,22.9,28.0,95.8,,,17.9,,1005.9,
17597,Karwar(Uttar Kannad),Kumta,Arecanut,Cqca,FAQ,6099,20189,18699,2025-05-09,2025-05-09,29.8,25.0,33.2,0.0,,,9.3,,1008.5,
17633,Karwar(Uttar Kannad),Kumta,Arecanut,Cqca,FAQ,6899,20019,18949,2025-05-30,2025-05-30,29.5,23.6,30.4,128.0,,,18.9,,1004.6,
17634,Karwar(Uttar Kannad),Kumta,Arecanut,Cqca,FAQ,6899,22189,20429,2025-05-21,2025-05-21,24.7,23.6,28.8,13.2,,,18.3,,1005.3,
17640,Karwar(Uttar Kannad),Kumta,Arecanut,Cqca,FAQ,7019,20189,19349,2025-05-05,2025-05-05,30.1,25.8,33.2,0.0,,,14.7,,1007.2,
17651,Karwar(Uttar Kannad),Kumta,Arecanut,Cqca,FAQ,7089,18699,15769,2025-05-26,2025-05-26,26.8,23.1,30.0,72.9,,,26.2,,1004.6,
17653,Karwar(Uttar Kannad),Kumta,Arecanut,Cqca,FAQ,7089,19999,17849,2025-05-28,2025-05-28,25.2,22.6,27.2,56.9,,,23.0,,1004.2,
17658,Karwar(Uttar Kannad),Kumta,Arecanut,Cqca,FAQ,7099,14189,12359,2025-05-23,2025-05-23,26.1,23.5,31.4,55.1,,,32.5,,1002.7,
17659,Karwar(Uttar Kannad),Kumta,Arecanut,Cqca,FAQ,7099,18899,15729,2025-05-16,2025-05-16,28.9,26.8,31.8,3.5,,,10.4,,1007.3,
17663,Karwar(Uttar Kannad),Kumta,Arecanut,Cqca,FAQ,7109,22029,20899,2025-05-07,2025-05-07,30.6,27.8,33.7,0.5,,,19.7,,1007.5,
17671,Karwar(Uttar Kannad),Kumta,Arecanut,Cqca,FAQ,7670,17399,16709,2020-05-28,2020-05-28,,,,,,,,,,
17674,Karwar(Uttar Kannad),Kumta,Arecanut,Cqca,FAQ,8019,10899,9859,2025-05-19,2025-05-19,29.9,25.6,32.6,1.0,,,8.3,,1004.6,
17685,Karwar(Uttar Kannad),Kumta,Arecanut,Cqca,FAQ,8100,24170,22619,2025-05-29,2025-05-29,25.3,22.7,28.5,97.0,,,19.9,,1003.3,
17691,Karwar(Uttar Kannad),Kumta,Arecanut,Cqca,FAQ,8670,18844,18279,2020-05-21,2020-05-21,,,,,,,,,,
17720,Karwar(Uttar Kannad),Kumta,Arecanut,Cqca,FAQ,9099,19999,18269,2025-05-02,2025-05-02,30.5,27.1,33.8,0.0,,,11.2,,1008.6,
17755,Karwar(Uttar Kannad),Kumta,Arecanut,Cqca,FAQ,9569,17869,17089,2020-05-08,2020-05-08,,,,,,,,,,
17756,Karwar(Uttar Kannad),Kumta,Arecanut,Cqca,FAQ,9599,18509,17919,2020-05-06,2020-05-06,,,,,,,,,,
17759,Karwar(Uttar Kannad),Kumta,Arecanut,Cqca,FAQ,9699,16899,16239,2020-05-27,2020-05-27,,,,,,,,,,
17760,Karwar(Uttar Kannad),Kumta,Arecanut,Cqca,FAQ,9699,17079,16809,2020-05-29,2020-05-29,,,,,,,,,,
17762,Karwar(Uttar Kannad),Kumta,Arecanut,Cqca,FAQ,9869,17869,16889,2020-05-07,2020-05-07,,,,,,,,,,
17775,Karwar(Uttar Kannad),Kumta,Arecanut,Cqca,FAQ,10100,26171,23849,2025-05-15,2025-05-15,29.0,26.4,33.2,1.1,,,7.5,,1007.4,
17782,Karwar(Uttar Kannad),Kumta,Arecanut,Cqca,FAQ,10169,17899,15819,2020-05-05,2020-05-05,29.1,28.0,32.0,0.0,,,,,,
17809,Karwar(Uttar Kannad),Kumta,Arecanut,Cqca,FAQ,10189,18099,17389,2020-05-04,2020-05-04,29.1,26.0,33.7,1.0,,,,,,
17810,Karwar(Uttar Kannad),Kumta,Arecanut,Cqca,FAQ,10189,18599,18079,2020-05-11,2020-05-11,32.9,24.2,35.8,12.7,,,,,,
17825,Karwar(Uttar Kannad),Kumta,Arecanut,Cqca,FAQ,10199,18599,18079,2020-05-14,2020-05-14,,,,,,,,,,
17828,Karwar(Uttar Kannad),Kumta,Arecanut,Cqca,FAQ,10199,30100,26439,2025-05-08,2025-05-08,30.2,26.4,33.6,0.4,,,13.2,,1007.8,
17838,Karwar(Uttar Kannad),Kumta,Arecanut,Cqca,FAQ,10500,31099,25369,2024-05-16,2024-05-16,28.9,21.0,35.7,18.8,,,11.1,,1007.7,
17853,Karwar(Uttar Kannad),Kumta,Arecanut,Cqca,FAQ,11060,25189,23669,2024-05-02,2024-05-02,30.6,27.0,34.7,0.0,,,11.5,,1006.2,
17898,Karwar(Uttar Kannad),Kumta,Arecanut,Cqca,FAQ,13000,13000,13000,2020-05-20,2020-05-20,,,,,,,,,,
17899,Karwar(Uttar Kannad),Kumta,Arecanut,Cqca,FAQ,13011,27269,25349,2024-05-30,2024-05-30,29.7,27.4,33.2,9.2,,,14.0,,1005.1,
17907,Karwar(Uttar Kannad),Kumta,Arecanut,Cqca,FAQ,13089,26019,24089,2024-05-03,2024-05-03,29.9,25.4,34.2,0.0,,,10.6,,1007.5,
17909,Karwar(Uttar Kannad),Kumta,Arecanut,Cqca,FAQ,13089,26689,23469,2024-05-20,2024-05-20,27.4,20.9,31.2,59.2,,,8.9,,1004.0,
17910,Karwar(Uttar Kannad),Kumta,Arecanut,Cqca,FAQ,13099,26089,23589,2024-05-06,2024-05-06,30.8,27.8,34.1,0.0,,,14.8,,1007.7,
17914,Karwar(Uttar Kannad),Kumta,Arecanut,Cqca,FAQ,13109,26590,24379,2024-05-22,2024-05-22,30.9,23.1,33.4,5.6,,,15.2,,1002.2,
17915,Karwar(Uttar Kannad),Kumta,Arecanut,Cqca,FAQ,13170,29090,28769,2022-05-13,2022-05-13,28.1,25.5,31.5,8.6,,,13.2,,1004.6,
17916,Karwar(Uttar Kannad),Kumta,Arecanut,Cqca,FAQ,13189,25019,23829,2024-05-08,2024-05-08,30.8,26.2,35.4,0.0,,,16.2,,1007.8,
17922,Karwar(Uttar Kannad),Kumta,Arecanut,Cqca,FAQ,13509,27599,25369,2024-05-24,2024-05-24,29.6,22.4,33.7,0.3,,,19.5,,1001.7,
17929,Karwar(Uttar Kannad),Kumta,Arecanut,Cqca,FAQ,13569,27019,25979,2024-05-13,2024-05-13,31.2,26.4,36.3,0.1,,,12.4,,1006.7,
17930,Karwar(Uttar Kannad),Kumta,Arecanut,Cqca,FAQ,13569,27099,24879,2024-05-27,2024-05-27,29.6,25.0,32.5,0.0,,,16.7,,1004.3,
17934,Karwar(Uttar Kannad),Kumta,Arecanut,Cqca,FAQ,13711,29199,26879,2024-05-23,2024-05-23,28.4,25.4,34.1,0.0,,,14.3,,1002.0,
17942,Karwar(Uttar Kannad),Kumta,Arecanut,Cqca,FAQ,14019,26019,24369,2024-05-17,2024-05-17,30.2,23.4,33.8,0.0,,,10.0,,1006.5,
17947,Karwar(Uttar Kannad),Kumta,Arecanut,Cqca,FAQ,14069,26999,24369,2024-05-29,2024-05-29,30.2,25.5,33.2,0.0,,,12.6,,1004.4,
17951,Karwar(Uttar Kannad),Kumta,Arecanut,Cqca,FAQ,14089,25999,22789,2024-05-31,2024-05-31,30.7,26.6,34.3,1.3,,,13.0,,1005.5,
17952,Karwar(Uttar Kannad),Kumta,Arecanut,Cqca,FAQ,14089,26089,24519,2024-05-15,2024-05-15,30.6,25.8,34.0,0.9,,,11.8,,1007.5,
17962,Karwar(Uttar Kannad),Kumta,Arecanut,Cqca,FAQ,14222,28170,27579,2022-05-26,2022-05-26,,,,,,,,,,
17973,Karwar(Uttar Kannad),Kumta,Arecanut,Cqca,FAQ,14589,31989,30579,2023-05-24,2023-05-24,31.6,26.5,33.7,0.0,,,11.3,,1010.6,
17981,Karwar(Uttar Kannad),Kumta,Arecanut,Cqca,FAQ,15069,28679,25649,2024-05-09,2024-05-09,30.8,26.4,35.7,0.0,,,15.9,,1007.2,
17994,Karwar(Uttar Kannad),Kumta,Arecanut,Cqca,FAQ,15109,28609,27759,2022-05-19,2022-05-19,24.7,22.6,30.4,5.6,,,20.8,,1004.3,
18050,Karwar(Uttar Kannad),Kumta,Arecanut,Cqca,FAQ,16189,29099,28549,2022-05-23,2022-05-23,29.4,26.4,32.3,6.1,,,8.5,,1004.7,
18114,Karwar(Uttar Kannad),Kumta,Arecanut,Cqca,FAQ,17099,30189,29419,2023-05-04,2023-05-04,29.4,26.1,32.7,0.1,,,15.8,,1008.8,
18127,Karwar(Uttar Kannad),Kumta,Arecanut,Cqca,FAQ,17230,17230,17230,2022-05-12,2022-05-12,26.8,23.1,31.8,89.4,,,8.9,,1005.3,
18174,Karwar(Uttar Kannad),Kumta,Arecanut,Cqca,FAQ,18019,28889,28369,2022-05-25,2022-05-25,28.8,26.7,32.8,1.3,,,6.9,,1007.9,
18176,Karwar(Uttar Kannad),Kumta,Arecanut,Cqca,FAQ,18019,28969,28179,2022-05-09,2022-05-09,29.5,26.1,32.9,0.0,,,17.6,,1003.6,
18181,Karwar(Uttar Kannad),Kumta,Arecanut,Cqca,FAQ,18019,29999,29349,2022-05-11,2022-05-11,27.7,23.6,30.0,17.2,,,10.0,,1005.1,
18193,Karwar(Uttar Kannad),Kumta,Arecanut,Cqca,FAQ,18089,28889,28269,2022-05-27,2022-05-27,27.3,,33.0,2.0,,,,,,
18210,Karwar(Uttar Kannad),Kumta,Arecanut,Cqca,FAQ,18099,29699,27500,2022-05-04,2022-05-04,29.8,28.0,34.7,0.5,,,14.0,,1006.9,
18218,Karwar(Uttar Kannad),Kumta,Arecanut,Cqca,FAQ,18169,29869,28919,2022-05-20,2022-05-20,23.0,20.3,28.7,72.4,,,8.1,,1007.0,
18223,Karwar(Uttar Kannad),Kumta,Arecanut,Cqca,FAQ,18189,31699,30729,2023-05-18,2023-05-18,30.3,27.8,33.3,0.0,,,20.0,,1010.5,
18226,Karwar(Uttar Kannad),Kumta,Arecanut,Cqca,FAQ,18300,31199,30649,2023-05-25,2023-05-25,30.3,27.7,32.8,0.6,,,13.5,,1011.1,
18231,Karwar(Uttar Kannad),Kumta,Arecanut,Cqca,FAQ,18509,29089,28549,2022-05-16,2022-05-16,27.6,23.4,32.5,1.5,,,17.4,,1004.5,
18248,Karwar(Uttar Kannad),Kumta,Arecanut,Cqca,FAQ,18679,28609,27839,2022-05-30,2022-05-30,28.4,25.0,32.0,2.0,,,8.8,,1006.5,
18250,Karwar(Uttar Kannad),Kumta,Arecanut,Cqca,FAQ,18699,28609,27899,2022-05-18,2022-05-18,27.9,24.3,30.4,0.5,,,14.7,,1003.3,
18262,Karwar(Uttar Kannad),Kumta,Arecanut,Cqca,FAQ,19019,28889,28279,2022-05-06,2022-05-06,28.1,23.4,33.1,0.5,,,10.4,,1006.4,
18301,Karwar(Uttar Kannad),Kumta,Arecanut,Cqca,FAQ,19509,30099,28769,2023-05-12,2023-05-12,30.3,26.9,33.6,4.1,,,14.3,,1008.4,
18321,Karwar(Uttar Kannad),Kumta,Arecanut,Cqca,FAQ,19999,31019,30369,2023-05-05,2023-05-05,29.6,26.3,33.0,0.1,,,15.5,,1007.7,
18324,Karwar(Uttar Kannad),Kumta,Arecanut,Cqca,FAQ,20009,30790,29459,2023-05-03,2023-05-03,29.7,26.7,32.7,1.5,,,18.8,,1009.3,
18337,Karwar(Uttar Kannad),Kumta,Arecanut,Cqca,FAQ,20109,30099,28879,2023-05-15,2023-05-15,30.1,28.6,33.0,0.0,,,15.5,,1009.3,
18340,Karwar(Uttar Kannad),Kumta,Arecanut,Cqca,FAQ,20109,31019,30529,2023-05-19,2023-05-19,30.3,27.8,33.0,0.0,,,16.3,,1009.8,
18361,Karwar(Uttar Kannad),Kumta,Arecanut,Cqca,FAQ,20169,29999,28469,2023-05-08,2023-05-08,29.9,27.8,33.0,1.3,,,20.0,,1007.3,
18364,Karwar(Uttar Kannad),Kumta,Arecanut,Cqca,FAQ,20169,30599,29749,2023-05-17,2023-05-17,29.9,26.0,33.8,0.0,,,23.2,,1009.0,
18376,Karwar(Uttar Kannad),Kumta,Arecanut,Cqca,FAQ,20169,32499,31569,2023-05-31,2023-05-31,30.3,28.0,33.0,6.7,,,11.3,,1008.1,
18388,Karwar(Uttar Kannad),Kumta,Arecanut,Cqca,FAQ,20189,31089,30549,2023-05-22,2023-05-22,31.1,25.0,33.5,0.8,,,15.5,,1010.0,
18389,Karwar(Uttar Kannad),Kumta,Arecanut,Cqca,FAQ,20189,31999,30569,2023-05-29,2023-05-29,31.9,26.6,33.8,0.0,,,21.2,,1007.7,
18430,Karwar(Uttar Kannad),Kumta,Arecanut,Cqca,FAQ,21089,31599,30649,2023-05-26,2023-05-26,30.8,28.6,33.4,0.0,,,15.3,,1011.4,
18508,Karwar(Uttar Kannad),Kumta,Arecanut,Cqca,FAQ,23299,29699,27819,2023-05-11,2023-05-11,29.5,26.5,33.2,5.8,,,14.0,,1007.9,
18514,Karwar(Uttar Kannad),Kumta,Arecanut,Cqca,FAQ,25099,29309,28869,2022-05-05,2022-05-05,27.3,22.4,34.7,61.7,,,13.8,,1006.8,
18573,Karwar(Uttar Kannad),Kumta,Arecanut,Factory,FAQ,4039,25429,21879,2025-05-05,2025-05-05,30.1,25.8,33.2,0.0,,,14.7,,1007.2,
18575,Karwar(Uttar Kannad),Kumta,Arecanut,Factory,FAQ,4079,25699,23799,2025-05-07,2025-05-07,30.6,27.8,33.7,0.5,,,19.7,,1007.5,
18588,Karwar(Uttar Kannad),Kumta,Arecanut,Factory,FAQ,5089,25800,21659,2025-05-30,2025-05-30,29.5,23.6,30.4,128.0,,,18.9,,1004.6,
18638,Karwar(Uttar Kannad),Kumta,Arecanut,Factory,FAQ,6099,25001,23819,2025-05-02,2025-05-02,30.5,27.1,33.8,0.0,,,11.2,,1008.6,
18641,Karwar(Uttar Kannad),Kumta,Arecanut,Factory,FAQ,6099,25649,22459,2025-05-26,2025-05-26,26.8,23.1,30.0,72.9,,,26.2,,1004.6,
18642,Karwar(Uttar Kannad),Kumta,Arecanut,Factory,FAQ,6099,25749,24799,2025-05-28,2025-05-28,25.2,22.6,27.2,56.9,,,23.0,,1004.2,
18688,Karwar(Uttar Kannad),Kumta,Arecanut,Factory,FAQ,8099,19569,18969,2022-05-09,2022-05-09,29.5,26.1,32.9,0.0,,,17.6,,1003.6,
18726,Karwar(Uttar Kannad),Kumta,Arecanut,Factory,FAQ,9100,20699,20189,2022-05-13,2022-05-13,28.1,25.5,31.5,8.6,,,13.2,,1004.6,
18760,Karwar(Uttar Kannad),Kumta,Arecanut,Factory,FAQ,10109,20872,20349,2022-05-18,2022-05-18,27.9,24.3,30.4,0.5,,,14.7,,1003.3,
18763,Karwar(Uttar Kannad),Kumta,Arecanut,Factory,FAQ,10160,19529,18879,2022-05-25,2022-05-25,28.8,26.7,32.8,1.3,,,6.9,,1007.9,
18778,Karwar(Uttar Kannad),Kumta,Arecanut,Factory,FAQ,10169,19929,19269,2022-05-30,2022-05-30,28.4,25.0,32.0,2.0,,,8.8,,1006.5,
18782,Karwar(Uttar Kannad),Kumta,Arecanut,Factory,FAQ,10169,20169,19689,2022-05-06,2022-05-06,28.1,23.4,33.1,0.5,,,10.4,,1006.4,
18785,Karwar(Uttar Kannad),Kumta,Arecanut,Factory,FAQ,10169,20299,19869,2022-05-11,2022-05-11,27.7,23.6,30.0,17.2,,,10.0,,1005.1,
18788,Karwar(Uttar Kannad),Kumta,Arecanut,Factory,FAQ,10169,20801,19869,2022-05-20,2022-05-20,23.0,20.3,28.7,72.4,,,8.1,,1007.0,
18792,Karwar(Uttar Kannad),Kumta,Arecanut,Factory,FAQ,10169,21299,20789,2022-05-16,2022-05-16,27.6,23.4,32.5,1.5,,,17.4,,1004.5,
18802,Karwar(Uttar Kannad),Kumta,Arecanut,Factory,FAQ,10179,20299,19555,2022-05-04,2022-05-04,29.8,28.0,34.7,0.5,,,14.0,,1006.9,
18806,Karwar(Uttar Kannad),Kumta,Arecanut,Factory,FAQ,10189,19399,18979,2022-05-23,2022-05-23,29.4,26.4,32.3,6.1,,,8.5,,1004.7,
18809,Karwar(Uttar Kannad),Kumta,Arecanut,Factory,FAQ,10189,19699,18949,2022-05-27,2022-05-27,27.3,,33.0,2.0,,,,,,
18828,Karwar(Uttar Kannad),Kumta,Arecanut,Factory,FAQ,10509,20949,18899,2024-05-22,2024-05-22,30.9,23.1,33.4,5.6,,,15.2,,1002.2,
18856,Karwar(Uttar Kannad),Kumta,Arecanut,Factory,FAQ,11019,19969,18369,2024-05-31,2024-05-31,30.7,26.6,34.3,1.3,,,13.0,,1005.5,
18859,Karwar(Uttar Kannad),Kumta,Arecanut,Factory,FAQ,11019,20529,19869,2024-05-06,2024-05-06,30.8,27.8,34.1,0.0,,,14.8,,1007.7,
18890,Karwar(Uttar Kannad),Kumta,Arecanut,Factory,FAQ,11169,20639,19189,2024-05-24,2024-05-24,29.6,22.4,33.7,0.3,,,19.5,,1001.7,
18914,Karwar(Uttar Kannad),Kumta,Arecanut,Factory,FAQ,11509,20829,19369,2024-05-08,2024-05-08,30.8,26.2,35.4,0.0,,,16.2,,1007.8,
18915,Karwar(Uttar Kannad),Kumta,Arecanut,Factory,FAQ,11509,20829,19369,2024-05-20,2024-05-20,27.4,20.9,31.2,59.2,,,8.9,,1004.0,
18916,Karwar(Uttar Kannad),Kumta,Arecanut,Factory,FAQ,11509,20829,19769,2024-05-29,2024-05-29,30.2,25.5,33.2,0.0,,,12.6,,1004.4,
18917,Karwar(Uttar Kannad),Kumta,Arecanut,Factory,FAQ,11509,20829,19809,2024-05-27,2024-05-27,29.6,25.0,32.5,0.0,,,16.7,,1004.3,
18922,Karwar(Uttar Kannad),Kumta,Arecanut,Factory,FAQ,11509,21249,19399,2024-05-15,2024-05-15,30.6,25.8,34.0,0.9,,,11.8,,1007.5,
18923,Karwar(Uttar Kannad),Kumta,Arecanut,Factory,FAQ,11509,21259,19869,2024-05-13,2024-05-13,31.2,26.4,36.3,0.1,,,12.4,,1006.7,
18926,Karwar(Uttar Kannad),Kumta,Arecanut,Factory,FAQ,11509,21469,19869,2024-05-03,2024-05-03,29.9,25.4,34.2,0.0,,,10.6,,1007.5,
18938,Karwar(Uttar Kannad),Kumta,Arecanut,Factory,FAQ,11569,20829,18989,2024-05-17,2024-05-17,30.2,23.4,33.8,0.0,,,10.0,,1006.5,
18973,Karwar(Uttar Kannad),Kumta,Arecanut,Factory,FAQ,12019,23311,22459,2023-05-15,2023-05-15,30.1,28.6,33.0,0.0,,,15.5,,1009.3,
18974,Karwar(Uttar Kannad),Kumta,Arecanut,Factory,FAQ,12019,23699,22719,2023-05-22,2023-05-22,31.1,25.0,33.5,0.8,,,15.5,,1010.0,
18983,Karwar(Uttar Kannad),Kumta,Arecanut,Factory,FAQ,12089,22069,21649,2023-05-05,2023-05-05,29.6,26.3,33.0,0.1,,,15.5,,1007.7,
18984,Karwar(Uttar Kannad),Kumta,Arecanut,Factory,FAQ,12089,22699,21819,2023-05-08,2023-05-08,29.9,27.8,33.0,1.3,,,20.0,,1007.3,
19001,Karwar(Uttar Kannad),Kumta,Arecanut,Factory,FAQ,12509,22779,21359,2023-05-12,2023-05-12,30.3,26.9,33.6,4.1,,,14.3,,1008.4,
19009,Karwar(Uttar Kannad),Kumta,Arecanut,Factory,FAQ,12600,21311,20869,2023-05-03,2023-05-03,29.7,26.7,32.7,1.5,,,18.8,,1009.3,
19114,Karwar(Uttar Kannad),Kumta,Arecanut,Factory,FAQ,14019,23699,22329,2023-05-17,2023-05-17,29.9,26.0,33.8,0.0,,,23.2,,1009.0,
19115,Karwar(Uttar Kannad),Kumta,Arecanut,Factory,FAQ,14019,23899,23149,2023-05-19,2023-05-19,30.3,27.8,33.0,0.0,,,16.3,,1009.8,
19143,Karwar(Uttar Kannad),Kumta,Arecanut,Factory,FAQ,14509,22309,21529,2023-05-31,2023-05-31,30.3,28.0,33.0,6.7,,,11.3,,1008.1,
19153,Karwar(Uttar Kannad),Kumta,Arecanut,Factory,FAQ,14509,23411,22719,2023-05-26,2023-05-26,30.8,28.6,33.4,0.0,,,15.3,,1011.4,
19160,Karwar(Uttar Kannad),Kumta,Arecanut,Factory,FAQ,14589,23179,22429,2023-05-29,2023-05-29,31.9,26.6,33.8,0.0,,,21.2,,1007.7,
19161,Karwar(Uttar Kannad),Kumta,Arecanut,Factory,FAQ,14589,23599,22319,2023-05-24,2023-05-24,31.6,26.5,33.7,0.0,,,11.3,,1010.6,
19223,Karwar(Uttar Kannad),Kumta,Arecanut,Factory,FAQ,24199,25369,24599,2025-05-09,2025-05-09,29.8,25.0,33.2,0.0,,,9.3,,1008.5,
19424,Karwar(Uttar Kannad),Kumta,Arecanut,Ripe,FAQ,24569,27019,26809,2020-05-08,2020-05-08,,,,,,,,,,
19427,Karwar(Uttar Kannad),Kumta,Arecanut,Ripe,FAQ,24849,27399,27019,2020-05-07,2020-05-07,,,,,,,,,,
19430,Karwar(Uttar Kannad),Kumta,Arecanut,Ripe,FAQ,24906,28559,28219,2020-05-28,2020-05-28,,,,,,,,,,
19438,Karwar(Uttar Kannad),Kumta,Arecanut,Ripe,FAQ,25099,27569,27189,2020-05-11,2020-05-11,32.9,24.2,35.8,12.7,,,,,,
19439,Karwar(Uttar Kannad),Kumta,Arecanut,Ripe,FAQ,25099,28119,27989,2020-05-06,2020-05-06,,,,,,,,,,
19443,Karwar(Uttar Kannad),Kumta,Arecanut,Ripe,FAQ,25269,28099,27819,2020-05-27,2020-05-27,,,,,,,,,,
19452,Karwar(Uttar Kannad),Kumta,Arecanut,Ripe,FAQ,25600,29009,28799,2020-05-14,2020-05-14,,,,,,,,,,
19458,Karwar(Uttar Kannad),Kumta,Arecanut,Ripe,FAQ,25869,28569,28219,2020-05-29,2020-05-29,,,,,,,,,,
19464,Karwar(Uttar Kannad),Kumta,Arecanut,Ripe,FAQ,26089,31009,28849,2020-05-04,2020-05-04,29.1,26.0,33.7,1.0,,,,,,
19471,Karwar(Uttar Kannad),Kumta,Arecanut,Ripe,FAQ,26500,29711,29459,2020-05-21,2020-05-21,,,,,,,,,,
19476,Karwar(Uttar Kannad),Kumta,Arecanut,Ripe,FAQ,26599,31009,30109,2020-05-05,2020-05-05,29.1,28.0,32.0,0.0,,,,,,
19479,Karwar(Uttar Kannad),Kumta,Arecanut,Ripe,FAQ,27000,27000,27000,2020-05-13,2020-05-13,30.4,27.3,33.6,0.0,,,,,,
19480,Karwar(Uttar Kannad),Kumta,Arecanut,Ripe,FAQ,27000,27500,27445,2020-05-30,2020-05-30,29.6,26.0,33.8,3.6,,,,,,
19492,Karwar(Uttar Kannad),Kumta,Arecanut,Ripe,FAQ,27600,28000,27896,2020-05-18,2020-05-18,,,,,,,,,,
19497,Karwar(Uttar Kannad),Kumta,Arecanut,Ripe,FAQ,28000,28000,28000,2020-05-20,2020-05-20,,,,,,,,,,
19565,Karwar(Uttar Kannad),Kumta,Arecanut,Ripe,FAQ,30000,42999,40539,2025-05-15,2025-05-15,29.0,26.4,33.2,1.1,,,7.5,,1007.4,
19602,Karwar(Uttar Kannad),Kumta,Arecanut,Ripe,FAQ,30289,42099,40389,2025-05-19,2025-05-19,29.9,25.6,32.6,1.0,,,8.3,,1004.6,
19663,Karwar(Uttar Kannad),Kumta,Arecanut,Ripe,FAQ,31099,35609,34569,2024-05-27,2024-05-27,29.6,25.0,32.5,0.0,,,16.7,,1004.3,
19664,Karwar(Uttar Kannad),Kumta,Arecanut,Ripe,FAQ,31109,35409,34219,2024-05-02,2024-05-02,30.6,27.0,34.7,0.0,,,11.5,,1006.2,
19681,Karwar(Uttar Kannad),Kumta,Arecanut,Ripe,FAQ,31619,36411,35269,2024-05-30,2024-05-30,29.7,27.4,33.2,9.2,,,14.0,,1005.1,
19696,Karwar(Uttar Kannad),Kumta,Arecanut,Ripe,FAQ,31934,42899,39849,2025-05-22,2025-05-22,26.1,22.9,28.0,95.8,,,17.9,,1005.9,
19701,Karwar(Uttar Kannad),Kumta,Arecanut,Ripe,FAQ,32009,35509,34389,2024-05-29,2024-05-29,30.2,25.5,33.2,0.0,,,12.6,,1004.4,
19720,Karwar(Uttar Kannad),Kumta,Arecanut,Ripe,FAQ,32209,43599,40759,2025-05-08,2025-05-08,30.2,26.4,33.6,0.4,,,13.2,,1007.8,
19725,Karwar(Uttar Kannad),Kumta,Arecanut,Ripe,FAQ,32269,35699,34329,2024-05-31,2024-05-31,30.7,26.6,34.3,1.3,,,13.0,,1005.5,
19728,Karwar(Uttar Kannad),Kumta,Arecanut,Ripe,FAQ,32300,37679,36199,2024-05-09,2024-05-09,30.8,26.4,35.7,0.0,,,15.9,,1007.2,
19744,Karwar(Uttar Kannad),Kumta,Arecanut,Ripe,FAQ,32589,42500,39729,2025-05-21,2025-05-21,24.7,23.6,28.8,13.2,,,18.3,,1005.3,
19749,Karwar(Uttar Kannad),Kumta,Arecanut,Ripe,FAQ,32669,36099,34329,2024-05-23,2024-05-23,28.4,25.4,34.1,0.0,,,14.3,,1002.0,
19765,Karwar(Uttar Kannad),Kumta,Arecanut,Ripe,FAQ,32899,37099,35769,2024-05-22,2024-05-22,30.9,23.1,33.4,5.6,,,15.2,,1002.2,
19767,Karwar(Uttar Kannad),Kumta,Arecanut,Ripe,FAQ,32919,41559,37879,2025-05-12,2025-05-12,29.5,26.5,33.4,0.5,,,11.5,,1006.6,
19771,Karwar(Uttar Kannad),Kumta,Arecanut,Ripe,FAQ,32999,36509,34629,2024-05-24,2024-05-24,29.6,22.4,33.7,0.3,,,19.5,,1001.7,
19778,Karwar(Uttar Kannad),Kumta,Arecanut,Ripe,FAQ,33069,35709,34389,2024-05-03,2024-05-03,29.9,25.4,34.2,0.0,,,10.6,,1007.5,
19783,Karwar(Uttar Kannad),Kumta,Arecanut,Ripe,FAQ,33089,42529,40369,2025-05-23,2025-05-23,26.1,23.5,31.4,55.1,,,32.5,,1002.7,
19819,Karwar(Uttar Kannad),Kumta,Arecanut,Ripe,FAQ,33569,36749,34899,2024-05-06,2024-05-06,30.8,27.8,34.1,0.0,,,14.8,,1007.7,
19830,Karwar(Uttar Kannad),Kumta,Arecanut,Ripe,FAQ,33759,36559,35749,2023-05-04,2023-05-04,29.4,26.1,32.7,0.1,,,15.8,,1008.8,
19833,Karwar(Uttar Kannad),Kumta,Arecanut,Ripe,FAQ,33789,39119,38549,2022-05-05,2022-05-05,27.3,22.4,34.7,61.7,,,13.8,,1006.8,
19838,Karwar(Uttar Kannad),Kumta,Arecanut,Ripe,FAQ,33899,36439,35029,2023-05-03,2023-05-03,29.7,26.7,32.7,1.5,,,18.8,,1009.3,
19843,Karwar(Uttar Kannad),Kumta,Arecanut,Ripe,FAQ,33999,37419,35769,2024-05-08,2024-05-08,30.8,26.2,35.4,0.0,,,16.2,,1007.8,
19844,Karwar(Uttar Kannad),Kumta,Arecanut,Ripe,FAQ,33999,37599,36329,2024-05-20,2024-05-20,27.4,20.9,31.2,59.2,,,8.9,,1004.0,
19846,Karwar(Uttar Kannad),Kumta,Arecanut,Ripe,FAQ,34000,38369,37819,2022-05-26,2022-05-26,,,,,,,,,,
19856,Karwar(Uttar Kannad),Kumta,Arecanut,Ripe,FAQ,34069,39299,38769,2022-05-13,2022-05-13,28.1,25.5,31.5,8.6,,,13.2,,1004.6,
19883,Karwar(Uttar Kannad),Kumta,Arecanut,Ripe,FAQ,34343,37500,36439,2024-05-16,2024-05-16,28.9,21.0,35.7,18.8,,,11.1,,1007.7,
19898,Karwar(Uttar Kannad),Kumta,Arecanut,Ripe,FAQ,34600,44299,41879,2025-05-29,2025-05-29,25.3,22.7,28.5,97.0,,,19.9,,1003.3,
19901,Karwar(Uttar Kannad),Kumta,Arecanut,Ripe,FAQ,34699,37529,36289,2024-05-17,2024-05-17,30.2,23.4,33.8,0.0,,,10.0,,1006.5,
19906,Karwar(Uttar Kannad),Kumta,Arecanut,Ripe,FAQ,34896,37079,36549,2023-05-11,2023-05-11,29.5,26.5,33.2,5.8,,,14.0,,1007.9,
19908,Karwar(Uttar Kannad),Kumta,Arecanut,Ripe,FAQ,34899,36499,35719,2023-05-05,2023-05-05,29.6,26.3,33.0,0.1,,,15.5,,1007.7,
19910,Karwar(Uttar Kannad),Kumta,Arecanut,Ripe,FAQ,34999,37399,36479,2024-05-15,2024-05-15,30.6,25.8,34.0,0.9,,,11.8,,1007.5,
19911,Karwar(Uttar Kannad),Kumta,Arecanut,Ripe,FAQ,34999,37799,36499,2024-05-13,2024-05-13,31.2,26.4,36.3,0.1,,,12.4,,1006.7,
19914,Karwar(Uttar Kannad),Kumta,Arecanut,Ripe,FAQ,35019,38399,37949,2022-05-30,2022-05-30,28.4,25.0,32.0,2.0,,,8.8,,1006.5,
19915,Karwar(Uttar Kannad),Kumta,Arecanut,Ripe,FAQ,35019,39300,38749,2022-05-09,2022-05-09,29.5,26.1,32.9,0.0,,,17.6,,1003.6,
19918,Karwar(Uttar Kannad),Kumta,Arecanut,Ripe,FAQ,35089,36599,36049,2023-05-08,2023-05-08,29.9,27.8,33.0,1.3,,,20.0,,1007.3,
19923,Karwar(Uttar Kannad),Kumta,Arecanut,Ripe,FAQ,35099,38899,38379,2022-05-11,2022-05-11,27.7,23.6,30.0,17.2,,,10.0,,1005.1,
19926,Karwar(Uttar Kannad),Kumta,Arecanut,Ripe,FAQ,35109,38599,37989,2022-05-25,2022-05-25,28.8,26.7,32.8,1.3,,,6.9,,1007.9,
19927,Karwar(Uttar Kannad),Kumta,Arecanut,Ripe,FAQ,35109,39029,38729,2022-05-18,2022-05-18,27.9,24.3,30.4,0.5,,,14.7,,1003.3,
19938,Karwar(Uttar Kannad),Kumta,Arecanut,Ripe,FAQ,35199,38399,37819,2022-05-23,2022-05-23,29.4,26.4,32.3,6.1,,,8.5,,1004.7,
19939,Karwar(Uttar Kannad),Kumta,Arecanut,Ripe,FAQ,35199,38609,38089,2022-05-27,2022-05-27,27.3,,33.0,2.0,,,,,,
19940,Karwar(Uttar Kannad),Kumta,Arecanut,Ripe,FAQ,35209,37639,36879,2023-05-24,2023-05-24,31.6,26.5,33.7,0.0,,,11.3,,1010.6,
19941,Karwar(Uttar Kannad),Kumta,Arecanut,Ripe,FAQ,35219,38069,37519,2023-05-25,2023-05-25,30.3,27.7,32.8,0.6,,,13.5,,1011.1,
19948,Karwar(Uttar Kannad),Kumta,Arecanut,Ripe,FAQ,35399,37419,36749,2023-05-29,2023-05-29,31.9,26.6,33.8,0.0,,,21.2,,1007.7,
19949,Karwar(Uttar Kannad),Kumta,Arecanut,Ripe,FAQ,35401,38669,38249,2022-05-19,2022-05-19,24.7,22.6,30.4,5.6,,,20.8,,1004.3,
19959,Karwar(Uttar Kannad),Kumta,Arecanut,Ripe,FAQ,35569,40099,38500,2022-05-04,2022-05-04,29.8,28.0,34.7,0.5,,,14.0,,1006.9,
19960,Karwar(Uttar Kannad),Kumta,Arecanut,Ripe,FAQ,35599,37449,36619,2023-05-31,2023-05-31,30.3,28.0,33.0,6.7,,,11.3,,1008.1,
19961,Karwar(Uttar Kannad),Kumta,Arecanut,Ripe,FAQ,35599,37601,36729,2023-05-15,2023-05-15,30.1,28.6,33.0,0.0,,,15.5,,1009.3,
19963,Karwar(Uttar Kannad),Kumta,Arecanut,Ripe,FAQ,35599,37729,36989,2023-05-22,2023-05-22,31.1,25.0,33.5,0.8,,,15.5,,1010.0,
19964,Karwar(Uttar Kannad),Kumta,Arecanut,Ripe,FAQ,35599,38609,37829,2022-05-20,2022-05-20,23.0,20.3,28.7,72.4,,,8.1,,1007.0,
19966,Karwar(Uttar Kannad),Kumta,Arecanut,Ripe,FAQ,35599,38839,38269,2022-05-06,2022-05-06,28.1,23.4,33.1,0.5,,,10.4,,1006.4,
19979,Karwar(Uttar Kannad),Kumta,Arecanut,Ripe,FAQ,35699,39019,38619,2022-05-16,2022-05-16,27.6,23.4,32.5,1.5,,,17.4,,1004.5,
19984,Karwar(Uttar Kannad),Kumta,Arecanut,Ripe,FAQ,35699,42129,40159,2025-05-16,2025-05-16,28.9,26.8,31.8,3.5,,,10.4,,1007.3,
19985,Karwar(Uttar Kannad),Kumta,Arecanut,Ripe,FAQ,35701,37799,36789,2023-05-18,2023-05-18,30.3,27.8,33.3,0.0,,,20.0,,1010.5,
19990,Karwar(Uttar Kannad),Kumta,Arecanut,Ripe,FAQ,35889,37519,36869,2023-05-26,2023-05-26,30.8,28.6,33.4,0.0,,,15.3,,1011.4,
19992,Karwar(Uttar Kannad),Kumta,Arecanut,Ripe,FAQ,35899,37699,36749,2023-05-17,2023-05-17,29.9,26.0,33.8,0.0,,,23.2,,1009.0,
20003,Karwar(Uttar Kannad),Kumta,Arecanut,Ripe,FAQ,36000,37699,36979,2023-05-19,2023-05-19,30.3,27.8,33.0,0.0,,,16.3,,1009.8,
20004,Karwar(Uttar Kannad),Kumta,Arecanut,Ripe,FAQ,36000,39169,38789,2022-05-12,2022-05-12,26.8,23.1,31.8,89.4,,,8.9,,1005.3,
20005,Karwar(Uttar Kannad),Kumta,Arecanut,Ripe,FAQ,36009,37099,36819,2023-05-12,2023-05-12,30.3,26.9,33.6,4.1,,,14.3,,1008.4,
20013,Karwar(Uttar Kannad),Kumta,Arecanut,Ripe,FAQ,36033,43599,41719,2025-05-09,2025-05-09,29.8,25.0,33.2,0.0,,,9.3,,1008.5,
20074,Karwar(Uttar Kannad),Kumta,Arecanut,Ripe,FAQ,36710,43699,42389,2025-05-07,2025-05-07,30.6,27.8,33.7,0.5,,,19.7,,1007.5,
20111,Karwar(Uttar Kannad),Kumta,Arecanut,Ripe,FAQ,37119,44999,42759,2025-05-30,2025-05-30,29.5,23.6,30.4,128.0,,,18.9,,1004.6,
20145,Karwar(Uttar Kannad),Kumta,Arecanut,Ripe,FAQ,37569,44599,42899,2025-05-26,2025-05-26,26.8,23.1,30.0,72.9,,,26.2,,1004.6,
20157,Karwar(Uttar Kannad),Kumta,Arecanut,Ripe,FAQ,37699,44599,42359,2025-05-28,2025-05-28,25.2,22.6,27.2,56.9,,,23.0,,1004.2,
20210,Karwar(Uttar Kannad),Kumta,Arecanut,Ripe,FAQ,38869,43999,40749,2025-05-05,2025-05-05,30.1,25.8,33.2,0.0,,,14.7,,1007.2,
20211,Karwar(Uttar Kannad),Kumta,Arecanut,Ripe,FAQ,38869,44149,43099,2025-05-02,2025-05-02,30.5,27.1,33.8,0.0,,,11.2,,1008.6,
20233,Karwar(Uttar Kannad),Kumta,Arecanut,Ripe,FAQ,39599,40899,39799,2025-05-14,2025-05-14,28.7,25.9,32.8,6.8,,,10.1,,1007.4,
