Sl no.,District Name,Market,Commodity,Variety,Grade,Min Price (Rs./Quintal),Max Price (Rs./Quintal),Modal_Price,Arrival_Date
21455,Madikeri(Kodagu),Madikeri,Arecanut,Raw,FAQ,24334,24334,24334,2020-05-13
21460,Madikeri(Kodagu),Madikeri,Arecanut,Raw,FAQ,27028,27028,27028,2020-05-12
21465,Madikeri(Kodagu),Madikeri,Arecanut,Raw,FAQ,31797,31797,31797,2024-05-08
21473,Madikeri(Kodagu),Madikeri,Arecanut,Raw,FAQ,35155,35155,35155,2024-05-20
21483,Madikeri(Kodagu),Madikeri,Arecanut,Raw,FAQ,36854,36854,36854,2024-05-03
21484,Madikeri(Kodagu),Madikeri,Arecanut,Raw,FAQ,36926,36926,36926,2023-05-05
21512,Madikeri(Kodagu),Madikeri,Arecanut,Raw,FAQ,39096,39096,39096,2023-05-09
21515,Madikeri(Kodagu),Madikeri,Arecanut,Raw,FAQ,39377,39377,39377,2024-05-27
21526,Madikeri(Kodagu),Madikeri,Arecanut,Raw,FAQ,39807,39807,39807,2023-05-17
21541,Madikeri(Kodagu),Madikeri,Arecanut,Raw,FAQ,40905,40905,40905,2023-05-30
21558,Madikeri(Kodagu),Madikeri,Arecanut,Raw,FAQ,41863,41863,41863,2025-05-02
21571,Madikeri(Kodagu),Madikeri,Arecanut,Raw,FAQ,42800,42800,42800,2022-05-21
21589,Madikeri(Kodagu),Madikeri,Arecanut,Raw,FAQ,44497,44497,44497,2025-05-06
21593,Madikeri(Kodagu),Madikeri,Arecanut,Raw,FAQ,44792,44792,44792,2025-05-13
21455,Madikeri(Kodagu),Madikeri,Arecanut,Raw,FAQ,24334,24334,24334,2020-05-13
21460,Madikeri(Kodagu),Madikeri,Arecanut,Raw,FAQ,27028,27028,27028,2020-05-12
21465,Madikeri(Kodagu),Madikeri,Arecanut,Raw,FAQ,31797,31797,31797,2024-05-08
21473,Madikeri(Kodagu),Madikeri,Arecanut,Raw,FAQ,35155,35155,35155,2024-05-20
21483,Madikeri(Kodagu),Madikeri,Arecanut,Raw,FAQ,36854,36854,36854,2024-05-03
21484,Madikeri(Kodagu),Madikeri,Arecanut,Raw,FAQ,36926,36926,36926,2023-05-05
21512,Madikeri(Kodagu),Madikeri,Arecanut,Raw,FAQ,39096,39096,39096,2023-05-09
21515,Madikeri(Kodagu),Madikeri,Arecanut,Raw,FAQ,39377,39377,39377,2024-05-27
21526,Madikeri(Kodagu),Madikeri,Arecanut,Raw,FAQ,39807,39807,39807,2023-05-17
21541,Madikeri(Kodagu),Madikeri,Arecanut,Raw,FAQ,40905,40905,40905,2023-05-30
21558,Madikeri(Kodagu),Madikeri,Arecanut,Raw,FAQ,41863,41863,41863,2025-05-02
21571,Madikeri(Kodagu),Madikeri,Arecanut,Raw,FAQ,42800,42800,42800,2022-05-21
21589,Madikeri(Kodagu),Madikeri,Arecanut,Raw,FAQ,44497,44497,44497,2025-05-06
21593,Madikeri(Kodagu),Madikeri,Arecanut,Raw,FAQ,44792,44792,44792,2025-05-13
