Sl no.,District Name,Market,Commodity,Variety,Grade,Min Price (Rs./Quintal),Max Price (Rs./Quintal),Modal_Price,Arrival_Date
29874,Shimoga,Shimoga,Arecanut,Bette,FAQ,30109,55629,53599,2024-05-30
29881,Shimoga,Shimoga,Arecanut,Bette,FAQ,32065,55200,54895,2024-05-20
29885,Shimoga,Shimoga,Arecanut,Bette,FAQ,32519,39109,37172,2020-05-11
29919,Shimoga,Shimoga,Arecanut,Bette,FAQ,34019,38399,37079,2020-05-13
29969,Shimoga,Shimoga,Arecanut,Bette,FAQ,35109,39111,37419,2020-05-18
29979,Shimoga,Shimoga,Arecanut,Bette,FAQ,35219,37999,37239,2020-05-15
29995,Shimoga,Shimoga,Arecanut,Bette,FAQ,35419,38099,37609,2020-05-14
30004,Shimoga,Shimoga,Arecanut,Bette,FAQ,35609,54611,49599,2024-05-27
30010,Shimoga,Shimoga,Arecanut,Bette,FAQ,35699,39555,38789,2020-05-20
30011,Shimoga,Shimoga,Arecanut,Bette,FAQ,35699,40299,38799,2020-05-28
30018,Shimoga,Shimoga,Arecanut,Bette,FAQ,35889,39519,38589,2020-05-21
30031,Shimoga,Shimoga,Arecanut,Bette,FAQ,36009,36009,36009,2020-05-12
30050,Shimoga,Shimoga,Arecanut,Bette,FAQ,36100,39999,38899,2020-05-22
30092,Shimoga,Shimoga,Arecanut,Bette,FAQ,36569,39989,38840,2020-05-26
30117,Shimoga,Shimoga,Arecanut,Bette,FAQ,36900,40299,38869,2020-05-27
30155,Shimoga,Shimoga,Arecanut,Bette,FAQ,37850,40399,39289,2020-05-29
30186,Shimoga,Shimoga,Arecanut,Bette,FAQ,38509,43000,41709,2021-05-03
30200,Shimoga,Shimoga,Arecanut,Bette,FAQ,38722,43259,42519,2021-05-06
30208,Shimoga,Shimoga,Arecanut,Bette,FAQ,38899,55600,54169,2024-05-13
30260,Shimoga,Shimoga,Arecanut,Bette,FAQ,40069,54899,52114,2024-05-23
30279,Shimoga,Shimoga,Arecanut,Bette,FAQ,40250,55786,55169,2024-05-15
30336,Shimoga,Shimoga,Arecanut,Bette,FAQ,41799,43699,42800,2021-05-07
30349,Shimoga,Shimoga,Arecanut,Bette,FAQ,42009,43899,42689,2021-05-05
30365,Shimoga,Shimoga,Arecanut,Bette,FAQ,42159,52209,50899,2024-05-02
30410,Shimoga,Shimoga,Arecanut,Bette,FAQ,43066,55896,52809,2024-05-14
30415,Shimoga,Shimoga,Arecanut,Bette,FAQ,43099,54509,51769,2023-05-24
30432,Shimoga,Shimoga,Arecanut,Bette,FAQ,43366,55129,53099,2024-05-17
30441,Shimoga,Shimoga,Arecanut,Bette,FAQ,43599,53452,51400,2023-05-18
30442,Shimoga,Shimoga,Arecanut,Bette,FAQ,43599,53672,50699,2023-05-22
30451,Shimoga,Shimoga,Arecanut,Bette,FAQ,43899,53000,50749,2023-05-09
30487,Shimoga,Shimoga,Arecanut,Bette,FAQ,44444,55100,54199,2024-05-29
30509,Shimoga,Shimoga,Arecanut,Bette,FAQ,45000,53330,51609,2023-05-19
30525,Shimoga,Shimoga,Arecanut,Bette,FAQ,45069,54599,53000,2024-05-28
30528,Shimoga,Shimoga,Arecanut,Bette,FAQ,45069,55319,54119,2024-05-21
30559,Shimoga,Shimoga,Arecanut,Bette,FAQ,45500,54519,51200,2024-05-08
30582,Shimoga,Shimoga,Arecanut,Bette,FAQ,46009,58199,57569,2025-05-19
30589,Shimoga,Shimoga,Arecanut,Bette,FAQ,46019,54100,51799,2023-05-23
30636,Shimoga,Shimoga,Arecanut,Bette,FAQ,46500,53599,51699,2023-05-16
30659,Shimoga,Shimoga,Arecanut,Bette,FAQ,46569,54089,51990,2023-05-25
30660,Shimoga,Shimoga,Arecanut,Bette,FAQ,46569,54169,51569,2023-05-30
30661,Shimoga,Shimoga,Arecanut,Bette,FAQ,46569,54629,53009,2024-05-22
30664,Shimoga,Shimoga,Arecanut,Bette,FAQ,46569,55599,54569,2024-05-09
30681,Shimoga,Shimoga,Arecanut,Bette,FAQ,46899,53019,51890,2023-05-05
30703,Shimoga,Shimoga,Arecanut,Bette,FAQ,47069,54799,53299,2024-05-24
30704,Shimoga,Shimoga,Arecanut,Bette,FAQ,47069,57299,56300,2025-05-16
30754,Shimoga,Shimoga,Arecanut,Bette,FAQ,47500,52910,51399,2023-05-11
30757,Shimoga,Shimoga,Arecanut,Bette,FAQ,47509,53219,50839,2023-05-04
30763,Shimoga,Shimoga,Arecanut,Bette,FAQ,47569,52500,50569,2023-05-02
30770,Shimoga,Shimoga,Arecanut,Bette,FAQ,47609,53283,50599,2023-05-08
30821,Shimoga,Shimoga,Arecanut,Bette,FAQ,48299,53410,51500,2023-05-29
30825,Shimoga,Shimoga,Arecanut,Bette,FAQ,48399,53569,51769,2023-05-26
30831,Shimoga,Shimoga,Arecanut,Bette,FAQ,48509,52700,50999,2023-05-15
30832,Shimoga,Shimoga,Arecanut,Bette,FAQ,48509,53010,50609,2023-05-03
30839,Shimoga,Shimoga,Arecanut,Bette,FAQ,48569,55889,54221,2024-05-16
30843,Shimoga,Shimoga,Arecanut,Bette,FAQ,48599,53219,51799,2023-05-17
30844,Shimoga,Shimoga,Arecanut,Bette,FAQ,48599,58699,56019,2025-05-15
30847,Shimoga,Shimoga,Arecanut,Bette,FAQ,48619,53000,50650,2023-05-12
30855,Shimoga,Shimoga,Arecanut,Bette,FAQ,48699,56329,54199,2024-05-03
30859,Shimoga,Shimoga,Arecanut,Bette,FAQ,48800,52269,51799,2022-05-23
30867,Shimoga,Shimoga,Arecanut,Bette,FAQ,48899,52920,51819,2022-05-24
30870,Shimoga,Shimoga,Arecanut,Bette,FAQ,48900,54610,52200,2022-05-09
30874,Shimoga,Shimoga,Arecanut,Bette,FAQ,49000,53440,52500,2022-05-13
30879,Shimoga,Shimoga,Arecanut,Bette,FAQ,49000,59299,57399,2025-05-09
30881,Shimoga,Shimoga,Arecanut,Bette,FAQ,49009,53369,52009,2022-05-31
30884,Shimoga,Shimoga,Arecanut,Bette,FAQ,49058,52899,52200,2022-05-04
30887,Shimoga,Shimoga,Arecanut,Bette,FAQ,49069,52989,49569,2024-05-31
30907,Shimoga,Shimoga,Arecanut,Bette,FAQ,49400,52589,51719,2022-05-19
30909,Shimoga,Shimoga,Arecanut,Bette,FAQ,49509,54599,52569,2023-05-31
30916,Shimoga,Shimoga,Arecanut,Bette,FAQ,49619,53640,52830,2022-05-30
30925,Shimoga,Shimoga,Arecanut,Bette,FAQ,49900,53989,52019,2022-05-26
30928,Shimoga,Shimoga,Arecanut,Bette,FAQ,50009,53439,52000,2022-05-27
30934,Shimoga,Shimoga,Arecanut,Bette,FAQ,50009,59429,57349,2025-05-30
30940,Shimoga,Shimoga,Arecanut,Bette,FAQ,50039,53909,51819,2022-05-20
30943,Shimoga,Shimoga,Arecanut,Bette,FAQ,50070,53400,52610,2022-05-06
30948,Shimoga,Shimoga,Arecanut,Bette,FAQ,50100,53409,52200,2022-05-25
30949,Shimoga,Shimoga,Arecanut,Bette,FAQ,50100,58300,57599,2025-05-14
30950,Shimoga,Shimoga,Arecanut,Bette,FAQ,50109,59199,58099,2025-05-06
30954,Shimoga,Shimoga,Arecanut,Bette,FAQ,50119,54119,54000,2024-05-06
30956,Shimoga,Shimoga,Arecanut,Bette,FAQ,50119,58069,57699,2025-05-26
30960,Shimoga,Shimoga,Arecanut,Bette,FAQ,50199,59240,57600,2025-05-12
30964,Shimoga,Shimoga,Arecanut,Bette,FAQ,50369,53499,52800,2022-05-10
30976,Shimoga,Shimoga,Arecanut,Bette,FAQ,50577,58889,57989,2025-05-27
30978,Shimoga,Shimoga,Arecanut,Bette,FAQ,50599,53699,52599,2022-05-17
30980,Shimoga,Shimoga,Arecanut,Bette,FAQ,50599,58899,56399,2025-05-29
30994,Shimoga,Shimoga,Arecanut,Bette,FAQ,51009,60119,55899,2025-05-05
30996,Shimoga,Shimoga,Arecanut,Bette,FAQ,51029,53599,52500,2022-05-12
31003,Shimoga,Shimoga,Arecanut,Bette,FAQ,51099,58000,57399,2025-05-07
31010,Shimoga,Shimoga,Arecanut,Bette,FAQ,51319,53100,52569,2022-05-05
31011,Shimoga,Shimoga,Arecanut,Bette,FAQ,51319,58219,57989,2025-05-21
31012,Shimoga,Shimoga,Arecanut,Bette,FAQ,51336,53399,52859,2022-05-16
31013,Shimoga,Shimoga,Arecanut,Bette,FAQ,51399,53599,52862,2022-05-18
31015,Shimoga,Shimoga,Arecanut,Bette,FAQ,51399,59099,58589,2025-05-08
31016,Shimoga,Shimoga,Arecanut,Bette,FAQ,51509,58989,57919,2025-05-23
31019,Shimoga,Shimoga,Arecanut,Bette,FAQ,51554,58709,55399,2025-05-13
31022,Shimoga,Shimoga,Arecanut,Bette,FAQ,51599,59399,57299,2025-05-22
31024,Shimoga,Shimoga,Arecanut,Bette,FAQ,51689,53399,52869,2022-05-11
31030,Shimoga,Shimoga,Arecanut,Bette,FAQ,52007,59099,57989,2025-05-20
31056,Shimoga,Shimoga,Arecanut,Bette,FAQ,53569,59299,58519,2025-05-02
31082,Shimoga,Shimoga,Arecanut,Gorabalu,FAQ,13100,21172,20519,2020-05-22
31083,Shimoga,Shimoga,Arecanut,Gorabalu,FAQ,13166,30269,29880,2021-05-05
31112,Shimoga,Shimoga,Arecanut,Gorabalu,FAQ,14172,20569,19089,2020-05-14
31174,Shimoga,Shimoga,Arecanut,Gorabalu,FAQ,15099,21209,20259,2020-05-28
31175,Shimoga,Shimoga,Arecanut,Gorabalu,FAQ,15099,21711,18619,2020-05-13
31208,Shimoga,Shimoga,Arecanut,Gorabalu,FAQ,15199,21129,20369,2020-05-21
31230,Shimoga,Shimoga,Arecanut,Gorabalu,FAQ,15499,21291,16722,2020-05-11
31233,Shimoga,Shimoga,Arecanut,Gorabalu,FAQ,15499,30699,28429,2025-05-21
31256,Shimoga,Shimoga,Arecanut,Gorabalu,FAQ,15699,22091,20499,2020-05-27
31341,Shimoga,Shimoga,Arecanut,Gorabalu,FAQ,16009,37130,33899,2024-05-31
31342,Shimoga,Shimoga,Arecanut,Gorabalu,FAQ,16009,37399,36399,2022-05-23
31345,Shimoga,Shimoga,Arecanut,Gorabalu,FAQ,16009,37699,37099,2022-05-26
31371,Shimoga,Shimoga,Arecanut,Gorabalu,FAQ,16089,21011,20001,2020-05-15
31381,Shimoga,Shimoga,Arecanut,Gorabalu,FAQ,16099,28658,27069,2025-05-14
31433,Shimoga,Shimoga,Arecanut,Gorabalu,FAQ,16161,38166,34669,2024-05-15
31435,Shimoga,Shimoga,Arecanut,Gorabalu,FAQ,16169,32158,28099,2025-05-29
31480,Shimoga,Shimoga,Arecanut,Gorabalu,FAQ,16500,35499,33180,2024-05-22
31483,Shimoga,Shimoga,Arecanut,Gorabalu,FAQ,16500,37479,36469,2022-05-20
31511,Shimoga,Shimoga,Arecanut,Gorabalu,FAQ,16558,31069,26111,2025-05-09
31524,Shimoga,Shimoga,Arecanut,Gorabalu,FAQ,16669,21129,20499,2020-05-26
31526,Shimoga,Shimoga,Arecanut,Gorabalu,FAQ,16669,35069,33869,2023-05-03
31564,Shimoga,Shimoga,Arecanut,Gorabalu,FAQ,17000,30009,29509,2021-05-04
31567,Shimoga,Shimoga,Arecanut,Gorabalu,FAQ,17000,30659,29509,2021-05-03
31618,Shimoga,Shimoga,Arecanut,Gorabalu,FAQ,17000,37699,37258,2022-05-30
31619,Shimoga,Shimoga,Arecanut,Gorabalu,FAQ,17000,37786,37369,2022-05-31
31621,Shimoga,Shimoga,Arecanut,Gorabalu,FAQ,17000,37999,37199,2022-05-16
31638,Shimoga,Shimoga,Arecanut,Gorabalu,FAQ,17001,35009,34299,2023-05-22
31643,Shimoga,Shimoga,Arecanut,Gorabalu,FAQ,17001,36209,35369,2023-05-30
31663,Shimoga,Shimoga,Arecanut,Gorabalu,FAQ,17009,29696,26515,2025-05-12
31677,Shimoga,Shimoga,Arecanut,Gorabalu,FAQ,17009,32869,28299,2025-05-22
31680,Shimoga,Shimoga,Arecanut,Gorabalu,FAQ,17009,33000,26859,2025-05-07
31693,Shimoga,Shimoga,Arecanut,Gorabalu,FAQ,17009,34299,33600,2023-05-02
31698,Shimoga,Shimoga,Arecanut,Gorabalu,FAQ,17009,35299,34519,2023-05-24
31699,Shimoga,Shimoga,Arecanut,Gorabalu,FAQ,17009,35359,34589,2023-05-25
31719,Shimoga,Shimoga,Arecanut,Gorabalu,FAQ,17009,37676,37259,2022-05-27
31738,Shimoga,Shimoga,Arecanut,Gorabalu,FAQ,17010,22009,20299,2020-05-29
31783,Shimoga,Shimoga,Arecanut,Gorabalu,FAQ,17069,22301,18569,2020-05-18
31831,Shimoga,Shimoga,Arecanut,Gorabalu,FAQ,17109,35199,33458,2024-05-03
31847,Shimoga,Shimoga,Arecanut,Gorabalu,FAQ,17119,20610,19889,2020-05-20
31852,Shimoga,Shimoga,Arecanut,Gorabalu,FAQ,17120,36568,35869,2022-05-04
31879,Shimoga,Shimoga,Arecanut,Gorabalu,FAQ,17199,35669,29499,2025-05-02
31890,Shimoga,Shimoga,Arecanut,Gorabalu,FAQ,17209,37258,36609,2022-05-09
31914,Shimoga,Shimoga,Arecanut,Gorabalu,FAQ,17319,20219,18519,2020-05-12
31918,Shimoga,Shimoga,Arecanut,Gorabalu,FAQ,17389,30599,27699,2025-05-26
31948,Shimoga,Shimoga,Arecanut,Gorabalu,FAQ,17519,34418,33890,2023-05-05
31975,Shimoga,Shimoga,Arecanut,Gorabalu,FAQ,17669,38692,33099,2024-05-02
31978,Shimoga,Shimoga,Arecanut,Gorabalu,FAQ,17730,30058,28069,2025-05-19
31979,Shimoga,Shimoga,Arecanut,Gorabalu,FAQ,17780,33199,27800,2025-05-30
31997,Shimoga,Shimoga,Arecanut,Gorabalu,FAQ,17950,38012,34650,2024-05-13
31998,Shimoga,Shimoga,Arecanut,Gorabalu,FAQ,17980,38869,33569,2024-05-21
32013,Shimoga,Shimoga,Arecanut,Gorabalu,FAQ,18000,34651,34209,2023-05-16
32014,Shimoga,Shimoga,Arecanut,Gorabalu,FAQ,18000,34659,34199,2023-05-11
32015,Shimoga,Shimoga,Arecanut,Gorabalu,FAQ,18000,34669,34109,2023-05-15
32016,Shimoga,Shimoga,Arecanut,Gorabalu,FAQ,18000,35069,34399,2023-05-23
32024,Shimoga,Shimoga,Arecanut,Gorabalu,FAQ,18000,36699,33599,2024-05-28
32031,Shimoga,Shimoga,Arecanut,Gorabalu,FAQ,18000,37499,37009,2022-05-10
32033,Shimoga,Shimoga,Arecanut,Gorabalu,FAQ,18000,37699,36700,2022-05-25
32056,Shimoga,Shimoga,Arecanut,Gorabalu,FAQ,18009,30399,28192,2025-05-13
32060,Shimoga,Shimoga,Arecanut,Gorabalu,FAQ,18009,32699,28582,2025-05-20
32069,Shimoga,Shimoga,Arecanut,Gorabalu,FAQ,18009,34786,34200,2023-05-18
32070,Shimoga,Shimoga,Arecanut,Gorabalu,FAQ,18009,34791,34199,2023-05-08
32074,Shimoga,Shimoga,Arecanut,Gorabalu,FAQ,18009,35569,34860,2023-05-29
32077,Shimoga,Shimoga,Arecanut,Gorabalu,FAQ,18009,36159,35469,2023-05-31
32085,Shimoga,Shimoga,Arecanut,Gorabalu,FAQ,18009,37669,37169,2022-05-12
32086,Shimoga,Shimoga,Arecanut,Gorabalu,FAQ,18009,37699,37099,2022-05-11
32087,Shimoga,Shimoga,Arecanut,Gorabalu,FAQ,18009,37899,36899,2022-05-18
32133,Shimoga,Shimoga,Arecanut,Gorabalu,FAQ,18100,35050,34416,2023-05-19
32151,Shimoga,Shimoga,Arecanut,Gorabalu,FAQ,18161,33699,27699,2025-05-08
32158,Shimoga,Shimoga,Arecanut,Gorabalu,FAQ,18189,36899,34899,2024-05-20
32161,Shimoga,Shimoga,Arecanut,Gorabalu,FAQ,18200,37329,36819,2022-05-24
32175,Shimoga,Shimoga,Arecanut,Gorabalu,FAQ,18469,32799,27169,2025-05-15
32181,Shimoga,Shimoga,Arecanut,Gorabalu,FAQ,18509,30669,28799,2025-05-05
32188,Shimoga,Shimoga,Arecanut,Gorabalu,FAQ,18650,37999,37099,2022-05-13
32189,Shimoga,Shimoga,Arecanut,Gorabalu,FAQ,18651,29150,27158,2025-05-16
32200,Shimoga,Shimoga,Arecanut,Gorabalu,FAQ,18900,38099,34099,2024-05-09
32203,Shimoga,Shimoga,Arecanut,Gorabalu,FAQ,19000,36699,36069,2022-05-06
32204,Shimoga,Shimoga,Arecanut,Gorabalu,FAQ,19000,37899,37199,2022-05-17
32212,Shimoga,Shimoga,Arecanut,Gorabalu,FAQ,19009,36069,33799,2024-05-30
32220,Shimoga,Shimoga,Arecanut,Gorabalu,FAQ,19136,37009,36189,2022-05-05
32221,Shimoga,Shimoga,Arecanut,Gorabalu,FAQ,19150,34377,33429,2024-05-24
32227,Shimoga,Shimoga,Arecanut,Gorabalu,FAQ,19211,33669,28369,2025-05-27
32228,Shimoga,Shimoga,Arecanut,Gorabalu,FAQ,19229,33119,26169,2025-05-06
32232,Shimoga,Shimoga,Arecanut,Gorabalu,FAQ,19500,35008,34216,2023-05-17
32233,Shimoga,Shimoga,Arecanut,Gorabalu,FAQ,19550,34599,33358,2024-05-08
32239,Shimoga,Shimoga,Arecanut,Gorabalu,FAQ,19996,35476,34599,2023-05-26
32242,Shimoga,Shimoga,Arecanut,Gorabalu,FAQ,20000,35272,33899,2024-05-17
32246,Shimoga,Shimoga,Arecanut,Gorabalu,FAQ,20000,38012,34258,2024-05-14
32252,Shimoga,Shimoga,Arecanut,Gorabalu,FAQ,20009,30399,28811,2025-05-23
32257,Shimoga,Shimoga,Arecanut,Gorabalu,FAQ,20009,34699,33899,2024-05-06
32258,Shimoga,Shimoga,Arecanut,Gorabalu,FAQ,20009,34715,34299,2023-05-09
32259,Shimoga,Shimoga,Arecanut,Gorabalu,FAQ,20009,35450,34209,2023-05-12
32260,Shimoga,Shimoga,Arecanut,Gorabalu,FAQ,20009,36089,33390,2024-05-27
32262,Shimoga,Shimoga,Arecanut,Gorabalu,FAQ,20009,37799,34299,2024-05-23
32314,Shimoga,Shimoga,Arecanut,Gorabalu,FAQ,24099,37099,33669,2024-05-29
32318,Shimoga,Shimoga,Arecanut,Gorabalu,FAQ,24809,31899,30179,2021-05-07
32329,Shimoga,Shimoga,Arecanut,Gorabalu,FAQ,25119,37130,35009,2024-05-16
32342,Shimoga,Shimoga,Arecanut,Gorabalu,FAQ,28099,34699,33969,2023-05-04
32347,Shimoga,Shimoga,Arecanut,Gorabalu,FAQ,29109,31009,30009,2021-05-06
32351,Shimoga,Shimoga,Arecanut,Gorabalu,FAQ,30109,37899,36819,2022-05-19
32585,Shimoga,Shimoga,Arecanut,Rashi,FAQ,25419,36011,35019,2020-05-13
32600,Shimoga,Shimoga,Arecanut,Rashi,FAQ,27008,53399,52009,2024-05-22
32604,Shimoga,Shimoga,Arecanut,Rashi,FAQ,27019,36555,35399,2020-05-15
32610,Shimoga,Shimoga,Arecanut,Rashi,FAQ,28009,53689,52699,2024-05-28
32611,Shimoga,Shimoga,Arecanut,Rashi,FAQ,28019,34419,34009,2020-05-12
32612,Shimoga,Shimoga,Arecanut,Rashi,FAQ,28050,49599,48699,2023-05-30
32620,Shimoga,Shimoga,Arecanut,Rashi,FAQ,28508,53599,52509,2024-05-27
32621,Shimoga,Shimoga,Arecanut,Rashi,FAQ,28509,53599,52899,2024-05-30
32626,Shimoga,Shimoga,Arecanut,Rashi,FAQ,29009,52499,50559,2024-05-23
32628,Shimoga,Shimoga,Arecanut,Rashi,FAQ,29049,35529,35519,2020-05-14
32667,Shimoga,Shimoga,Arecanut,Rashi,FAQ,30000,53921,53199,2024-05-31
32669,Shimoga,Shimoga,Arecanut,Rashi,FAQ,30008,53009,52169,2024-05-21
32687,Shimoga,Shimoga,Arecanut,Rashi,FAQ,30009,54099,53599,2024-05-15
32728,Shimoga,Shimoga,Arecanut,Rashi,FAQ,30129,37221,36299,2020-05-21
32740,Shimoga,Shimoga,Arecanut,Rashi,FAQ,30169,36011,35831,2020-05-11
32742,Shimoga,Shimoga,Arecanut,Rashi,FAQ,30169,36999,35319,2020-05-18
32782,Shimoga,Shimoga,Arecanut,Rashi,FAQ,30509,48499,47650,2023-05-02
32889,Shimoga,Shimoga,Arecanut,Rashi,FAQ,31509,52209,50899,2024-05-02
32904,Shimoga,Shimoga,Arecanut,Rashi,FAQ,31666,38091,36679,2020-05-27
32935,Shimoga,Shimoga,Arecanut,Rashi,FAQ,32009,53029,51759,2024-05-09
32938,Shimoga,Shimoga,Arecanut,Rashi,FAQ,32019,37555,36109,2020-05-20
32939,Shimoga,Shimoga,Arecanut,Rashi,FAQ,32019,38111,36509,2020-05-22
32954,Shimoga,Shimoga,Arecanut,Rashi,FAQ,32069,54596,53199,2024-05-14
32963,Shimoga,Shimoga,Arecanut,Rashi,FAQ,32130,52338,52299,2024-05-03
32982,Shimoga,Shimoga,Arecanut,Rashi,FAQ,32369,37499,36519,2020-05-26
32989,Shimoga,Shimoga,Arecanut,Rashi,FAQ,32509,38251,37474,2020-05-29
33002,Shimoga,Shimoga,Arecanut,Rashi,FAQ,32669,48899,48019,2023-05-25
33006,Shimoga,Shimoga,Arecanut,Rashi,FAQ,32669,52712,51509,2024-05-06
33010,Shimoga,Shimoga,Arecanut,Rashi,FAQ,32699,54259,53599,2024-05-16
33016,Shimoga,Shimoga,Arecanut,Rashi,FAQ,32811,53699,52899,2024-05-20
33017,Shimoga,Shimoga,Arecanut,Rashi,FAQ,32829,52869,50559,2024-05-08
33036,Shimoga,Shimoga,Arecanut,Rashi,FAQ,33000,54396,53059,2024-05-13
33044,Shimoga,Shimoga,Arecanut,Rashi,FAQ,33080,54099,53599,2024-05-17
33053,Shimoga,Shimoga,Arecanut,Rashi,FAQ,33166,41239,40519,2021-05-04
33054,Shimoga,Shimoga,Arecanut,Rashi,FAQ,33169,39008,36699,2020-05-28
33060,Shimoga,Shimoga,Arecanut,Rashi,FAQ,33200,49099,48209,2023-05-09
33064,Shimoga,Shimoga,Arecanut,Rashi,FAQ,33219,49451,47899,2023-05-05
33073,Shimoga,Shimoga,Arecanut,Rashi,FAQ,33369,48759,47859,2023-05-03
33087,Shimoga,Shimoga,Arecanut,Rashi,FAQ,33669,53599,52759,2024-05-29
33096,Shimoga,Shimoga,Arecanut,Rashi,FAQ,33876,49099,47800,2023-05-11
33100,Shimoga,Shimoga,Arecanut,Rashi,FAQ,34009,48100,47319,2023-05-18
33101,Shimoga,Shimoga,Arecanut,Rashi,FAQ,34009,48599,47899,2023-05-15
33107,Shimoga,Shimoga,Arecanut,Rashi,FAQ,34019,48759,48099,2023-05-04
33114,Shimoga,Shimoga,Arecanut,Rashi,FAQ,34169,48100,47699,2023-05-16
33119,Shimoga,Shimoga,Arecanut,Rashi,FAQ,34366,52899,52009,2024-05-24
33124,Shimoga,Shimoga,Arecanut,Rashi,FAQ,34509,48599,47869,2023-05-23
33126,Shimoga,Shimoga,Arecanut,Rashi,FAQ,34699,48119,47419,2023-05-17
33167,Shimoga,Shimoga,Arecanut,Rashi,FAQ,35156,49099,47899,2023-05-12
33179,Shimoga,Shimoga,Arecanut,Rashi,FAQ,35500,50019,48899,2023-05-31
33184,Shimoga,Shimoga,Arecanut,Rashi,FAQ,35600,48899,47899,2023-05-24
33200,Shimoga,Shimoga,Arecanut,Rashi,FAQ,36000,49099,48169,2023-05-29
33213,Shimoga,Shimoga,Arecanut,Rashi,FAQ,36099,41889,41690,2021-05-07
33224,Shimoga,Shimoga,Arecanut,Rashi,FAQ,36216,48099,47458,2023-05-19
33235,Shimoga,Shimoga,Arecanut,Rashi,FAQ,36500,48709,47869,2023-05-22
33236,Shimoga,Shimoga,Arecanut,Rashi,FAQ,36509,41039,40009,2021-05-03
33243,Shimoga,Shimoga,Arecanut,Rashi,FAQ,36599,41889,41109,2021-05-06
33256,Shimoga,Shimoga,Arecanut,Rashi,FAQ,36716,49299,47909,2023-05-08
33273,Shimoga,Shimoga,Arecanut,Rashi,FAQ,37019,48899,48099,2023-05-26
33376,Shimoga,Shimoga,Arecanut,Rashi,FAQ,38499,41299,40890,2021-05-05
33451,Shimoga,Shimoga,Arecanut,Rashi,FAQ,40009,57599,52512,2025-05-05
33510,Shimoga,Shimoga,Arecanut,Rashi,FAQ,42009,49882,48819,2022-05-19
33529,Shimoga,Shimoga,Arecanut,Rashi,FAQ,42366,57699,52312,2025-05-09
33542,Shimoga,Shimoga,Arecanut,Rashi,FAQ,42699,49599,49099,2022-05-25
33582,Shimoga,Shimoga,Arecanut,Rashi,FAQ,43199,49399,48599,2022-05-23
33595,Shimoga,Shimoga,Arecanut,Rashi,FAQ,43469,50599,50099,2022-05-16
33609,Shimoga,Shimoga,Arecanut,Rashi,FAQ,43666,49389,48658,2022-05-04
33614,Shimoga,Shimoga,Arecanut,Rashi,FAQ,43669,50299,49699,2022-05-30
33623,Shimoga,Shimoga,Arecanut,Rashi,FAQ,43869,50500,50029,2022-05-31
33633,Shimoga,Shimoga,Arecanut,Rashi,FAQ,43999,49509,48658,2022-05-20
33655,Shimoga,Shimoga,Arecanut,Rashi,FAQ,44099,49569,48858,2022-05-06
33667,Shimoga,Shimoga,Arecanut,Rashi,FAQ,44269,49639,49069,2022-05-26
33704,Shimoga,Shimoga,Arecanut,Rashi,FAQ,45000,49409,48809,2022-05-05
33709,Shimoga,Shimoga,Arecanut,Rashi,FAQ,45009,57911,55399,2025-05-19
33726,Shimoga,Shimoga,Arecanut,Rashi,FAQ,45369,49939,49499,2022-05-27
33739,Shimoga,Shimoga,Arecanut,Rashi,FAQ,46000,49499,48619,2022-05-24
33740,Shimoga,Shimoga,Arecanut,Rashi,FAQ,46000,50589,50099,2022-05-17
33741,Shimoga,Shimoga,Arecanut,Rashi,FAQ,46000,50832,50499,2022-05-10
33745,Shimoga,Shimoga,Arecanut,Rashi,FAQ,46009,50099,49899,2022-05-18
33754,Shimoga,Shimoga,Arecanut,Rashi,FAQ,46010,50899,50599,2022-05-12
33770,Shimoga,Shimoga,Arecanut,Rashi,FAQ,46169,57500,55399,2025-05-16
33775,Shimoga,Shimoga,Arecanut,Rashi,FAQ,46338,57000,55199,2025-05-15
33788,Shimoga,Shimoga,Arecanut,Rashi,FAQ,47009,50969,50368,2022-05-11
33791,Shimoga,Shimoga,Arecanut,Rashi,FAQ,47009,58199,54892,2025-05-23
33792,Shimoga,Shimoga,Arecanut,Rashi,FAQ,47009,58589,54269,2025-05-26
33797,Shimoga,Shimoga,Arecanut,Rashi,FAQ,47099,50499,50009,2022-05-09
33803,Shimoga,Shimoga,Arecanut,Rashi,FAQ,47399,56509,54212,2025-05-06
33812,Shimoga,Shimoga,Arecanut,Rashi,FAQ,47666,50899,50499,2022-05-13
33822,Shimoga,Shimoga,Arecanut,Rashi,FAQ,48009,57169,55869,2025-05-20
33828,Shimoga,Shimoga,Arecanut,Rashi,FAQ,48056,58599,57099,2025-05-29
33829,Shimoga,Shimoga,Arecanut,Rashi,FAQ,48099,56599,54599,2025-05-08
33830,Shimoga,Shimoga,Arecanut,Rashi,FAQ,48099,58559,56559,2025-05-27
33835,Shimoga,Shimoga,Arecanut,Rashi,FAQ,48169,58099,55869,2025-05-21
33836,Shimoga,Shimoga,Arecanut,Rashi,FAQ,48169,58699,55899,2025-05-30
33839,Shimoga,Shimoga,Arecanut,Rashi,FAQ,48272,57099,54389,2025-05-14
33841,Shimoga,Shimoga,Arecanut,Rashi,FAQ,48299,57599,55892,2025-05-22
33842,Shimoga,Shimoga,Arecanut,Rashi,FAQ,48351,57009,55899,2025-05-12
33844,Shimoga,Shimoga,Arecanut,Rashi,FAQ,48536,57481,52599,2025-05-02
33846,Shimoga,Shimoga,Arecanut,Rashi,FAQ,48621,57399,52512,2025-05-07
33854,Shimoga,Shimoga,Arecanut,Rashi,FAQ,49009,57059,54212,2025-05-13
33898,Shimoga,Shimoga,Arecanut,Saraku,FAQ,40559,60910,56009,2020-05-15
33900,Shimoga,Shimoga,Arecanut,Saraku,FAQ,40699,56896,54009,2020-05-13
33937,Shimoga,Shimoga,Arecanut,Saraku,FAQ,42009,76240,72200,2023-05-22
33946,Shimoga,Shimoga,Arecanut,Saraku,FAQ,42125,68003,55609,2020-05-11
33958,Shimoga,Shimoga,Arecanut,Saraku,FAQ,42400,63119,57640,2020-05-14
33966,Shimoga,Shimoga,Arecanut,Saraku,FAQ,42472,66196,60299,2020-05-21
33974,Shimoga,Shimoga,Arecanut,Saraku,FAQ,42599,66200,62099,2020-05-27
33985,Shimoga,Shimoga,Arecanut,Saraku,FAQ,43000,74696,62199,2024-05-24
34010,Shimoga,Shimoga,Arecanut,Saraku,FAQ,43300,85896,66240,2024-05-02
34032,Shimoga,Shimoga,Arecanut,Saraku,FAQ,44000,65200,60240,2020-05-20
34085,Shimoga,Shimoga,Arecanut,Saraku,FAQ,44699,65896,60599,2020-05-22
34091,Shimoga,Shimoga,Arecanut,Saraku,FAQ,45000,67399,62599,2020-05-28
34117,Shimoga,Shimoga,Arecanut,Saraku,FAQ,45090,83596,62129,2024-05-28
34119,Shimoga,Shimoga,Arecanut,Saraku,FAQ,45099,72696,65500,2021-05-06
34138,Shimoga,Shimoga,Arecanut,Saraku,FAQ,45159,75009,65699,2023-05-11
34142,Shimoga,Shimoga,Arecanut,Saraku,FAQ,45159,81400,69500,2023-05-29
34143,Shimoga,Shimoga,Arecanut,Saraku,FAQ,45159,81519,72900,2023-05-16
34144,Shimoga,Shimoga,Arecanut,Saraku,FAQ,45159,81986,73500,2023-05-25
34191,Shimoga,Shimoga,Arecanut,Saraku,FAQ,46069,70009,63019,2021-05-05
34254,Shimoga,Shimoga,Arecanut,Saraku,FAQ,47000,63340,56400,2020-05-18
34256,Shimoga,Shimoga,Arecanut,Saraku,FAQ,47000,67400,60540,2020-05-29
34330,Shimoga,Shimoga,Arecanut,Saraku,FAQ,47699,80796,75200,2023-05-02
34365,Shimoga,Shimoga,Arecanut,Saraku,FAQ,48007,66119,60069,2020-05-26
34449,Shimoga,Shimoga,Arecanut,Saraku,FAQ,49200,85130,64413,2024-05-03
34452,Shimoga,Shimoga,Arecanut,Saraku,FAQ,49319,81910,75000,2023-05-30
34475,Shimoga,Shimoga,Arecanut,Saraku,FAQ,50000,82996,82240,2024-05-15
34512,Shimoga,Shimoga,Arecanut,Saraku,FAQ,50099,81896,66577,2024-05-22
34537,Shimoga,Shimoga,Arecanut,Saraku,FAQ,50159,81596,74000,2023-05-09
34550,Shimoga,Shimoga,Arecanut,Saraku,FAQ,50569,80696,72069,2023-05-15
34562,Shimoga,Shimoga,Arecanut,Saraku,FAQ,50999,82996,66699,2025-05-26
34574,Shimoga,Shimoga,Arecanut,Saraku,FAQ,51000,85700,65300,2024-05-09
34576,Shimoga,Shimoga,Arecanut,Saraku,FAQ,51000,92896,64859,2025-05-15
34593,Shimoga,Shimoga,Arecanut,Saraku,FAQ,51100,84610,65410,2024-05-14
34596,Shimoga,Shimoga,Arecanut,Saraku,FAQ,51100,99696,66009,2025-05-27
34600,Shimoga,Shimoga,Arecanut,Saraku,FAQ,51109,80916,76400,2023-05-03
34622,Shimoga,Shimoga,Arecanut,Saraku,FAQ,51659,82103,75500,2023-05-04
34629,Shimoga,Shimoga,Arecanut,Saraku,FAQ,51700,87770,83600,2025-05-09
34634,Shimoga,Shimoga,Arecanut,Saraku,FAQ,52000,75069,63301,2024-05-23
34686,Shimoga,Shimoga,Arecanut,Saraku,FAQ,52366,88896,61699,2025-05-19
34694,Shimoga,Shimoga,Arecanut,Saraku,FAQ,52679,81999,73000,2023-05-18
34701,Shimoga,Shimoga,Arecanut,Saraku,FAQ,52909,82596,68659,2024-05-30
34741,Shimoga,Shimoga,Arecanut,Saraku,FAQ,53400,99150,68840,2025-05-22
34742,Shimoga,Shimoga,Arecanut,Saraku,FAQ,53436,53436,53436,2020-05-12
34765,Shimoga,Shimoga,Arecanut,Saraku,FAQ,54009,89240,70009,2025-05-30
34768,Shimoga,Shimoga,Arecanut,Saraku,FAQ,54069,79896,68996,2024-05-21
34772,Shimoga,Shimoga,Arecanut,Saraku,FAQ,54069,83596,70009,2024-05-16
34775,Shimoga,Shimoga,Arecanut,Saraku,FAQ,54099,75009,66419,2024-05-17
34777,Shimoga,Shimoga,Arecanut,Saraku,FAQ,54099,83009,76000,2023-05-05
34791,Shimoga,Shimoga,Arecanut,Saraku,FAQ,54169,80696,74896,2023-05-19
34814,Shimoga,Shimoga,Arecanut,Saraku,FAQ,55000,82179,70799,2024-05-31
34819,Shimoga,Shimoga,Arecanut,Saraku,FAQ,55009,83896,66399,2024-05-20
34825,Shimoga,Shimoga,Arecanut,Saraku,FAQ,55029,72140,71710,2024-05-08
34835,Shimoga,Shimoga,Arecanut,Saraku,FAQ,55119,96996,86210,2025-05-29
34851,Shimoga,Shimoga,Arecanut,Saraku,FAQ,56000,79699,70606,2022-05-06
34861,Shimoga,Shimoga,Arecanut,Saraku,FAQ,56019,79610,74000,2022-05-09
34865,Shimoga,Shimoga,Arecanut,Saraku,FAQ,56069,83170,75100,2023-05-31
34871,Shimoga,Shimoga,Arecanut,Saraku,FAQ,56109,77596,66899,2024-05-29
34874,Shimoga,Shimoga,Arecanut,Saraku,FAQ,56109,80399,73800,2022-05-26
34876,Shimoga,Shimoga,Arecanut,Saraku,FAQ,56109,82399,75009,2023-05-24
34878,Shimoga,Shimoga,Arecanut,Saraku,FAQ,56159,81299,74500,2023-05-26
34882,Shimoga,Shimoga,Arecanut,Saraku,FAQ,56209,79909,72590,2022-05-05
34883,Shimoga,Shimoga,Arecanut,Saraku,FAQ,56299,78800,70859,2022-05-19
34886,Shimoga,Shimoga,Arecanut,Saraku,FAQ,56359,80296,73030,2022-05-12
34887,Shimoga,Shimoga,Arecanut,Saraku,FAQ,56366,80100,72100,2022-05-04
34897,Shimoga,Shimoga,Arecanut,Saraku,FAQ,56619,79196,73069,2022-05-23
34904,Shimoga,Shimoga,Arecanut,Saraku,FAQ,56819,79299,75396,2022-05-27
34917,Shimoga,Shimoga,Arecanut,Saraku,FAQ,57109,79999,71810,2022-05-16
34920,Shimoga,Shimoga,Arecanut,Saraku,FAQ,57119,80140,73100,2022-05-13
34936,Shimoga,Shimoga,Arecanut,Saraku,FAQ,57619,79600,70019,2022-05-11
34948,Shimoga,Shimoga,Arecanut,Saraku,FAQ,58000,79796,74100,2022-05-10
34954,Shimoga,Shimoga,Arecanut,Saraku,FAQ,58010,80099,74000,2022-05-20
34963,Shimoga,Shimoga,Arecanut,Saraku,FAQ,58129,96996,81599,2025-05-08
34967,Shimoga,Shimoga,Arecanut,Saraku,FAQ,58199,80196,72390,2022-05-31
34971,Shimoga,Shimoga,Arecanut,Saraku,FAQ,58400,80600,73600,2022-05-30
34972,Shimoga,Shimoga,Arecanut,Saraku,FAQ,58436,80140,72996,2023-05-08
34975,Shimoga,Shimoga,Arecanut,Saraku,FAQ,58619,81400,72550,2023-05-17
34983,Shimoga,Shimoga,Arecanut,Saraku,FAQ,58700,98596,62270,2025-05-20
34987,Shimoga,Shimoga,Arecanut,Saraku,FAQ,58903,78400,72300,2023-05-12
34992,Shimoga,Shimoga,Arecanut,Saraku,FAQ,59000,95300,88650,2025-05-02
34997,Shimoga,Shimoga,Arecanut,Saraku,FAQ,59109,96540,88250,2025-05-05
35007,Shimoga,Shimoga,Arecanut,Saraku,FAQ,60000,80399,73040,2022-05-17
35021,Shimoga,Shimoga,Arecanut,Saraku,FAQ,60129,98896,66909,2025-05-13
35025,Shimoga,Shimoga,Arecanut,Saraku,FAQ,60200,80496,70549,2022-05-25
35029,Shimoga,Shimoga,Arecanut,Saraku,FAQ,60399,92510,77009,2025-05-21
35035,Shimoga,Shimoga,Arecanut,Saraku,FAQ,60710,89986,88200,2025-05-07
35036,Shimoga,Shimoga,Arecanut,Saraku,FAQ,60799,86600,64400,2025-05-14
35040,Shimoga,Shimoga,Arecanut,Saraku,FAQ,61009,91240,70140,2025-05-23
35043,Shimoga,Shimoga,Arecanut,Saraku,FAQ,61129,98610,83200,2025-05-06
35045,Shimoga,Shimoga,Arecanut,Saraku,FAQ,61209,85710,71896,2025-05-16
35053,Shimoga,Shimoga,Arecanut,Saraku,FAQ,62119,80396,69119,2022-05-18
35054,Shimoga,Shimoga,Arecanut,Saraku,FAQ,62200,93420,80140,2025-05-12
35055,Shimoga,Shimoga,Arecanut,Saraku,FAQ,62259,66396,64399,2024-05-27
35064,Shimoga,Shimoga,Arecanut,Saraku,FAQ,63989,81100,71200,2024-05-13
35075,Shimoga,Shimoga,Arecanut,Saraku,FAQ,72009,78100,75054,2024-05-06
29874,Shimoga,Shimoga,Arecanut,Bette,FAQ,30109,55629,53599,2024-05-30
29881,Shimoga,Shimoga,Arecanut,Bette,FAQ,32065,55200,54895,2024-05-20
29885,Shimoga,Shimoga,Arecanut,Bette,FAQ,32519,39109,37172,2020-05-11
29919,Shimoga,Shimoga,Arecanut,Bette,FAQ,34019,38399,37079,2020-05-13
29969,Shimoga,Shimoga,Arecanut,Bette,FAQ,35109,39111,37419,2020-05-18
29979,Shimoga,Shimoga,Arecanut,Bette,FAQ,35219,37999,37239,2020-05-15
29995,Shimoga,Shimoga,Arecanut,Bette,FAQ,35419,38099,37609,2020-05-14
30004,Shimoga,Shimoga,Arecanut,Bette,FAQ,35609,54611,49599,2024-05-27
30010,Shimoga,Shimoga,Arecanut,Bette,FAQ,35699,39555,38789,2020-05-20
30011,Shimoga,Shimoga,Arecanut,Bette,FAQ,35699,40299,38799,2020-05-28
30018,Shimoga,Shimoga,Arecanut,Bette,FAQ,35889,39519,38589,2020-05-21
30031,Shimoga,Shimoga,Arecanut,Bette,FAQ,36009,36009,36009,2020-05-12
30050,Shimoga,Shimoga,Arecanut,Bette,FAQ,36100,39999,38899,2020-05-22
30092,Shimoga,Shimoga,Arecanut,Bette,FAQ,36569,39989,38840,2020-05-26
30117,Shimoga,Shimoga,Arecanut,Bette,FAQ,36900,40299,38869,2020-05-27
30155,Shimoga,Shimoga,Arecanut,Bette,FAQ,37850,40399,39289,2020-05-29
30186,Shimoga,Shimoga,Arecanut,Bette,FAQ,38509,43000,41709,2021-05-03
30200,Shimoga,Shimoga,Arecanut,Bette,FAQ,38722,43259,42519,2021-05-06
30208,Shimoga,Shimoga,Arecanut,Bette,FAQ,38899,55600,54169,2024-05-13
30260,Shimoga,Shimoga,Arecanut,Bette,FAQ,40069,54899,52114,2024-05-23
30279,Shimoga,Shimoga,Arecanut,Bette,FAQ,40250,55786,55169,2024-05-15
30336,Shimoga,Shimoga,Arecanut,Bette,FAQ,41799,43699,42800,2021-05-07
30349,Shimoga,Shimoga,Arecanut,Bette,FAQ,42009,43899,42689,2021-05-05
30365,Shimoga,Shimoga,Arecanut,Bette,FAQ,42159,52209,50899,2024-05-02
30410,Shimoga,Shimoga,Arecanut,Bette,FAQ,43066,55896,52809,2024-05-14
30415,Shimoga,Shimoga,Arecanut,Bette,FAQ,43099,54509,51769,2023-05-24
30432,Shimoga,Shimoga,Arecanut,Bette,FAQ,43366,55129,53099,2024-05-17
30441,Shimoga,Shimoga,Arecanut,Bette,FAQ,43599,53452,51400,2023-05-18
30442,Shimoga,Shimoga,Arecanut,Bette,FAQ,43599,53672,50699,2023-05-22
30451,Shimoga,Shimoga,Arecanut,Bette,FAQ,43899,53000,50749,2023-05-09
30487,Shimoga,Shimoga,Arecanut,Bette,FAQ,44444,55100,54199,2024-05-29
30509,Shimoga,Shimoga,Arecanut,Bette,FAQ,45000,53330,51609,2023-05-19
30525,Shimoga,Shimoga,Arecanut,Bette,FAQ,45069,54599,53000,2024-05-28
30528,Shimoga,Shimoga,Arecanut,Bette,FAQ,45069,55319,54119,2024-05-21
30559,Shimoga,Shimoga,Arecanut,Bette,FAQ,45500,54519,51200,2024-05-08
30582,Shimoga,Shimoga,Arecanut,Bette,FAQ,46009,58199,57569,2025-05-19
30589,Shimoga,Shimoga,Arecanut,Bette,FAQ,46019,54100,51799,2023-05-23
30636,Shimoga,Shimoga,Arecanut,Bette,FAQ,46500,53599,51699,2023-05-16
30659,Shimoga,Shimoga,Arecanut,Bette,FAQ,46569,54089,51990,2023-05-25
30660,Shimoga,Shimoga,Arecanut,Bette,FAQ,46569,54169,51569,2023-05-30
30661,Shimoga,Shimoga,Arecanut,Bette,FAQ,46569,54629,53009,2024-05-22
30664,Shimoga,Shimoga,Arecanut,Bette,FAQ,46569,55599,54569,2024-05-09
30681,Shimoga,Shimoga,Arecanut,Bette,FAQ,46899,53019,51890,2023-05-05
30703,Shimoga,Shimoga,Arecanut,Bette,FAQ,47069,54799,53299,2024-05-24
30704,Shimoga,Shimoga,Arecanut,Bette,FAQ,47069,57299,56300,2025-05-16
30754,Shimoga,Shimoga,Arecanut,Bette,FAQ,47500,52910,51399,2023-05-11
30757,Shimoga,Shimoga,Arecanut,Bette,FAQ,47509,53219,50839,2023-05-04
30763,Shimoga,Shimoga,Arecanut,Bette,FAQ,47569,52500,50569,2023-05-02
30770,Shimoga,Shimoga,Arecanut,Bette,FAQ,47609,53283,50599,2023-05-08
30821,Shimoga,Shimoga,Arecanut,Bette,FAQ,48299,53410,51500,2023-05-29
30825,Shimoga,Shimoga,Arecanut,Bette,FAQ,48399,53569,51769,2023-05-26
30831,Shimoga,Shimoga,Arecanut,Bette,FAQ,48509,52700,50999,2023-05-15
30832,Shimoga,Shimoga,Arecanut,Bette,FAQ,48509,53010,50609,2023-05-03
30839,Shimoga,Shimoga,Arecanut,Bette,FAQ,48569,55889,54221,2024-05-16
30843,Shimoga,Shimoga,Arecanut,Bette,FAQ,48599,53219,51799,2023-05-17
30844,Shimoga,Shimoga,Arecanut,Bette,FAQ,48599,58699,56019,2025-05-15
30847,Shimoga,Shimoga,Arecanut,Bette,FAQ,48619,53000,50650,2023-05-12
30855,Shimoga,Shimoga,Arecanut,Bette,FAQ,48699,56329,54199,2024-05-03
30859,Shimoga,Shimoga,Arecanut,Bette,FAQ,48800,52269,51799,2022-05-23
30867,Shimoga,Shimoga,Arecanut,Bette,FAQ,48899,52920,51819,2022-05-24
30870,Shimoga,Shimoga,Arecanut,Bette,FAQ,48900,54610,52200,2022-05-09
30874,Shimoga,Shimoga,Arecanut,Bette,FAQ,49000,53440,52500,2022-05-13
30879,Shimoga,Shimoga,Arecanut,Bette,FAQ,49000,59299,57399,2025-05-09
30881,Shimoga,Shimoga,Arecanut,Bette,FAQ,49009,53369,52009,2022-05-31
30884,Shimoga,Shimoga,Arecanut,Bette,FAQ,49058,52899,52200,2022-05-04
30887,Shimoga,Shimoga,Arecanut,Bette,FAQ,49069,52989,49569,2024-05-31
30907,Shimoga,Shimoga,Arecanut,Bette,FAQ,49400,52589,51719,2022-05-19
30909,Shimoga,Shimoga,Arecanut,Bette,FAQ,49509,54599,52569,2023-05-31
30916,Shimoga,Shimoga,Arecanut,Bette,FAQ,49619,53640,52830,2022-05-30
30925,Shimoga,Shimoga,Arecanut,Bette,FAQ,49900,53989,52019,2022-05-26
30928,Shimoga,Shimoga,Arecanut,Bette,FAQ,50009,53439,52000,2022-05-27
30934,Shimoga,Shimoga,Arecanut,Bette,FAQ,50009,59429,57349,2025-05-30
30940,Shimoga,Shimoga,Arecanut,Bette,FAQ,50039,53909,51819,2022-05-20
30943,Shimoga,Shimoga,Arecanut,Bette,FAQ,50070,53400,52610,2022-05-06
30948,Shimoga,Shimoga,Arecanut,Bette,FAQ,50100,53409,52200,2022-05-25
30949,Shimoga,Shimoga,Arecanut,Bette,FAQ,50100,58300,57599,2025-05-14
30950,Shimoga,Shimoga,Arecanut,Bette,FAQ,50109,59199,58099,2025-05-06
30954,Shimoga,Shimoga,Arecanut,Bette,FAQ,50119,54119,54000,2024-05-06
30956,Shimoga,Shimoga,Arecanut,Bette,FAQ,50119,58069,57699,2025-05-26
30960,Shimoga,Shimoga,Arecanut,Bette,FAQ,50199,59240,57600,2025-05-12
30964,Shimoga,Shimoga,Arecanut,Bette,FAQ,50369,53499,52800,2022-05-10
30976,Shimoga,Shimoga,Arecanut,Bette,FAQ,50577,58889,57989,2025-05-27
30978,Shimoga,Shimoga,Arecanut,Bette,FAQ,50599,53699,52599,2022-05-17
30980,Shimoga,Shimoga,Arecanut,Bette,FAQ,50599,58899,56399,2025-05-29
30994,Shimoga,Shimoga,Arecanut,Bette,FAQ,51009,60119,55899,2025-05-05
30996,Shimoga,Shimoga,Arecanut,Bette,FAQ,51029,53599,52500,2022-05-12
31003,Shimoga,Shimoga,Arecanut,Bette,FAQ,51099,58000,57399,2025-05-07
31010,Shimoga,Shimoga,Arecanut,Bette,FAQ,51319,53100,52569,2022-05-05
31011,Shimoga,Shimoga,Arecanut,Bette,FAQ,51319,58219,57989,2025-05-21
31012,Shimoga,Shimoga,Arecanut,Bette,FAQ,51336,53399,52859,2022-05-16
31013,Shimoga,Shimoga,Arecanut,Bette,FAQ,51399,53599,52862,2022-05-18
31015,Shimoga,Shimoga,Arecanut,Bette,FAQ,51399,59099,58589,2025-05-08
31016,Shimoga,Shimoga,Arecanut,Bette,FAQ,51509,58989,57919,2025-05-23
31019,Shimoga,Shimoga,Arecanut,Bette,FAQ,51554,58709,55399,2025-05-13
31022,Shimoga,Shimoga,Arecanut,Bette,FAQ,51599,59399,57299,2025-05-22
31024,Shimoga,Shimoga,Arecanut,Bette,FAQ,51689,53399,52869,2022-05-11
31030,Shimoga,Shimoga,Arecanut,Bette,FAQ,52007,59099,57989,2025-05-20
31056,Shimoga,Shimoga,Arecanut,Bette,FAQ,53569,59299,58519,2025-05-02
31082,Shimoga,Shimoga,Arecanut,Gorabalu,FAQ,13100,21172,20519,2020-05-22
31083,Shimoga,Shimoga,Arecanut,Gorabalu,FAQ,13166,30269,29880,2021-05-05
31112,Shimoga,Shimoga,Arecanut,Gorabalu,FAQ,14172,20569,19089,2020-05-14
31174,Shimoga,Shimoga,Arecanut,Gorabalu,FAQ,15099,21209,20259,2020-05-28
31175,Shimoga,Shimoga,Arecanut,Gorabalu,FAQ,15099,21711,18619,2020-05-13
31208,Shimoga,Shimoga,Arecanut,Gorabalu,FAQ,15199,21129,20369,2020-05-21
31230,Shimoga,Shimoga,Arecanut,Gorabalu,FAQ,15499,21291,16722,2020-05-11
31233,Shimoga,Shimoga,Arecanut,Gorabalu,FAQ,15499,30699,28429,2025-05-21
31256,Shimoga,Shimoga,Arecanut,Gorabalu,FAQ,15699,22091,20499,2020-05-27
31341,Shimoga,Shimoga,Arecanut,Gorabalu,FAQ,16009,37130,33899,2024-05-31
31342,Shimoga,Shimoga,Arecanut,Gorabalu,FAQ,16009,37399,36399,2022-05-23
31345,Shimoga,Shimoga,Arecanut,Gorabalu,FAQ,16009,37699,37099,2022-05-26
31371,Shimoga,Shimoga,Arecanut,Gorabalu,FAQ,16089,21011,20001,2020-05-15
31381,Shimoga,Shimoga,Arecanut,Gorabalu,FAQ,16099,28658,27069,2025-05-14
31433,Shimoga,Shimoga,Arecanut,Gorabalu,FAQ,16161,38166,34669,2024-05-15
31435,Shimoga,Shimoga,Arecanut,Gorabalu,FAQ,16169,32158,28099,2025-05-29
31480,Shimoga,Shimoga,Arecanut,Gorabalu,FAQ,16500,35499,33180,2024-05-22
31483,Shimoga,Shimoga,Arecanut,Gorabalu,FAQ,16500,37479,36469,2022-05-20
31511,Shimoga,Shimoga,Arecanut,Gorabalu,FAQ,16558,31069,26111,2025-05-09
31524,Shimoga,Shimoga,Arecanut,Gorabalu,FAQ,16669,21129,20499,2020-05-26
31526,Shimoga,Shimoga,Arecanut,Gorabalu,FAQ,16669,35069,33869,2023-05-03
31564,Shimoga,Shimoga,Arecanut,Gorabalu,FAQ,17000,30009,29509,2021-05-04
31567,Shimoga,Shimoga,Arecanut,Gorabalu,FAQ,17000,30659,29509,2021-05-03
31618,Shimoga,Shimoga,Arecanut,Gorabalu,FAQ,17000,37699,37258,2022-05-30
31619,Shimoga,Shimoga,Arecanut,Gorabalu,FAQ,17000,37786,37369,2022-05-31
31621,Shimoga,Shimoga,Arecanut,Gorabalu,FAQ,17000,37999,37199,2022-05-16
31638,Shimoga,Shimoga,Arecanut,Gorabalu,FAQ,17001,35009,34299,2023-05-22
31643,Shimoga,Shimoga,Arecanut,Gorabalu,FAQ,17001,36209,35369,2023-05-30
31663,Shimoga,Shimoga,Arecanut,Gorabalu,FAQ,17009,29696,26515,2025-05-12
31677,Shimoga,Shimoga,Arecanut,Gorabalu,FAQ,17009,32869,28299,2025-05-22
31680,Shimoga,Shimoga,Arecanut,Gorabalu,FAQ,17009,33000,26859,2025-05-07
31693,Shimoga,Shimoga,Arecanut,Gorabalu,FAQ,17009,34299,33600,2023-05-02
31698,Shimoga,Shimoga,Arecanut,Gorabalu,FAQ,17009,35299,34519,2023-05-24
31699,Shimoga,Shimoga,Arecanut,Gorabalu,FAQ,17009,35359,34589,2023-05-25
31719,Shimoga,Shimoga,Arecanut,Gorabalu,FAQ,17009,37676,37259,2022-05-27
31738,Shimoga,Shimoga,Arecanut,Gorabalu,FAQ,17010,22009,20299,2020-05-29
31783,Shimoga,Shimoga,Arecanut,Gorabalu,FAQ,17069,22301,18569,2020-05-18
31831,Shimoga,Shimoga,Arecanut,Gorabalu,FAQ,17109,35199,33458,2024-05-03
31847,Shimoga,Shimoga,Arecanut,Gorabalu,FAQ,17119,20610,19889,2020-05-20
31852,Shimoga,Shimoga,Arecanut,Gorabalu,FAQ,17120,36568,35869,2022-05-04
31879,Shimoga,Shimoga,Arecanut,Gorabalu,FAQ,17199,35669,29499,2025-05-02
31890,Shimoga,Shimoga,Arecanut,Gorabalu,FAQ,17209,37258,36609,2022-05-09
31914,Shimoga,Shimoga,Arecanut,Gorabalu,FAQ,17319,20219,18519,2020-05-12
31918,Shimoga,Shimoga,Arecanut,Gorabalu,FAQ,17389,30599,27699,2025-05-26
31948,Shimoga,Shimoga,Arecanut,Gorabalu,FAQ,17519,34418,33890,2023-05-05
31975,Shimoga,Shimoga,Arecanut,Gorabalu,FAQ,17669,38692,33099,2024-05-02
31978,Shimoga,Shimoga,Arecanut,Gorabalu,FAQ,17730,30058,28069,2025-05-19
31979,Shimoga,Shimoga,Arecanut,Gorabalu,FAQ,17780,33199,27800,2025-05-30
31997,Shimoga,Shimoga,Arecanut,Gorabalu,FAQ,17950,38012,34650,2024-05-13
31998,Shimoga,Shimoga,Arecanut,Gorabalu,FAQ,17980,38869,33569,2024-05-21
32013,Shimoga,Shimoga,Arecanut,Gorabalu,FAQ,18000,34651,34209,2023-05-16
32014,Shimoga,Shimoga,Arecanut,Gorabalu,FAQ,18000,34659,34199,2023-05-11
32015,Shimoga,Shimoga,Arecanut,Gorabalu,FAQ,18000,34669,34109,2023-05-15
32016,Shimoga,Shimoga,Arecanut,Gorabalu,FAQ,18000,35069,34399,2023-05-23
32024,Shimoga,Shimoga,Arecanut,Gorabalu,FAQ,18000,36699,33599,2024-05-28
32031,Shimoga,Shimoga,Arecanut,Gorabalu,FAQ,18000,37499,37009,2022-05-10
32033,Shimoga,Shimoga,Arecanut,Gorabalu,FAQ,18000,37699,36700,2022-05-25
32056,Shimoga,Shimoga,Arecanut,Gorabalu,FAQ,18009,30399,28192,2025-05-13
32060,Shimoga,Shimoga,Arecanut,Gorabalu,FAQ,18009,32699,28582,2025-05-20
32069,Shimoga,Shimoga,Arecanut,Gorabalu,FAQ,18009,34786,34200,2023-05-18
32070,Shimoga,Shimoga,Arecanut,Gorabalu,FAQ,18009,34791,34199,2023-05-08
32074,Shimoga,Shimoga,Arecanut,Gorabalu,FAQ,18009,35569,34860,2023-05-29
32077,Shimoga,Shimoga,Arecanut,Gorabalu,FAQ,18009,36159,35469,2023-05-31
32085,Shimoga,Shimoga,Arecanut,Gorabalu,FAQ,18009,37669,37169,2022-05-12
32086,Shimoga,Shimoga,Arecanut,Gorabalu,FAQ,18009,37699,37099,2022-05-11
32087,Shimoga,Shimoga,Arecanut,Gorabalu,FAQ,18009,37899,36899,2022-05-18
32133,Shimoga,Shimoga,Arecanut,Gorabalu,FAQ,18100,35050,34416,2023-05-19
32151,Shimoga,Shimoga,Arecanut,Gorabalu,FAQ,18161,33699,27699,2025-05-08
32158,Shimoga,Shimoga,Arecanut,Gorabalu,FAQ,18189,36899,34899,2024-05-20
32161,Shimoga,Shimoga,Arecanut,Gorabalu,FAQ,18200,37329,36819,2022-05-24
32175,Shimoga,Shimoga,Arecanut,Gorabalu,FAQ,18469,32799,27169,2025-05-15
32181,Shimoga,Shimoga,Arecanut,Gorabalu,FAQ,18509,30669,28799,2025-05-05
32188,Shimoga,Shimoga,Arecanut,Gorabalu,FAQ,18650,37999,37099,2022-05-13
32189,Shimoga,Shimoga,Arecanut,Gorabalu,FAQ,18651,29150,27158,2025-05-16
32200,Shimoga,Shimoga,Arecanut,Gorabalu,FAQ,18900,38099,34099,2024-05-09
32203,Shimoga,Shimoga,Arecanut,Gorabalu,FAQ,19000,36699,36069,2022-05-06
32204,Shimoga,Shimoga,Arecanut,Gorabalu,FAQ,19000,37899,37199,2022-05-17
32212,Shimoga,Shimoga,Arecanut,Gorabalu,FAQ,19009,36069,33799,2024-05-30
32220,Shimoga,Shimoga,Arecanut,Gorabalu,FAQ,19136,37009,36189,2022-05-05
32221,Shimoga,Shimoga,Arecanut,Gorabalu,FAQ,19150,34377,33429,2024-05-24
32227,Shimoga,Shimoga,Arecanut,Gorabalu,FAQ,19211,33669,28369,2025-05-27
32228,Shimoga,Shimoga,Arecanut,Gorabalu,FAQ,19229,33119,26169,2025-05-06
32232,Shimoga,Shimoga,Arecanut,Gorabalu,FAQ,19500,35008,34216,2023-05-17
32233,Shimoga,Shimoga,Arecanut,Gorabalu,FAQ,19550,34599,33358,2024-05-08
32239,Shimoga,Shimoga,Arecanut,Gorabalu,FAQ,19996,35476,34599,2023-05-26
32242,Shimoga,Shimoga,Arecanut,Gorabalu,FAQ,20000,35272,33899,2024-05-17
32246,Shimoga,Shimoga,Arecanut,Gorabalu,FAQ,20000,38012,34258,2024-05-14
32252,Shimoga,Shimoga,Arecanut,Gorabalu,FAQ,20009,30399,28811,2025-05-23
32257,Shimoga,Shimoga,Arecanut,Gorabalu,FAQ,20009,34699,33899,2024-05-06
32258,Shimoga,Shimoga,Arecanut,Gorabalu,FAQ,20009,34715,34299,2023-05-09
32259,Shimoga,Shimoga,Arecanut,Gorabalu,FAQ,20009,35450,34209,2023-05-12
32260,Shimoga,Shimoga,Arecanut,Gorabalu,FAQ,20009,36089,33390,2024-05-27
32262,Shimoga,Shimoga,Arecanut,Gorabalu,FAQ,20009,37799,34299,2024-05-23
32314,Shimoga,Shimoga,Arecanut,Gorabalu,FAQ,24099,37099,33669,2024-05-29
32318,Shimoga,Shimoga,Arecanut,Gorabalu,FAQ,24809,31899,30179,2021-05-07
32329,Shimoga,Shimoga,Arecanut,Gorabalu,FAQ,25119,37130,35009,2024-05-16
32342,Shimoga,Shimoga,Arecanut,Gorabalu,FAQ,28099,34699,33969,2023-05-04
32347,Shimoga,Shimoga,Arecanut,Gorabalu,FAQ,29109,31009,30009,2021-05-06
32351,Shimoga,Shimoga,Arecanut,Gorabalu,FAQ,30109,37899,36819,2022-05-19
32585,Shimoga,Shimoga,Arecanut,Rashi,FAQ,25419,36011,35019,2020-05-13
32600,Shimoga,Shimoga,Arecanut,Rashi,FAQ,27008,53399,52009,2024-05-22
32604,Shimoga,Shimoga,Arecanut,Rashi,FAQ,27019,36555,35399,2020-05-15
32610,Shimoga,Shimoga,Arecanut,Rashi,FAQ,28009,53689,52699,2024-05-28
32611,Shimoga,Shimoga,Arecanut,Rashi,FAQ,28019,34419,34009,2020-05-12
32612,Shimoga,Shimoga,Arecanut,Rashi,FAQ,28050,49599,48699,2023-05-30
32620,Shimoga,Shimoga,Arecanut,Rashi,FAQ,28508,53599,52509,2024-05-27
32621,Shimoga,Shimoga,Arecanut,Rashi,FAQ,28509,53599,52899,2024-05-30
32626,Shimoga,Shimoga,Arecanut,Rashi,FAQ,29009,52499,50559,2024-05-23
32628,Shimoga,Shimoga,Arecanut,Rashi,FAQ,29049,35529,35519,2020-05-14
32667,Shimoga,Shimoga,Arecanut,Rashi,FAQ,30000,53921,53199,2024-05-31
32669,Shimoga,Shimoga,Arecanut,Rashi,FAQ,30008,53009,52169,2024-05-21
32687,Shimoga,Shimoga,Arecanut,Rashi,FAQ,30009,54099,53599,2024-05-15
32728,Shimoga,Shimoga,Arecanut,Rashi,FAQ,30129,37221,36299,2020-05-21
32740,Shimoga,Shimoga,Arecanut,Rashi,FAQ,30169,36011,35831,2020-05-11
32742,Shimoga,Shimoga,Arecanut,Rashi,FAQ,30169,36999,35319,2020-05-18
32782,Shimoga,Shimoga,Arecanut,Rashi,FAQ,30509,48499,47650,2023-05-02
32889,Shimoga,Shimoga,Arecanut,Rashi,FAQ,31509,52209,50899,2024-05-02
32904,Shimoga,Shimoga,Arecanut,Rashi,FAQ,31666,38091,36679,2020-05-27
32935,Shimoga,Shimoga,Arecanut,Rashi,FAQ,32009,53029,51759,2024-05-09
32938,Shimoga,Shimoga,Arecanut,Rashi,FAQ,32019,37555,36109,2020-05-20
32939,Shimoga,Shimoga,Arecanut,Rashi,FAQ,32019,38111,36509,2020-05-22
32954,Shimoga,Shimoga,Arecanut,Rashi,FAQ,32069,54596,53199,2024-05-14
32963,Shimoga,Shimoga,Arecanut,Rashi,FAQ,32130,52338,52299,2024-05-03
32982,Shimoga,Shimoga,Arecanut,Rashi,FAQ,32369,37499,36519,2020-05-26
32989,Shimoga,Shimoga,Arecanut,Rashi,FAQ,32509,38251,37474,2020-05-29
33002,Shimoga,Shimoga,Arecanut,Rashi,FAQ,32669,48899,48019,2023-05-25
33006,Shimoga,Shimoga,Arecanut,Rashi,FAQ,32669,52712,51509,2024-05-06
33010,Shimoga,Shimoga,Arecanut,Rashi,FAQ,32699,54259,53599,2024-05-16
33016,Shimoga,Shimoga,Arecanut,Rashi,FAQ,32811,53699,52899,2024-05-20
33017,Shimoga,Shimoga,Arecanut,Rashi,FAQ,32829,52869,50559,2024-05-08
33036,Shimoga,Shimoga,Arecanut,Rashi,FAQ,33000,54396,53059,2024-05-13
33044,Shimoga,Shimoga,Arecanut,Rashi,FAQ,33080,54099,53599,2024-05-17
33053,Shimoga,Shimoga,Arecanut,Rashi,FAQ,33166,41239,40519,2021-05-04
33054,Shimoga,Shimoga,Arecanut,Rashi,FAQ,33169,39008,36699,2020-05-28
33060,Shimoga,Shimoga,Arecanut,Rashi,FAQ,33200,49099,48209,2023-05-09
33064,Shimoga,Shimoga,Arecanut,Rashi,FAQ,33219,49451,47899,2023-05-05
33073,Shimoga,Shimoga,Arecanut,Rashi,FAQ,33369,48759,47859,2023-05-03
33087,Shimoga,Shimoga,Arecanut,Rashi,FAQ,33669,53599,52759,2024-05-29
33096,Shimoga,Shimoga,Arecanut,Rashi,FAQ,33876,49099,47800,2023-05-11
33100,Shimoga,Shimoga,Arecanut,Rashi,FAQ,34009,48100,47319,2023-05-18
33101,Shimoga,Shimoga,Arecanut,Rashi,FAQ,34009,48599,47899,2023-05-15
33107,Shimoga,Shimoga,Arecanut,Rashi,FAQ,34019,48759,48099,2023-05-04
33114,Shimoga,Shimoga,Arecanut,Rashi,FAQ,34169,48100,47699,2023-05-16
33119,Shimoga,Shimoga,Arecanut,Rashi,FAQ,34366,52899,52009,2024-05-24
33124,Shimoga,Shimoga,Arecanut,Rashi,FAQ,34509,48599,47869,2023-05-23
33126,Shimoga,Shimoga,Arecanut,Rashi,FAQ,34699,48119,47419,2023-05-17
33167,Shimoga,Shimoga,Arecanut,Rashi,FAQ,35156,49099,47899,2023-05-12
33179,Shimoga,Shimoga,Arecanut,Rashi,FAQ,35500,50019,48899,2023-05-31
33184,Shimoga,Shimoga,Arecanut,Rashi,FAQ,35600,48899,47899,2023-05-24
33200,Shimoga,Shimoga,Arecanut,Rashi,FAQ,36000,49099,48169,2023-05-29
33213,Shimoga,Shimoga,Arecanut,Rashi,FAQ,36099,41889,41690,2021-05-07
33224,Shimoga,Shimoga,Arecanut,Rashi,FAQ,36216,48099,47458,2023-05-19
33235,Shimoga,Shimoga,Arecanut,Rashi,FAQ,36500,48709,47869,2023-05-22
33236,Shimoga,Shimoga,Arecanut,Rashi,FAQ,36509,41039,40009,2021-05-03
33243,Shimoga,Shimoga,Arecanut,Rashi,FAQ,36599,41889,41109,2021-05-06
33256,Shimoga,Shimoga,Arecanut,Rashi,FAQ,36716,49299,47909,2023-05-08
33273,Shimoga,Shimoga,Arecanut,Rashi,FAQ,37019,48899,48099,2023-05-26
33376,Shimoga,Shimoga,Arecanut,Rashi,FAQ,38499,41299,40890,2021-05-05
33451,Shimoga,Shimoga,Arecanut,Rashi,FAQ,40009,57599,52512,2025-05-05
33510,Shimoga,Shimoga,Arecanut,Rashi,FAQ,42009,49882,48819,2022-05-19
33529,Shimoga,Shimoga,Arecanut,Rashi,FAQ,42366,57699,52312,2025-05-09
33542,Shimoga,Shimoga,Arecanut,Rashi,FAQ,42699,49599,49099,2022-05-25
33582,Shimoga,Shimoga,Arecanut,Rashi,FAQ,43199,49399,48599,2022-05-23
33595,Shimoga,Shimoga,Arecanut,Rashi,FAQ,43469,50599,50099,2022-05-16
33609,Shimoga,Shimoga,Arecanut,Rashi,FAQ,43666,49389,48658,2022-05-04
33614,Shimoga,Shimoga,Arecanut,Rashi,FAQ,43669,50299,49699,2022-05-30
33623,Shimoga,Shimoga,Arecanut,Rashi,FAQ,43869,50500,50029,2022-05-31
33633,Shimoga,Shimoga,Arecanut,Rashi,FAQ,43999,49509,48658,2022-05-20
33655,Shimoga,Shimoga,Arecanut,Rashi,FAQ,44099,49569,48858,2022-05-06
33667,Shimoga,Shimoga,Arecanut,Rashi,FAQ,44269,49639,49069,2022-05-26
33704,Shimoga,Shimoga,Arecanut,Rashi,FAQ,45000,49409,48809,2022-05-05
33709,Shimoga,Shimoga,Arecanut,Rashi,FAQ,45009,57911,55399,2025-05-19
33726,Shimoga,Shimoga,Arecanut,Rashi,FAQ,45369,49939,49499,2022-05-27
33739,Shimoga,Shimoga,Arecanut,Rashi,FAQ,46000,49499,48619,2022-05-24
33740,Shimoga,Shimoga,Arecanut,Rashi,FAQ,46000,50589,50099,2022-05-17
33741,Shimoga,Shimoga,Arecanut,Rashi,FAQ,46000,50832,50499,2022-05-10
33745,Shimoga,Shimoga,Arecanut,Rashi,FAQ,46009,50099,49899,2022-05-18
33754,Shimoga,Shimoga,Arecanut,Rashi,FAQ,46010,50899,50599,2022-05-12
33770,Shimoga,Shimoga,Arecanut,Rashi,FAQ,46169,57500,55399,2025-05-16
33775,Shimoga,Shimoga,Arecanut,Rashi,FAQ,46338,57000,55199,2025-05-15
33788,Shimoga,Shimoga,Arecanut,Rashi,FAQ,47009,50969,50368,2022-05-11
33791,Shimoga,Shimoga,Arecanut,Rashi,FAQ,47009,58199,54892,2025-05-23
33792,Shimoga,Shimoga,Arecanut,Rashi,FAQ,47009,58589,54269,2025-05-26
33797,Shimoga,Shimoga,Arecanut,Rashi,FAQ,47099,50499,50009,2022-05-09
33803,Shimoga,Shimoga,Arecanut,Rashi,FAQ,47399,56509,54212,2025-05-06
33812,Shimoga,Shimoga,Arecanut,Rashi,FAQ,47666,50899,50499,2022-05-13
33822,Shimoga,Shimoga,Arecanut,Rashi,FAQ,48009,57169,55869,2025-05-20
33828,Shimoga,Shimoga,Arecanut,Rashi,FAQ,48056,58599,57099,2025-05-29
33829,Shimoga,Shimoga,Arecanut,Rashi,FAQ,48099,56599,54599,2025-05-08
33830,Shimoga,Shimoga,Arecanut,Rashi,FAQ,48099,58559,56559,2025-05-27
33835,Shimoga,Shimoga,Arecanut,Rashi,FAQ,48169,58099,55869,2025-05-21
33836,Shimoga,Shimoga,Arecanut,Rashi,FAQ,48169,58699,55899,2025-05-30
33839,Shimoga,Shimoga,Arecanut,Rashi,FAQ,48272,57099,54389,2025-05-14
33841,Shimoga,Shimoga,Arecanut,Rashi,FAQ,48299,57599,55892,2025-05-22
33842,Shimoga,Shimoga,Arecanut,Rashi,FAQ,48351,57009,55899,2025-05-12
33844,Shimoga,Shimoga,Arecanut,Rashi,FAQ,48536,57481,52599,2025-05-02
33846,Shimoga,Shimoga,Arecanut,Rashi,FAQ,48621,57399,52512,2025-05-07
33854,Shimoga,Shimoga,Arecanut,Rashi,FAQ,49009,57059,54212,2025-05-13
33898,Shimoga,Shimoga,Arecanut,Saraku,FAQ,40559,60910,56009,2020-05-15
33900,Shimoga,Shimoga,Arecanut,Saraku,FAQ,40699,56896,54009,2020-05-13
33937,Shimoga,Shimoga,Arecanut,Saraku,FAQ,42009,76240,72200,2023-05-22
33946,Shimoga,Shimoga,Arecanut,Saraku,FAQ,42125,68003,55609,2020-05-11
33958,Shimoga,Shimoga,Arecanut,Saraku,FAQ,42400,63119,57640,2020-05-14
33966,Shimoga,Shimoga,Arecanut,Saraku,FAQ,42472,66196,60299,2020-05-21
33974,Shimoga,Shimoga,Arecanut,Saraku,FAQ,42599,66200,62099,2020-05-27
33985,Shimoga,Shimoga,Arecanut,Saraku,FAQ,43000,74696,62199,2024-05-24
34010,Shimoga,Shimoga,Arecanut,Saraku,FAQ,43300,85896,66240,2024-05-02
34032,Shimoga,Shimoga,Arecanut,Saraku,FAQ,44000,65200,60240,2020-05-20
34085,Shimoga,Shimoga,Arecanut,Saraku,FAQ,44699,65896,60599,2020-05-22
34091,Shimoga,Shimoga,Arecanut,Saraku,FAQ,45000,67399,62599,2020-05-28
34117,Shimoga,Shimoga,Arecanut,Saraku,FAQ,45090,83596,62129,2024-05-28
34119,Shimoga,Shimoga,Arecanut,Saraku,FAQ,45099,72696,65500,2021-05-06
34138,Shimoga,Shimoga,Arecanut,Saraku,FAQ,45159,75009,65699,2023-05-11
34142,Shimoga,Shimoga,Arecanut,Saraku,FAQ,45159,81400,69500,2023-05-29
34143,Shimoga,Shimoga,Arecanut,Saraku,FAQ,45159,81519,72900,2023-05-16
34144,Shimoga,Shimoga,Arecanut,Saraku,FAQ,45159,81986,73500,2023-05-25
34191,Shimoga,Shimoga,Arecanut,Saraku,FAQ,46069,70009,63019,2021-05-05
34254,Shimoga,Shimoga,Arecanut,Saraku,FAQ,47000,63340,56400,2020-05-18
34256,Shimoga,Shimoga,Arecanut,Saraku,FAQ,47000,67400,60540,2020-05-29
34330,Shimoga,Shimoga,Arecanut,Saraku,FAQ,47699,80796,75200,2023-05-02
34365,Shimoga,Shimoga,Arecanut,Saraku,FAQ,48007,66119,60069,2020-05-26
34449,Shimoga,Shimoga,Arecanut,Saraku,FAQ,49200,85130,64413,2024-05-03
34452,Shimoga,Shimoga,Arecanut,Saraku,FAQ,49319,81910,75000,2023-05-30
34475,Shimoga,Shimoga,Arecanut,Saraku,FAQ,50000,82996,82240,2024-05-15
34512,Shimoga,Shimoga,Arecanut,Saraku,FAQ,50099,81896,66577,2024-05-22
34537,Shimoga,Shimoga,Arecanut,Saraku,FAQ,50159,81596,74000,2023-05-09
34550,Shimoga,Shimoga,Arecanut,Saraku,FAQ,50569,80696,72069,2023-05-15
34562,Shimoga,Shimoga,Arecanut,Saraku,FAQ,50999,82996,66699,2025-05-26
34574,Shimoga,Shimoga,Arecanut,Saraku,FAQ,51000,85700,65300,2024-05-09
34576,Shimoga,Shimoga,Arecanut,Saraku,FAQ,51000,92896,64859,2025-05-15
34593,Shimoga,Shimoga,Arecanut,Saraku,FAQ,51100,84610,65410,2024-05-14
34596,Shimoga,Shimoga,Arecanut,Saraku,FAQ,51100,99696,66009,2025-05-27
34600,Shimoga,Shimoga,Arecanut,Saraku,FAQ,51109,80916,76400,2023-05-03
34622,Shimoga,Shimoga,Arecanut,Saraku,FAQ,51659,82103,75500,2023-05-04
34629,Shimoga,Shimoga,Arecanut,Saraku,FAQ,51700,87770,83600,2025-05-09
34634,Shimoga,Shimoga,Arecanut,Saraku,FAQ,52000,75069,63301,2024-05-23
34686,Shimoga,Shimoga,Arecanut,Saraku,FAQ,52366,88896,61699,2025-05-19
34694,Shimoga,Shimoga,Arecanut,Saraku,FAQ,52679,81999,73000,2023-05-18
34701,Shimoga,Shimoga,Arecanut,Saraku,FAQ,52909,82596,68659,2024-05-30
34741,Shimoga,Shimoga,Arecanut,Saraku,FAQ,53400,99150,68840,2025-05-22
34742,Shimoga,Shimoga,Arecanut,Saraku,FAQ,53436,53436,53436,2020-05-12
34765,Shimoga,Shimoga,Arecanut,Saraku,FAQ,54009,89240,70009,2025-05-30
34768,Shimoga,Shimoga,Arecanut,Saraku,FAQ,54069,79896,68996,2024-05-21
34772,Shimoga,Shimoga,Arecanut,Saraku,FAQ,54069,83596,70009,2024-05-16
34775,Shimoga,Shimoga,Arecanut,Saraku,FAQ,54099,75009,66419,2024-05-17
34777,Shimoga,Shimoga,Arecanut,Saraku,FAQ,54099,83009,76000,2023-05-05
34791,Shimoga,Shimoga,Arecanut,Saraku,FAQ,54169,80696,74896,2023-05-19
34814,Shimoga,Shimoga,Arecanut,Saraku,FAQ,55000,82179,70799,2024-05-31
34819,Shimoga,Shimoga,Arecanut,Saraku,FAQ,55009,83896,66399,2024-05-20
34825,Shimoga,Shimoga,Arecanut,Saraku,FAQ,55029,72140,71710,2024-05-08
34835,Shimoga,Shimoga,Arecanut,Saraku,FAQ,55119,96996,86210,2025-05-29
34851,Shimoga,Shimoga,Arecanut,Saraku,FAQ,56000,79699,70606,2022-05-06
34861,Shimoga,Shimoga,Arecanut,Saraku,FAQ,56019,79610,74000,2022-05-09
34865,Shimoga,Shimoga,Arecanut,Saraku,FAQ,56069,83170,75100,2023-05-31
34871,Shimoga,Shimoga,Arecanut,Saraku,FAQ,56109,77596,66899,2024-05-29
34874,Shimoga,Shimoga,Arecanut,Saraku,FAQ,56109,80399,73800,2022-05-26
34876,Shimoga,Shimoga,Arecanut,Saraku,FAQ,56109,82399,75009,2023-05-24
34878,Shimoga,Shimoga,Arecanut,Saraku,FAQ,56159,81299,74500,2023-05-26
34882,Shimoga,Shimoga,Arecanut,Saraku,FAQ,56209,79909,72590,2022-05-05
34883,Shimoga,Shimoga,Arecanut,Saraku,FAQ,56299,78800,70859,2022-05-19
34886,Shimoga,Shimoga,Arecanut,Saraku,FAQ,56359,80296,73030,2022-05-12
34887,Shimoga,Shimoga,Arecanut,Saraku,FAQ,56366,80100,72100,2022-05-04
34897,Shimoga,Shimoga,Arecanut,Saraku,FAQ,56619,79196,73069,2022-05-23
34904,Shimoga,Shimoga,Arecanut,Saraku,FAQ,56819,79299,75396,2022-05-27
34917,Shimoga,Shimoga,Arecanut,Saraku,FAQ,57109,79999,71810,2022-05-16
34920,Shimoga,Shimoga,Arecanut,Saraku,FAQ,57119,80140,73100,2022-05-13
34936,Shimoga,Shimoga,Arecanut,Saraku,FAQ,57619,79600,70019,2022-05-11
34948,Shimoga,Shimoga,Arecanut,Saraku,FAQ,58000,79796,74100,2022-05-10
34954,Shimoga,Shimoga,Arecanut,Saraku,FAQ,58010,80099,74000,2022-05-20
34963,Shimoga,Shimoga,Arecanut,Saraku,FAQ,58129,96996,81599,2025-05-08
34967,Shimoga,Shimoga,Arecanut,Saraku,FAQ,58199,80196,72390,2022-05-31
34971,Shimoga,Shimoga,Arecanut,Saraku,FAQ,58400,80600,73600,2022-05-30
34972,Shimoga,Shimoga,Arecanut,Saraku,FAQ,58436,80140,72996,2023-05-08
34975,Shimoga,Shimoga,Arecanut,Saraku,FAQ,58619,81400,72550,2023-05-17
34983,Shimoga,Shimoga,Arecanut,Saraku,FAQ,58700,98596,62270,2025-05-20
34987,Shimoga,Shimoga,Arecanut,Saraku,FAQ,58903,78400,72300,2023-05-12
34992,Shimoga,Shimoga,Arecanut,Saraku,FAQ,59000,95300,88650,2025-05-02
34997,Shimoga,Shimoga,Arecanut,Saraku,FAQ,59109,96540,88250,2025-05-05
35007,Shimoga,Shimoga,Arecanut,Saraku,FAQ,60000,80399,73040,2022-05-17
35021,Shimoga,Shimoga,Arecanut,Saraku,FAQ,60129,98896,66909,2025-05-13
35025,Shimoga,Shimoga,Arecanut,Saraku,FAQ,60200,80496,70549,2022-05-25
35029,Shimoga,Shimoga,Arecanut,Saraku,FAQ,60399,92510,77009,2025-05-21
35035,Shimoga,Shimoga,Arecanut,Saraku,FAQ,60710,89986,88200,2025-05-07
35036,Shimoga,Shimoga,Arecanut,Saraku,FAQ,60799,86600,64400,2025-05-14
35040,Shimoga,Shimoga,Arecanut,Saraku,FAQ,61009,91240,70140,2025-05-23
35043,Shimoga,Shimoga,Arecanut,Saraku,FAQ,61129,98610,83200,2025-05-06
35045,Shimoga,Shimoga,Arecanut,Saraku,FAQ,61209,85710,71896,2025-05-16
35053,Shimoga,Shimoga,Arecanut,Saraku,FAQ,62119,80396,69119,2022-05-18
35054,Shimoga,Shimoga,Arecanut,Saraku,FAQ,62200,93420,80140,2025-05-12
35055,Shimoga,Shimoga,Arecanut,Saraku,FAQ,62259,66396,64399,2024-05-27
35064,Shimoga,Shimoga,Arecanut,Saraku,FAQ,63989,81100,71200,2024-05-13
35075,Shimoga,Shimoga,Arecanut,Saraku,FAQ,72009,78100,75054,2024-05-06
