Sl no.,District Name,Market,Commodity,Variety,Grade,Min Price (Rs./Quintal),Max Price (Rs./Quintal),Modal_Price,Arrival_Date
36949,Karwar(Uttar Kannad),Siddapur,Arecanut,Bilegotu,FAQ,12619,21412,18399,2020-05-23
36993,Karwar(Uttar Kannad),Siddapur,Arecanut,Bilegotu,FAQ,13899,22299,21529,2020-05-06
37012,Karwar(Uttar Kannad),Siddapur,Arecanut,Bilegotu,FAQ,14169,22699,20259,2020-05-26
37022,Karwar(Uttar Kannad),Siddapur,Arecanut,Bilegotu,FAQ,14299,22119,20609,2020-05-08
37026,Karwar(Uttar Kannad),Siddapur,Arecanut,Bilegotu,FAQ,14359,23399,22599,2020-05-04
37027,Karwar(Uttar Kannad),Siddapur,Arecanut,Bilegotu,FAQ,14389,23559,19699,2020-05-05
37028,Karwar(Uttar Kannad),Siddapur,Arecanut,Bilegotu,FAQ,14399,22599,20899,2020-05-16
37033,Karwar(Uttar Kannad),Siddapur,Arecanut,Bilegotu,FAQ,14509,21699,21099,2020-05-14
37034,Karwar(Uttar Kannad),Siddapur,Arecanut,Bilegotu,FAQ,14519,22489,20899,2020-05-11
37038,Karwar(Uttar Kannad),Siddapur,Arecanut,Bilegotu,FAQ,14689,23099,21699,2020-05-07
37044,Karwar(Uttar Kannad),Siddapur,Arecanut,Bilegotu,FAQ,14699,21812,20369,2020-05-28
37052,Karwar(Uttar Kannad),Siddapur,Arecanut,Bilegotu,FAQ,14841,22677,21789,2020-05-20
37056,Karwar(Uttar Kannad),Siddapur,Arecanut,Bilegotu,FAQ,14899,22499,19805,2020-05-12
37059,Karwar(Uttar Kannad),Siddapur,Arecanut,Bilegotu,FAQ,15099,21099,20489,2020-05-13
37060,Karwar(Uttar Kannad),Siddapur,Arecanut,Bilegotu,FAQ,15099,21399,19889,2020-05-27
37061,Karwar(Uttar Kannad),Siddapur,Arecanut,Bilegotu,FAQ,15099,21912,21399,2020-05-15
37062,Karwar(Uttar Kannad),Siddapur,Arecanut,Bilegotu,FAQ,15099,22699,20809,2020-05-29
37066,Karwar(Uttar Kannad),Siddapur,Arecanut,Bilegotu,FAQ,15219,21909,20299,2020-05-21
37067,Karwar(Uttar Kannad),Siddapur,Arecanut,Bilegotu,FAQ,15219,22019,19699,2020-05-22
37087,Karwar(Uttar Kannad),Siddapur,Arecanut,Bilegotu,FAQ,15699,23099,20869,2020-05-30
37094,Karwar(Uttar Kannad),Siddapur,Arecanut,Bilegotu,FAQ,15899,22369,19899,2020-05-18
37107,Karwar(Uttar Kannad),Siddapur,Arecanut,Bilegotu,FAQ,16229,23119,21899,2020-05-02
37110,Karwar(Uttar Kannad),Siddapur,Arecanut,Bilegotu,FAQ,16459,22289,20382,2020-05-19
37145,Karwar(Uttar Kannad),Siddapur,Arecanut,Bilegotu,FAQ,17899,21512,20099,2020-05-25
37164,Karwar(Uttar Kannad),Siddapur,Arecanut,Bilegotu,FAQ,18699,22399,20799,2020-05-09
37299,Karwar(Uttar Kannad),Siddapur,Arecanut,Bilegotu,FAQ,22118,32699,30599,2022-05-27
37303,Karwar(Uttar Kannad),Siddapur,Arecanut,Bilegotu,FAQ,22199,32899,28699,2022-05-05
37382,Karwar(Uttar Kannad),Siddapur,Arecanut,Bilegotu,FAQ,23599,32109,30899,2022-05-11
37403,Karwar(Uttar Kannad),Siddapur,Arecanut,Bilegotu,FAQ,23699,32089,30419,2022-05-31
37404,Karwar(Uttar Kannad),Siddapur,Arecanut,Bilegotu,FAQ,23699,32299,30882,2022-05-04
37405,Karwar(Uttar Kannad),Siddapur,Arecanut,Bilegotu,FAQ,23699,32399,30449,2022-05-06
37409,Karwar(Uttar Kannad),Siddapur,Arecanut,Bilegotu,FAQ,23779,33699,28099,2022-05-13
37430,Karwar(Uttar Kannad),Siddapur,Arecanut,Bilegotu,FAQ,23899,31289,30619,2022-05-26
37476,Karwar(Uttar Kannad),Siddapur,Arecanut,Bilegotu,FAQ,24119,30669,30499,2021-05-05
37477,Karwar(Uttar Kannad),Siddapur,Arecanut,Bilegotu,FAQ,24119,32599,30699,2022-05-20
37507,Karwar(Uttar Kannad),Siddapur,Arecanut,Bilegotu,FAQ,24399,30899,27689,2021-05-08
37541,Karwar(Uttar Kannad),Siddapur,Arecanut,Bilegotu,FAQ,24699,31412,29599,2022-05-30
37542,Karwar(Uttar Kannad),Siddapur,Arecanut,Bilegotu,FAQ,24699,31699,27499,2022-05-18
37568,Karwar(Uttar Kannad),Siddapur,Arecanut,Bilegotu,FAQ,24899,32699,31399,2022-05-07
37572,Karwar(Uttar Kannad),Siddapur,Arecanut,Bilegotu,FAQ,24900,31469,30989,2022-05-24
37573,Karwar(Uttar Kannad),Siddapur,Arecanut,Bilegotu,FAQ,24900,31809,30789,2022-05-19
37577,Karwar(Uttar Kannad),Siddapur,Arecanut,Bilegotu,FAQ,24911,31499,30509,2022-05-12
37579,Karwar(Uttar Kannad),Siddapur,Arecanut,Bilegotu,FAQ,24911,32099,28999,2022-05-16
37580,Karwar(Uttar Kannad),Siddapur,Arecanut,Bilegotu,FAQ,24919,34689,30499,2022-05-17
37585,Karwar(Uttar Kannad),Siddapur,Arecanut,Bilegotu,FAQ,24980,31800,31299,2022-05-23
37589,Karwar(Uttar Kannad),Siddapur,Arecanut,Bilegotu,FAQ,25099,32399,28899,2022-05-25
37617,Karwar(Uttar Kannad),Siddapur,Arecanut,Bilegotu,FAQ,25689,30808,29139,2021-05-07
37628,Karwar(Uttar Kannad),Siddapur,Arecanut,Bilegotu,FAQ,25699,30599,28199,2021-05-03
37663,Karwar(Uttar Kannad),Siddapur,Arecanut,Bilegotu,FAQ,26099,32089,30899,2022-05-10
37679,Karwar(Uttar Kannad),Siddapur,Arecanut,Bilegotu,FAQ,26199,32333,30199,2022-05-09
37688,Karwar(Uttar Kannad),Siddapur,Arecanut,Bilegotu,FAQ,26369,29899,28869,2024-05-03
37706,Karwar(Uttar Kannad),Siddapur,Arecanut,Bilegotu,FAQ,26599,29500,28500,2024-05-27
37753,Karwar(Uttar Kannad),Siddapur,Arecanut,Bilegotu,FAQ,26809,29209,28909,2024-05-30
37755,Karwar(Uttar Kannad),Siddapur,Arecanut,Bilegotu,FAQ,26819,31600,28600,2024-05-08
37756,Karwar(Uttar Kannad),Siddapur,Arecanut,Bilegotu,FAQ,26869,31699,29099,2021-05-04
37758,Karwar(Uttar Kannad),Siddapur,Arecanut,Bilegotu,FAQ,26889,29469,28908,2024-05-31
37762,Karwar(Uttar Kannad),Siddapur,Arecanut,Bilegotu,FAQ,26899,29699,28599,2024-05-04
37785,Karwar(Uttar Kannad),Siddapur,Arecanut,Bilegotu,FAQ,27099,31269,30499,2024-05-15
37791,Karwar(Uttar Kannad),Siddapur,Arecanut,Bilegotu,FAQ,27100,31509,30209,2024-05-22
37796,Karwar(Uttar Kannad),Siddapur,Arecanut,Bilegotu,FAQ,27118,31611,30682,2023-05-04
37803,Karwar(Uttar Kannad),Siddapur,Arecanut,Bilegotu,FAQ,27219,29549,28389,2024-05-02
37804,Karwar(Uttar Kannad),Siddapur,Arecanut,Bilegotu,FAQ,27219,32800,30699,2024-05-16
37805,Karwar(Uttar Kannad),Siddapur,Arecanut,Bilegotu,FAQ,27289,31509,30809,2024-05-14
37810,Karwar(Uttar Kannad),Siddapur,Arecanut,Bilegotu,FAQ,27319,30940,30500,2024-05-09
37811,Karwar(Uttar Kannad),Siddapur,Arecanut,Bilegotu,FAQ,27319,31009,30209,2024-05-21
37812,Karwar(Uttar Kannad),Siddapur,Arecanut,Bilegotu,FAQ,27319,31319,28500,2024-05-28
37813,Karwar(Uttar Kannad),Siddapur,Arecanut,Bilegotu,FAQ,27319,31900,28319,2024-05-29
37816,Karwar(Uttar Kannad),Siddapur,Arecanut,Bilegotu,FAQ,27399,30699,28969,2024-05-06
37818,Karwar(Uttar Kannad),Siddapur,Arecanut,Bilegotu,FAQ,27399,32999,31569,2023-05-16
37821,Karwar(Uttar Kannad),Siddapur,Arecanut,Bilegotu,FAQ,27400,30309,29809,2024-05-24
37823,Karwar(Uttar Kannad),Siddapur,Arecanut,Bilegotu,FAQ,27489,30199,29399,2024-05-18
37834,Karwar(Uttar Kannad),Siddapur,Arecanut,Bilegotu,FAQ,27699,31299,30799,2023-05-08
37851,Karwar(Uttar Kannad),Siddapur,Arecanut,Bilegotu,FAQ,27889,32022,31499,2023-05-15
37853,Karwar(Uttar Kannad),Siddapur,Arecanut,Bilegotu,FAQ,27899,32399,31499,2023-05-22
37854,Karwar(Uttar Kannad),Siddapur,Arecanut,Bilegotu,FAQ,27899,32811,32311,2023-05-29
37855,Karwar(Uttar Kannad),Siddapur,Arecanut,Bilegotu,FAQ,27899,32899,31799,2023-05-25
37865,Karwar(Uttar Kannad),Siddapur,Arecanut,Bilegotu,FAQ,28000,31209,30459,2024-05-20
37869,Karwar(Uttar Kannad),Siddapur,Arecanut,Bilegotu,FAQ,28090,31999,31299,2021-05-06
37870,Karwar(Uttar Kannad),Siddapur,Arecanut,Bilegotu,FAQ,28099,32799,31799,2023-05-24
37878,Karwar(Uttar Kannad),Siddapur,Arecanut,Bilegotu,FAQ,28100,32299,31899,2023-05-17
37882,Karwar(Uttar Kannad),Siddapur,Arecanut,Bilegotu,FAQ,28119,32899,31788,2023-05-23
37890,Karwar(Uttar Kannad),Siddapur,Arecanut,Bilegotu,FAQ,28389,32609,30599,2024-05-13
37900,Karwar(Uttar Kannad),Siddapur,Arecanut,Bilegotu,FAQ,28609,31449,30499,2023-05-09
37901,Karwar(Uttar Kannad),Siddapur,Arecanut,Bilegotu,FAQ,28609,32109,30499,2023-05-05
37902,Karwar(Uttar Kannad),Siddapur,Arecanut,Bilegotu,FAQ,28609,32119,31389,2023-05-12
37912,Karwar(Uttar Kannad),Siddapur,Arecanut,Bilegotu,FAQ,28699,32899,32309,2023-05-30
37923,Karwar(Uttar Kannad),Siddapur,Arecanut,Bilegotu,FAQ,28789,32509,30409,2024-05-17
37928,Karwar(Uttar Kannad),Siddapur,Arecanut,Bilegotu,FAQ,28889,32399,31749,2023-05-19
37944,Karwar(Uttar Kannad),Siddapur,Arecanut,Bilegotu,FAQ,28908,32299,31899,2023-05-18
37947,Karwar(Uttar Kannad),Siddapur,Arecanut,Bilegotu,FAQ,28999,32899,32299,2023-05-31
37958,Karwar(Uttar Kannad),Siddapur,Arecanut,Bilegotu,FAQ,29109,31409,30799,2023-05-11
38012,Karwar(Uttar Kannad),Siddapur,Arecanut,Bilegotu,FAQ,30309,32899,31869,2023-05-26
38283,Karwar(Uttar Kannad),Siddapur,Arecanut,Chali,FAQ,24599,28599,28099,2020-05-07
38291,Karwar(Uttar Kannad),Siddapur,Arecanut,Chali,FAQ,25089,28109,26989,2020-05-08
38293,Karwar(Uttar Kannad),Siddapur,Arecanut,Chali,FAQ,25099,28099,27689,2020-05-12
38294,Karwar(Uttar Kannad),Siddapur,Arecanut,Chali,FAQ,25099,28599,27899,2020-05-22
38296,Karwar(Uttar Kannad),Siddapur,Arecanut,Chali,FAQ,25189,27639,26699,2020-05-11
38302,Karwar(Uttar Kannad),Siddapur,Arecanut,Chali,FAQ,25899,28599,27899,2020-05-23
38304,Karwar(Uttar Kannad),Siddapur,Arecanut,Chali,FAQ,26099,28691,28319,2020-05-13
38306,Karwar(Uttar Kannad),Siddapur,Arecanut,Chali,FAQ,26199,29409,28709,2020-05-21
38307,Karwar(Uttar Kannad),Siddapur,Arecanut,Chali,FAQ,26409,30399,29899,2020-05-20
38308,Karwar(Uttar Kannad),Siddapur,Arecanut,Chali,FAQ,26422,29419,28799,2020-05-14
38309,Karwar(Uttar Kannad),Siddapur,Arecanut,Chali,FAQ,26499,30719,30499,2020-05-15
38314,Karwar(Uttar Kannad),Siddapur,Arecanut,Chali,FAQ,26599,30309,28669,2020-05-06
38317,Karwar(Uttar Kannad),Siddapur,Arecanut,Chali,FAQ,26799,28169,27299,2020-05-09
38319,Karwar(Uttar Kannad),Siddapur,Arecanut,Chali,FAQ,26889,29109,28588,2020-05-25
38321,Karwar(Uttar Kannad),Siddapur,Arecanut,Chali,FAQ,26899,29389,28869,2020-05-29
38328,Karwar(Uttar Kannad),Siddapur,Arecanut,Chali,FAQ,27099,30899,30509,2020-05-18
38329,Karwar(Uttar Kannad),Siddapur,Arecanut,Chali,FAQ,27099,30909,30469,2020-05-16
38330,Karwar(Uttar Kannad),Siddapur,Arecanut,Chali,FAQ,27099,31909,31699,2020-05-04
38331,Karwar(Uttar Kannad),Siddapur,Arecanut,Chali,FAQ,27199,32569,31699,2020-05-02
38332,Karwar(Uttar Kannad),Siddapur,Arecanut,Chali,FAQ,27295,31399,30599,2020-05-05
38333,Karwar(Uttar Kannad),Siddapur,Arecanut,Chali,FAQ,27299,29699,29099,2020-05-30
38338,Karwar(Uttar Kannad),Siddapur,Arecanut,Chali,FAQ,27599,29509,29199,2020-05-26
38341,Karwar(Uttar Kannad),Siddapur,Arecanut,Chali,FAQ,27609,30029,29599,2020-05-28
38345,Karwar(Uttar Kannad),Siddapur,Arecanut,Chali,FAQ,27799,30899,30609,2020-05-19
38348,Karwar(Uttar Kannad),Siddapur,Arecanut,Chali,FAQ,28099,30009,29599,2020-05-27
38497,Karwar(Uttar Kannad),Siddapur,Arecanut,Chali,FAQ,32189,35409,34499,2021-05-03
38536,Karwar(Uttar Kannad),Siddapur,Arecanut,Chali,FAQ,32679,35639,34499,2021-05-04
38561,Karwar(Uttar Kannad),Siddapur,Arecanut,Chali,FAQ,32899,36509,34899,2021-05-07
38569,Karwar(Uttar Kannad),Siddapur,Arecanut,Chali,FAQ,33019,36609,35899,2024-05-27
38590,Karwar(Uttar Kannad),Siddapur,Arecanut,Chali,FAQ,33299,36299,35599,2024-05-06
38599,Karwar(Uttar Kannad),Siddapur,Arecanut,Chali,FAQ,33469,36399,35899,2024-05-03
38609,Karwar(Uttar Kannad),Siddapur,Arecanut,Chali,FAQ,33699,36299,35539,2021-05-08
38618,Karwar(Uttar Kannad),Siddapur,Arecanut,Chali,FAQ,33899,36199,35499,2024-05-02
38624,Karwar(Uttar Kannad),Siddapur,Arecanut,Chali,FAQ,33989,39299,39209,2022-05-17
38627,Karwar(Uttar Kannad),Siddapur,Arecanut,Chali,FAQ,34000,38699,38399,2022-05-26
38631,Karwar(Uttar Kannad),Siddapur,Arecanut,Chali,FAQ,34019,36649,35699,2024-05-30
38653,Karwar(Uttar Kannad),Siddapur,Arecanut,Chali,FAQ,34099,38419,37899,2024-05-13
38656,Karwar(Uttar Kannad),Siddapur,Arecanut,Chali,FAQ,34109,38309,37839,2024-05-16
38665,Karwar(Uttar Kannad),Siddapur,Arecanut,Chali,FAQ,34209,36599,35799,2024-05-31
38671,Karwar(Uttar Kannad),Siddapur,Arecanut,Chali,FAQ,34269,38399,37599,2024-05-18
38673,Karwar(Uttar Kannad),Siddapur,Arecanut,Chali,FAQ,34289,36639,36299,2021-05-06
38682,Karwar(Uttar Kannad),Siddapur,Arecanut,Chali,FAQ,34299,37129,35699,2024-05-08
38686,Karwar(Uttar Kannad),Siddapur,Arecanut,Chali,FAQ,34309,37419,36299,2024-05-09
38689,Karwar(Uttar Kannad),Siddapur,Arecanut,Chali,FAQ,34349,36299,35399,2024-05-04
38692,Karwar(Uttar Kannad),Siddapur,Arecanut,Chali,FAQ,34399,36509,35799,2021-05-05
38698,Karwar(Uttar Kannad),Siddapur,Arecanut,Chali,FAQ,34409,36749,35639,2024-05-29
38705,Karwar(Uttar Kannad),Siddapur,Arecanut,Chali,FAQ,34509,39699,38899,2022-05-18
38710,Karwar(Uttar Kannad),Siddapur,Arecanut,Chali,FAQ,34599,37499,37299,2023-05-16
38718,Karwar(Uttar Kannad),Siddapur,Arecanut,Chali,FAQ,34619,38409,37499,2024-05-15
38724,Karwar(Uttar Kannad),Siddapur,Arecanut,Chali,FAQ,34699,36611,36319,2023-05-08
38728,Karwar(Uttar Kannad),Siddapur,Arecanut,Chali,FAQ,34799,36509,35899,2024-05-28
38731,Karwar(Uttar Kannad),Siddapur,Arecanut,Chali,FAQ,34809,38009,36899,2024-05-22
38736,Karwar(Uttar Kannad),Siddapur,Arecanut,Chali,FAQ,34889,38409,38289,2022-05-30
38737,Karwar(Uttar Kannad),Siddapur,Arecanut,Chali,FAQ,34889,38900,38599,2022-05-24
38743,Karwar(Uttar Kannad),Siddapur,Arecanut,Chali,FAQ,34899,36769,36499,2023-05-11
38763,Karwar(Uttar Kannad),Siddapur,Arecanut,Chali,FAQ,35099,37499,37299,2023-05-18
38764,Karwar(Uttar Kannad),Siddapur,Arecanut,Chali,FAQ,35099,37570,37299,2023-05-30
38767,Karwar(Uttar Kannad),Siddapur,Arecanut,Chali,FAQ,35099,38289,38189,2022-05-31
38771,Karwar(Uttar Kannad),Siddapur,Arecanut,Chali,FAQ,35099,38899,38399,2022-05-23
38772,Karwar(Uttar Kannad),Siddapur,Arecanut,Chali,FAQ,35099,38999,38499,2022-05-27
38776,Karwar(Uttar Kannad),Siddapur,Arecanut,Chali,FAQ,35109,38009,37409,2024-05-21
38777,Karwar(Uttar Kannad),Siddapur,Arecanut,Chali,FAQ,35109,38099,37899,2024-05-20
38778,Karwar(Uttar Kannad),Siddapur,Arecanut,Chali,FAQ,35109,38199,37699,2024-05-14
38782,Karwar(Uttar Kannad),Siddapur,Arecanut,Chali,FAQ,35199,37269,36799,2023-05-15
38787,Karwar(Uttar Kannad),Siddapur,Arecanut,Chali,FAQ,35219,39899,38769,2022-05-09
38793,Karwar(Uttar Kannad),Siddapur,Arecanut,Chali,FAQ,35299,36611,36269,2023-05-05
38795,Karwar(Uttar Kannad),Siddapur,Arecanut,Chali,FAQ,35299,37709,37499,2023-05-23
38807,Karwar(Uttar Kannad),Siddapur,Arecanut,Chali,FAQ,35389,37909,37399,2023-05-29
38810,Karwar(Uttar Kannad),Siddapur,Arecanut,Chali,FAQ,35399,37409,36909,2024-05-24
38812,Karwar(Uttar Kannad),Siddapur,Arecanut,Chali,FAQ,35399,37499,37299,2023-05-19
38813,Karwar(Uttar Kannad),Siddapur,Arecanut,Chali,FAQ,35399,37600,37299,2023-05-22
38814,Karwar(Uttar Kannad),Siddapur,Arecanut,Chali,FAQ,35399,37709,36689,2023-05-12
38817,Karwar(Uttar Kannad),Siddapur,Arecanut,Chali,FAQ,35399,38299,37599,2024-05-17
38827,Karwar(Uttar Kannad),Siddapur,Arecanut,Chali,FAQ,35489,39999,39499,2022-05-10
38837,Karwar(Uttar Kannad),Siddapur,Arecanut,Chali,FAQ,35555,37889,37459,2023-05-26
38849,Karwar(Uttar Kannad),Siddapur,Arecanut,Chali,FAQ,35599,40099,39599,2022-05-11
38850,Karwar(Uttar Kannad),Siddapur,Arecanut,Chali,FAQ,35600,36622,36399,2023-05-09
38856,Karwar(Uttar Kannad),Siddapur,Arecanut,Chali,FAQ,35689,37499,37199,2023-05-17
38857,Karwar(Uttar Kannad),Siddapur,Arecanut,Chali,FAQ,35689,37700,36989,2023-05-31
38860,Karwar(Uttar Kannad),Siddapur,Arecanut,Chali,FAQ,35699,37700,37399,2023-05-24
38866,Karwar(Uttar Kannad),Siddapur,Arecanut,Chali,FAQ,35809,36611,36189,2023-05-04
38874,Karwar(Uttar Kannad),Siddapur,Arecanut,Chali,FAQ,35889,38699,38399,2022-05-25
38892,Karwar(Uttar Kannad),Siddapur,Arecanut,Chali,FAQ,36099,37508,37399,2023-05-25
38902,Karwar(Uttar Kannad),Siddapur,Arecanut,Chali,FAQ,36189,39009,38599,2022-05-19
38914,Karwar(Uttar Kannad),Siddapur,Arecanut,Chali,FAQ,36289,39311,38089,2022-05-20
39329,Karwar(Uttar Kannad),Siddapur,Arecanut,Cqca,FAQ,10112,18812,16812,2020-05-23
39337,Karwar(Uttar Kannad),Siddapur,Arecanut,Cqca,FAQ,11289,19471,16899,2020-05-25
39363,Karwar(Uttar Kannad),Siddapur,Arecanut,Cqca,FAQ,12699,26869,25699,2021-05-04
39365,Karwar(Uttar Kannad),Siddapur,Arecanut,Cqca,FAQ,12699,29119,26699,2021-05-03
39391,Karwar(Uttar Kannad),Siddapur,Arecanut,Cqca,FAQ,13099,19299,18699,2020-05-16
39397,Karwar(Uttar Kannad),Siddapur,Arecanut,Cqca,FAQ,13099,21099,18299,2020-05-28
39401,Karwar(Uttar Kannad),Siddapur,Arecanut,Cqca,FAQ,13099,21909,17899,2020-05-06
39410,Karwar(Uttar Kannad),Siddapur,Arecanut,Cqca,FAQ,13119,22769,17619,2020-05-04
39421,Karwar(Uttar Kannad),Siddapur,Arecanut,Cqca,FAQ,13339,23189,18599,2020-05-29
39423,Karwar(Uttar Kannad),Siddapur,Arecanut,Cqca,FAQ,13369,20412,17499,2020-05-05
39425,Karwar(Uttar Kannad),Siddapur,Arecanut,Cqca,FAQ,13389,21012,18499,2020-05-07
39433,Karwar(Uttar Kannad),Siddapur,Arecanut,Cqca,FAQ,13399,20669,18399,2020-05-18
39445,Karwar(Uttar Kannad),Siddapur,Arecanut,Cqca,FAQ,13469,19299,17399,2020-05-27
39455,Karwar(Uttar Kannad),Siddapur,Arecanut,Cqca,FAQ,13499,22019,18099,2020-05-30
39462,Karwar(Uttar Kannad),Siddapur,Arecanut,Cqca,FAQ,13619,21139,17869,2020-05-12
39464,Karwar(Uttar Kannad),Siddapur,Arecanut,Cqca,FAQ,13649,21989,17319,2020-05-26
39481,Karwar(Uttar Kannad),Siddapur,Arecanut,Cqca,FAQ,13699,20619,18899,2020-05-09
39508,Karwar(Uttar Kannad),Siddapur,Arecanut,Cqca,FAQ,13899,20112,17319,2020-05-14
39516,Karwar(Uttar Kannad),Siddapur,Arecanut,Cqca,FAQ,13899,21099,18499,2020-05-13
39521,Karwar(Uttar Kannad),Siddapur,Arecanut,Cqca,FAQ,13899,22899,17812,2020-05-11
39532,Karwar(Uttar Kannad),Siddapur,Arecanut,Cqca,FAQ,14012,21399,17899,2020-05-20
39534,Karwar(Uttar Kannad),Siddapur,Arecanut,Cqca,FAQ,14019,22699,18899,2020-05-08
39539,Karwar(Uttar Kannad),Siddapur,Arecanut,Cqca,FAQ,14099,20889,18899,2020-05-22
39543,Karwar(Uttar Kannad),Siddapur,Arecanut,Cqca,FAQ,14112,21012,18699,2020-05-15
39550,Karwar(Uttar Kannad),Siddapur,Arecanut,Cqca,FAQ,14219,22611,18299,2020-05-21
39571,Karwar(Uttar Kannad),Siddapur,Arecanut,Cqca,FAQ,14689,22559,18899,2020-05-02
39589,Karwar(Uttar Kannad),Siddapur,Arecanut,Cqca,FAQ,15119,22389,18999,2020-05-19
39637,Karwar(Uttar Kannad),Siddapur,Arecanut,Cqca,FAQ,16689,30100,26189,2022-05-09
39658,Karwar(Uttar Kannad),Siddapur,Arecanut,Cqca,FAQ,17089,29299,27619,2021-05-05
39672,Karwar(Uttar Kannad),Siddapur,Arecanut,Cqca,FAQ,17609,29889,26609,2021-05-06
39680,Karwar(Uttar Kannad),Siddapur,Arecanut,Cqca,FAQ,17699,28609,26869,2021-05-07
39826,Karwar(Uttar Kannad),Siddapur,Arecanut,Cqca,FAQ,20619,28699,25749,2021-05-08
39855,Karwar(Uttar Kannad),Siddapur,Arecanut,Cqca,FAQ,20899,30100,27699,2022-05-30
39919,Karwar(Uttar Kannad),Siddapur,Arecanut,Cqca,FAQ,21880,33199,29600,2022-05-18
39932,Karwar(Uttar Kannad),Siddapur,Arecanut,Cqca,FAQ,21900,30900,28471,2022-05-10
39937,Karwar(Uttar Kannad),Siddapur,Arecanut,Cqca,FAQ,21999,31899,29699,2022-05-17
39938,Karwar(Uttar Kannad),Siddapur,Arecanut,Cqca,FAQ,22001,31000,28799,2022-05-27
39953,Karwar(Uttar Kannad),Siddapur,Arecanut,Cqca,FAQ,22360,32669,28699,2022-05-06
39959,Karwar(Uttar Kannad),Siddapur,Arecanut,Cqca,FAQ,22599,31889,27389,2022-05-20
39971,Karwar(Uttar Kannad),Siddapur,Arecanut,Cqca,FAQ,22699,32599,28691,2022-05-04
39972,Karwar(Uttar Kannad),Siddapur,Arecanut,Cqca,FAQ,22699,32800,28669,2022-05-13
39973,Karwar(Uttar Kannad),Siddapur,Arecanut,Cqca,FAQ,22699,33000,28899,2022-05-12
39974,Karwar(Uttar Kannad),Siddapur,Arecanut,Cqca,FAQ,22699,33099,30812,2022-05-11
39981,Karwar(Uttar Kannad),Siddapur,Arecanut,Cqca,FAQ,22889,31382,29299,2022-05-25
39991,Karwar(Uttar Kannad),Siddapur,Arecanut,Cqca,FAQ,23019,31199,28399,2022-05-26
40008,Karwar(Uttar Kannad),Siddapur,Arecanut,Cqca,FAQ,23299,30100,27691,2022-05-31
40011,Karwar(Uttar Kannad),Siddapur,Arecanut,Cqca,FAQ,23389,31112,29399,2022-05-24
40012,Karwar(Uttar Kannad),Siddapur,Arecanut,Cqca,FAQ,23389,31988,28619,2022-05-05
40014,Karwar(Uttar Kannad),Siddapur,Arecanut,Cqca,FAQ,23399,33889,28699,2022-05-16
40038,Karwar(Uttar Kannad),Siddapur,Arecanut,Cqca,FAQ,23891,32909,27988,2022-05-07
40101,Karwar(Uttar Kannad),Siddapur,Arecanut,Cqca,FAQ,24599,29899,26899,2024-05-02
40131,Karwar(Uttar Kannad),Siddapur,Arecanut,Cqca,FAQ,24899,32669,31689,2022-05-23
40138,Karwar(Uttar Kannad),Siddapur,Arecanut,Cqca,FAQ,25019,27619,26819,2024-05-04
40149,Karwar(Uttar Kannad),Siddapur,Arecanut,Cqca,FAQ,25109,27989,26219,2024-05-24
40150,Karwar(Uttar Kannad),Siddapur,Arecanut,Cqca,FAQ,25109,29999,26699,2024-05-03
40159,Karwar(Uttar Kannad),Siddapur,Arecanut,Cqca,FAQ,25299,29899,28699,2024-05-18
40161,Karwar(Uttar Kannad),Siddapur,Arecanut,Cqca,FAQ,25369,29699,27819,2024-05-06
40163,Karwar(Uttar Kannad),Siddapur,Arecanut,Cqca,FAQ,25389,30009,27899,2024-05-09
40173,Karwar(Uttar Kannad),Siddapur,Arecanut,Cqca,FAQ,25619,29689,26899,2024-05-08
40183,Karwar(Uttar Kannad),Siddapur,Arecanut,Cqca,FAQ,25699,28699,26899,2024-05-27
40195,Karwar(Uttar Kannad),Siddapur,Arecanut,Cqca,FAQ,25839,28899,26699,2024-05-29
40214,Karwar(Uttar Kannad),Siddapur,Arecanut,Cqca,FAQ,26099,28699,27499,2024-05-28
40217,Karwar(Uttar Kannad),Siddapur,Arecanut,Cqca,FAQ,26099,30509,28299,2024-05-20
40235,Karwar(Uttar Kannad),Siddapur,Arecanut,Cqca,FAQ,26119,28399,27119,2024-05-30
40236,Karwar(Uttar Kannad),Siddapur,Arecanut,Cqca,FAQ,26119,28682,27619,2024-05-31
40238,Karwar(Uttar Kannad),Siddapur,Arecanut,Cqca,FAQ,26119,29699,27519,2024-05-16
40246,Karwar(Uttar Kannad),Siddapur,Arecanut,Cqca,FAQ,26139,30400,27319,2024-05-13
40255,Karwar(Uttar Kannad),Siddapur,Arecanut,Cqca,FAQ,26219,30909,27819,2024-05-17
40256,Karwar(Uttar Kannad),Siddapur,Arecanut,Cqca,FAQ,26219,32319,30889,2023-05-15
40257,Karwar(Uttar Kannad),Siddapur,Arecanut,Cqca,FAQ,26289,30009,27899,2024-05-21
40269,Karwar(Uttar Kannad),Siddapur,Arecanut,Cqca,FAQ,26399,32299,29319,2023-05-08
40282,Karwar(Uttar Kannad),Siddapur,Arecanut,Cqca,FAQ,26599,32777,30399,2023-05-17
40293,Karwar(Uttar Kannad),Siddapur,Arecanut,Cqca,FAQ,26669,32699,31699,2023-05-12
40296,Karwar(Uttar Kannad),Siddapur,Arecanut,Cqca,FAQ,26689,29699,27399,2024-05-22
40299,Karwar(Uttar Kannad),Siddapur,Arecanut,Cqca,FAQ,26699,30899,30699,2023-05-11
40309,Karwar(Uttar Kannad),Siddapur,Arecanut,Cqca,FAQ,26699,32899,29899,2023-05-16
40323,Karwar(Uttar Kannad),Siddapur,Arecanut,Cqca,FAQ,26799,32299,30469,2023-05-22
40326,Karwar(Uttar Kannad),Siddapur,Arecanut,Cqca,FAQ,26809,32699,31299,2023-05-19
40327,Karwar(Uttar Kannad),Siddapur,Arecanut,Cqca,FAQ,26819,31099,28389,2024-05-14
40332,Karwar(Uttar Kannad),Siddapur,Arecanut,Cqca,FAQ,26899,29789,28680,2024-05-15
40345,Karwar(Uttar Kannad),Siddapur,Arecanut,Cqca,FAQ,27099,32099,30119,2023-05-05
40353,Karwar(Uttar Kannad),Siddapur,Arecanut,Cqca,FAQ,27119,32619,31299,2023-05-04
40354,Karwar(Uttar Kannad),Siddapur,Arecanut,Cqca,FAQ,27119,32699,31619,2023-05-29
40355,Karwar(Uttar Kannad),Siddapur,Arecanut,Cqca,FAQ,27119,32809,31519,2023-05-23
40359,Karwar(Uttar Kannad),Siddapur,Arecanut,Cqca,FAQ,27299,32499,31899,2023-05-25
40366,Karwar(Uttar Kannad),Siddapur,Arecanut,Cqca,FAQ,27499,32699,31499,2023-05-31
40369,Karwar(Uttar Kannad),Siddapur,Arecanut,Cqca,FAQ,27599,33069,30889,2022-05-19
40376,Karwar(Uttar Kannad),Siddapur,Arecanut,Cqca,FAQ,27699,32899,31299,2023-05-09
40377,Karwar(Uttar Kannad),Siddapur,Arecanut,Cqca,FAQ,27699,32899,31899,2023-05-30
40416,Karwar(Uttar Kannad),Siddapur,Arecanut,Cqca,FAQ,28619,32119,31619,2023-05-18
40419,Karwar(Uttar Kannad),Siddapur,Arecanut,Cqca,FAQ,28699,32609,31899,2023-05-26
40429,Karwar(Uttar Kannad),Siddapur,Arecanut,Cqca,FAQ,28899,32099,31899,2023-05-24
40597,Karwar(Uttar Kannad),Siddapur,Arecanut,Kempugotu,FAQ,16899,21289,20769,2020-05-15
40598,Karwar(Uttar Kannad),Siddapur,Arecanut,Kempugotu,FAQ,16999,21099,19089,2020-05-18
40601,Karwar(Uttar Kannad),Siddapur,Arecanut,Kempugotu,FAQ,17089,21019,17699,2020-05-12
40605,Karwar(Uttar Kannad),Siddapur,Arecanut,Kempugotu,FAQ,17099,20289,19699,2020-05-25
40614,Karwar(Uttar Kannad),Siddapur,Arecanut,Kempugotu,FAQ,17669,22391,20399,2020-05-28
40636,Karwar(Uttar Kannad),Siddapur,Arecanut,Kempugotu,FAQ,18099,20649,19899,2020-05-06
40638,Karwar(Uttar Kannad),Siddapur,Arecanut,Kempugotu,FAQ,18099,21289,21089,2020-05-04
40651,Karwar(Uttar Kannad),Siddapur,Arecanut,Kempugotu,FAQ,18641,21029,20609,2020-05-22
40662,Karwar(Uttar Kannad),Siddapur,Arecanut,Kempugotu,FAQ,18699,21899,20889,2020-05-30
40663,Karwar(Uttar Kannad),Siddapur,Arecanut,Kempugotu,FAQ,18699,21989,20399,2020-05-23
40671,Karwar(Uttar Kannad),Siddapur,Arecanut,Kempugotu,FAQ,18880,21089,20589,2020-05-26
40672,Karwar(Uttar Kannad),Siddapur,Arecanut,Kempugotu,FAQ,18889,23869,20769,2020-05-14
40677,Karwar(Uttar Kannad),Siddapur,Arecanut,Kempugotu,FAQ,18899,21209,20469,2020-05-19
40684,Karwar(Uttar Kannad),Siddapur,Arecanut,Kempugotu,FAQ,19080,21119,20309,2020-05-21
40685,Karwar(Uttar Kannad),Siddapur,Arecanut,Kempugotu,FAQ,19080,21309,20889,2020-05-16
40690,Karwar(Uttar Kannad),Siddapur,Arecanut,Kempugotu,FAQ,19099,20889,20289,2020-05-20
40691,Karwar(Uttar Kannad),Siddapur,Arecanut,Kempugotu,FAQ,19099,21019,20889,2020-05-07
40709,Karwar(Uttar Kannad),Siddapur,Arecanut,Kempugotu,FAQ,19419,21469,20789,2020-05-29
40711,Karwar(Uttar Kannad),Siddapur,Arecanut,Kempugotu,FAQ,19469,22089,21089,2020-05-13
40712,Karwar(Uttar Kannad),Siddapur,Arecanut,Kempugotu,FAQ,19599,21109,20889,2020-05-11
40713,Karwar(Uttar Kannad),Siddapur,Arecanut,Kempugotu,FAQ,19599,22077,20199,2020-05-09
40717,Karwar(Uttar Kannad),Siddapur,Arecanut,Kempugotu,FAQ,19609,21321,20809,2020-05-27
40823,Karwar(Uttar Kannad),Siddapur,Arecanut,Kempugotu,FAQ,20669,21289,20669,2020-05-05
40825,Karwar(Uttar Kannad),Siddapur,Arecanut,Kempugotu,FAQ,20689,21089,21089,2020-05-02
40843,Karwar(Uttar Kannad),Siddapur,Arecanut,Kempugotu,FAQ,20769,21169,20989,2020-05-08
40988,Karwar(Uttar Kannad),Siddapur,Arecanut,Kempugotu,FAQ,22699,28709,22839,2021-05-07
41035,Karwar(Uttar Kannad),Siddapur,Arecanut,Kempugotu,FAQ,24099,29199,25789,2021-05-04
41056,Karwar(Uttar Kannad),Siddapur,Arecanut,Kempugotu,FAQ,24699,26699,26689,2022-05-07
41059,Karwar(Uttar Kannad),Siddapur,Arecanut,Kempugotu,FAQ,24699,32609,29699,2022-05-05
41073,Karwar(Uttar Kannad),Siddapur,Arecanut,Kempugotu,FAQ,24999,28889,27399,2021-05-08
41104,Karwar(Uttar Kannad),Siddapur,Arecanut,Kempugotu,FAQ,25869,27699,27519,2024-05-31
41114,Karwar(Uttar Kannad),Siddapur,Arecanut,Kempugotu,FAQ,26089,26089,26089,2021-05-05
41119,Karwar(Uttar Kannad),Siddapur,Arecanut,Kempugotu,FAQ,26089,30389,29669,2022-05-27
41126,Karwar(Uttar Kannad),Siddapur,Arecanut,Kempugotu,FAQ,26099,31599,30209,2022-05-25
41143,Karwar(Uttar Kannad),Siddapur,Arecanut,Kempugotu,FAQ,26199,32899,30289,2022-05-09
41159,Karwar(Uttar Kannad),Siddapur,Arecanut,Kempugotu,FAQ,26600,28899,28500,2024-05-27
41160,Karwar(Uttar Kannad),Siddapur,Arecanut,Kempugotu,FAQ,26619,29100,28700,2024-05-02
41161,Karwar(Uttar Kannad),Siddapur,Arecanut,Kempugotu,FAQ,26619,29399,28319,2024-05-04
41163,Karwar(Uttar Kannad),Siddapur,Arecanut,Kempugotu,FAQ,26668,32282,30469,2022-05-20
41165,Karwar(Uttar Kannad),Siddapur,Arecanut,Kempugotu,FAQ,26689,29389,29219,2024-05-30
41172,Karwar(Uttar Kannad),Siddapur,Arecanut,Kempugotu,FAQ,26699,28199,27629,2021-05-03
41188,Karwar(Uttar Kannad),Siddapur,Arecanut,Kempugotu,FAQ,26800,29600,28399,2024-05-06
41190,Karwar(Uttar Kannad),Siddapur,Arecanut,Kempugotu,FAQ,26851,31069,30019,2022-05-04
41196,Karwar(Uttar Kannad),Siddapur,Arecanut,Kempugotu,FAQ,26889,30689,30289,2022-05-18
41210,Karwar(Uttar Kannad),Siddapur,Arecanut,Kempugotu,FAQ,27089,29689,29289,2024-05-29
41212,Karwar(Uttar Kannad),Siddapur,Arecanut,Kempugotu,FAQ,27089,30589,27609,2022-05-12
41231,Karwar(Uttar Kannad),Siddapur,Arecanut,Kempugotu,FAQ,27119,32199,31469,2023-05-19
41244,Karwar(Uttar Kannad),Siddapur,Arecanut,Kempugotu,FAQ,27499,31599,28869,2022-05-23
41245,Karwar(Uttar Kannad),Siddapur,Arecanut,Kempugotu,FAQ,27499,32899,28499,2024-05-28
41247,Karwar(Uttar Kannad),Siddapur,Arecanut,Kempugotu,FAQ,27599,31799,29119,2023-05-05
41256,Karwar(Uttar Kannad),Siddapur,Arecanut,Kempugotu,FAQ,27689,31289,30369,2022-05-11
41261,Karwar(Uttar Kannad),Siddapur,Arecanut,Kempugotu,FAQ,27700,29600,28899,2024-05-14
41262,Karwar(Uttar Kannad),Siddapur,Arecanut,Kempugotu,FAQ,27700,29669,29119,2024-05-08
41264,Karwar(Uttar Kannad),Siddapur,Arecanut,Kempugotu,FAQ,27799,31399,30000,2022-05-17
41272,Karwar(Uttar Kannad),Siddapur,Arecanut,Kempugotu,FAQ,27899,29699,28899,2024-05-21
41275,Karwar(Uttar Kannad),Siddapur,Arecanut,Kempugotu,FAQ,27900,29689,29400,2024-05-18
41276,Karwar(Uttar Kannad),Siddapur,Arecanut,Kempugotu,FAQ,27900,30600,29300,2024-05-13
41293,Karwar(Uttar Kannad),Siddapur,Arecanut,Kempugotu,FAQ,28019,32199,32109,2023-05-24
41294,Karwar(Uttar Kannad),Siddapur,Arecanut,Kempugotu,FAQ,28019,32899,29509,2024-05-24
41296,Karwar(Uttar Kannad),Siddapur,Arecanut,Kempugotu,FAQ,28019,33299,31899,2023-05-17
41300,Karwar(Uttar Kannad),Siddapur,Arecanut,Kempugotu,FAQ,28089,31099,30889,2022-05-19
41301,Karwar(Uttar Kannad),Siddapur,Arecanut,Kempugotu,FAQ,28089,31109,30809,2022-05-16
41315,Karwar(Uttar Kannad),Siddapur,Arecanut,Kempugotu,FAQ,28100,28600,28100,2021-05-06
41316,Karwar(Uttar Kannad),Siddapur,Arecanut,Kempugotu,FAQ,28100,31499,30369,2022-05-24
41328,Karwar(Uttar Kannad),Siddapur,Arecanut,Kempugotu,FAQ,28199,37519,28989,2022-05-31
41330,Karwar(Uttar Kannad),Siddapur,Arecanut,Kempugotu,FAQ,28319,29469,28899,2024-05-03
41331,Karwar(Uttar Kannad),Siddapur,Arecanut,Kempugotu,FAQ,28319,31399,30699,2023-05-08
41338,Karwar(Uttar Kannad),Siddapur,Arecanut,Kempugotu,FAQ,28600,31200,30300,2024-05-16
41343,Karwar(Uttar Kannad),Siddapur,Arecanut,Kempugotu,FAQ,28619,30119,29219,2023-05-04
41347,Karwar(Uttar Kannad),Siddapur,Arecanut,Kempugotu,FAQ,28689,31889,29999,2022-05-30
41358,Karwar(Uttar Kannad),Siddapur,Arecanut,Kempugotu,FAQ,28699,35200,30699,2024-05-15
41361,Karwar(Uttar Kannad),Siddapur,Arecanut,Kempugotu,FAQ,28699,36979,31869,2023-05-22
41362,Karwar(Uttar Kannad),Siddapur,Arecanut,Kempugotu,FAQ,28709,31089,29699,2022-05-13
41364,Karwar(Uttar Kannad),Siddapur,Arecanut,Kempugotu,FAQ,28800,29399,28899,2024-05-17
41365,Karwar(Uttar Kannad),Siddapur,Arecanut,Kempugotu,FAQ,28800,32200,29700,2024-05-09
41370,Karwar(Uttar Kannad),Siddapur,Arecanut,Kempugotu,FAQ,28811,32399,32209,2023-05-31
41371,Karwar(Uttar Kannad),Siddapur,Arecanut,Kempugotu,FAQ,28812,30899,29699,2023-05-09
41384,Karwar(Uttar Kannad),Siddapur,Arecanut,Kempugotu,FAQ,28900,32900,30200,2024-05-22
41397,Karwar(Uttar Kannad),Siddapur,Arecanut,Kempugotu,FAQ,29019,29619,29319,2023-05-12
41416,Karwar(Uttar Kannad),Siddapur,Arecanut,Kempugotu,FAQ,29112,32289,31989,2023-05-23
41422,Karwar(Uttar Kannad),Siddapur,Arecanut,Kempugotu,FAQ,29312,31219,30669,2023-05-15
41423,Karwar(Uttar Kannad),Siddapur,Arecanut,Kempugotu,FAQ,29319,33509,31799,2023-05-26
41427,Karwar(Uttar Kannad),Siddapur,Arecanut,Kempugotu,FAQ,29469,36899,30309,2022-05-26
41435,Karwar(Uttar Kannad),Siddapur,Arecanut,Kempugotu,FAQ,29689,32619,32399,2023-05-30
41444,Karwar(Uttar Kannad),Siddapur,Arecanut,Kempugotu,FAQ,29809,31299,30769,2022-05-06
41447,Karwar(Uttar Kannad),Siddapur,Arecanut,Kempugotu,FAQ,29899,30218,30099,2023-05-11
41452,Karwar(Uttar Kannad),Siddapur,Arecanut,Kempugotu,FAQ,30000,30889,30089,2024-05-20
41520,Karwar(Uttar Kannad),Siddapur,Arecanut,Kempugotu,FAQ,30469,32869,32609,2023-05-16
41554,Karwar(Uttar Kannad),Siddapur,Arecanut,Kempugotu,FAQ,30909,31509,31369,2022-05-10
41592,Karwar(Uttar Kannad),Siddapur,Arecanut,Kempugotu,FAQ,31469,32089,31569,2023-05-18
41594,Karwar(Uttar Kannad),Siddapur,Arecanut,Kempugotu,FAQ,31589,31589,31589,2023-05-25
41613,Karwar(Uttar Kannad),Siddapur,Arecanut,Kempugotu,FAQ,31889,32399,32019,2023-05-29
41798,Karwar(Uttar Kannad),Siddapur,Arecanut,Rashi,FAQ,30312,37499,36589,2020-05-22
41816,Karwar(Uttar Kannad),Siddapur,Arecanut,Rashi,FAQ,30889,37089,36599,2020-05-21
41863,Karwar(Uttar Kannad),Siddapur,Arecanut,Rashi,FAQ,31989,37399,35769,2020-05-29
41883,Karwar(Uttar Kannad),Siddapur,Arecanut,Rashi,FAQ,32389,37519,36899,2020-05-12
41885,Karwar(Uttar Kannad),Siddapur,Arecanut,Rashi,FAQ,32499,37389,36899,2020-05-19
41909,Karwar(Uttar Kannad),Siddapur,Arecanut,Rashi,FAQ,32809,37509,36599,2020-05-18
41917,Karwar(Uttar Kannad),Siddapur,Arecanut,Rashi,FAQ,32899,36709,36389,2020-05-06
41921,Karwar(Uttar Kannad),Siddapur,Arecanut,Rashi,FAQ,32899,37639,36769,2020-05-15
41922,Karwar(Uttar Kannad),Siddapur,Arecanut,Rashi,FAQ,32989,37409,36989,2020-05-08
41929,Karwar(Uttar Kannad),Siddapur,Arecanut,Rashi,FAQ,33089,37029,36899,2020-05-28
41930,Karwar(Uttar Kannad),Siddapur,Arecanut,Rashi,FAQ,33089,37509,36699,2020-05-05
41939,Karwar(Uttar Kannad),Siddapur,Arecanut,Rashi,FAQ,33199,37209,35899,2020-05-27
41944,Karwar(Uttar Kannad),Siddapur,Arecanut,Rashi,FAQ,33299,37569,36899,2020-05-13
41957,Karwar(Uttar Kannad),Siddapur,Arecanut,Rashi,FAQ,33699,37609,36699,2020-05-20
41962,Karwar(Uttar Kannad),Siddapur,Arecanut,Rashi,FAQ,33809,38009,37389,2020-05-16
41973,Karwar(Uttar Kannad),Siddapur,Arecanut,Rashi,FAQ,33899,37009,36689,2020-05-26
41974,Karwar(Uttar Kannad),Siddapur,Arecanut,Rashi,FAQ,33899,37112,35689,2020-05-30
41975,Karwar(Uttar Kannad),Siddapur,Arecanut,Rashi,FAQ,33899,37119,36899,2020-05-09
41979,Karwar(Uttar Kannad),Siddapur,Arecanut,Rashi,FAQ,33899,37369,37119,2020-05-11
41990,Karwar(Uttar Kannad),Siddapur,Arecanut,Rashi,FAQ,34089,37099,36299,2020-05-23
41996,Karwar(Uttar Kannad),Siddapur,Arecanut,Rashi,FAQ,34219,37269,36869,2020-05-07
42006,Karwar(Uttar Kannad),Siddapur,Arecanut,Rashi,FAQ,34409,37339,36799,2020-05-14
42016,Karwar(Uttar Kannad),Siddapur,Arecanut,Rashi,FAQ,34689,37509,36499,2020-05-25
42027,Karwar(Uttar Kannad),Siddapur,Arecanut,Rashi,FAQ,34899,37439,36899,2020-05-02
42043,Karwar(Uttar Kannad),Siddapur,Arecanut,Rashi,FAQ,35119,37509,36899,2020-05-04
42053,Karwar(Uttar Kannad),Siddapur,Arecanut,Rashi,FAQ,35809,40099,38009,2021-05-08
42060,Karwar(Uttar Kannad),Siddapur,Arecanut,Rashi,FAQ,36099,41099,39709,2021-05-07
42067,Karwar(Uttar Kannad),Siddapur,Arecanut,Rashi,FAQ,36499,40899,38799,2021-05-03
42089,Karwar(Uttar Kannad),Siddapur,Arecanut,Rashi,FAQ,37699,40509,39439,2021-05-04
42096,Karwar(Uttar Kannad),Siddapur,Arecanut,Rashi,FAQ,37899,40809,39809,2021-05-06
42224,Karwar(Uttar Kannad),Siddapur,Arecanut,Rashi,FAQ,40139,40209,40199,2021-05-05
42342,Karwar(Uttar Kannad),Siddapur,Arecanut,Rashi,FAQ,42009,49299,48699,2024-05-24
42400,Karwar(Uttar Kannad),Siddapur,Arecanut,Rashi,FAQ,42199,46499,45749,2023-05-04
42404,Karwar(Uttar Kannad),Siddapur,Arecanut,Rashi,FAQ,42209,46709,46429,2023-05-12
42405,Karwar(Uttar Kannad),Siddapur,Arecanut,Rashi,FAQ,42269,46599,46399,2023-05-22
42418,Karwar(Uttar Kannad),Siddapur,Arecanut,Rashi,FAQ,42319,46539,46399,2023-05-05
42451,Karwar(Uttar Kannad),Siddapur,Arecanut,Rashi,FAQ,42669,46809,46399,2023-05-19
42460,Karwar(Uttar Kannad),Siddapur,Arecanut,Rashi,FAQ,42699,46099,45299,2023-05-17
42463,Karwar(Uttar Kannad),Siddapur,Arecanut,Rashi,FAQ,42699,46599,46469,2023-05-08
42468,Karwar(Uttar Kannad),Siddapur,Arecanut,Rashi,FAQ,42699,47749,47699,2023-05-30
42473,Karwar(Uttar Kannad),Siddapur,Arecanut,Rashi,FAQ,42699,49399,48749,2024-05-28
42480,Karwar(Uttar Kannad),Siddapur,Arecanut,Rashi,FAQ,42829,46799,46489,2023-05-23
42505,Karwar(Uttar Kannad),Siddapur,Arecanut,Rashi,FAQ,42899,48609,47809,2024-05-08
42507,Karwar(Uttar Kannad),Siddapur,Arecanut,Rashi,FAQ,42899,49699,48699,2024-05-27
42523,Karwar(Uttar Kannad),Siddapur,Arecanut,Rashi,FAQ,43019,48509,47649,2022-05-04
42527,Karwar(Uttar Kannad),Siddapur,Arecanut,Rashi,FAQ,43079,47929,47609,2023-05-31
42542,Karwar(Uttar Kannad),Siddapur,Arecanut,Rashi,FAQ,43099,48100,47409,2024-05-02
42543,Karwar(Uttar Kannad),Siddapur,Arecanut,Rashi,FAQ,43099,48199,47509,2024-05-03
42552,Karwar(Uttar Kannad),Siddapur,Arecanut,Rashi,FAQ,43099,49399,48799,2024-05-20
42553,Karwar(Uttar Kannad),Siddapur,Arecanut,Rashi,FAQ,43099,49399,48899,2024-05-13
42584,Karwar(Uttar Kannad),Siddapur,Arecanut,Rashi,FAQ,43299,47909,46709,2024-05-04
42586,Karwar(Uttar Kannad),Siddapur,Arecanut,Rashi,FAQ,43299,49809,49499,2022-05-17
42598,Karwar(Uttar Kannad),Siddapur,Arecanut,Rashi,FAQ,43469,46499,46289,2023-05-16
42601,Karwar(Uttar Kannad),Siddapur,Arecanut,Rashi,FAQ,43489,47099,46599,2023-05-25
42628,Karwar(Uttar Kannad),Siddapur,Arecanut,Rashi,FAQ,43619,49529,48899,2024-05-29
42629,Karwar(Uttar Kannad),Siddapur,Arecanut,Rashi,FAQ,43659,46899,46369,2023-05-15
42635,Karwar(Uttar Kannad),Siddapur,Arecanut,Rashi,FAQ,43699,46799,46409,2023-05-09
42636,Karwar(Uttar Kannad),Siddapur,Arecanut,Rashi,FAQ,43699,46899,46599,2023-05-24
42640,Karwar(Uttar Kannad),Siddapur,Arecanut,Rashi,FAQ,43699,49869,49399,2024-05-18
42650,Karwar(Uttar Kannad),Siddapur,Arecanut,Rashi,FAQ,43889,48999,47659,2022-05-25
42670,Karwar(Uttar Kannad),Siddapur,Arecanut,Rashi,FAQ,43999,48799,48359,2024-05-09
42671,Karwar(Uttar Kannad),Siddapur,Arecanut,Rashi,FAQ,43999,49909,49439,2024-05-17
42675,Karwar(Uttar Kannad),Siddapur,Arecanut,Rashi,FAQ,44009,50409,50099,2022-05-13
42700,Karwar(Uttar Kannad),Siddapur,Arecanut,Rashi,FAQ,44099,48209,47869,2024-05-06
42708,Karwar(Uttar Kannad),Siddapur,Arecanut,Rashi,FAQ,44099,49599,48809,2024-05-30
42709,Karwar(Uttar Kannad),Siddapur,Arecanut,Rashi,FAQ,44099,49699,48859,2024-05-31
42710,Karwar(Uttar Kannad),Siddapur,Arecanut,Rashi,FAQ,44099,49799,48499,2024-05-21
42717,Karwar(Uttar Kannad),Siddapur,Arecanut,Rashi,FAQ,44109,48599,47649,2022-05-30
42725,Karwar(Uttar Kannad),Siddapur,Arecanut,Rashi,FAQ,44199,49199,48799,2024-05-22
42734,Karwar(Uttar Kannad),Siddapur,Arecanut,Rashi,FAQ,44299,47209,46589,2023-05-26
42737,Karwar(Uttar Kannad),Siddapur,Arecanut,Rashi,FAQ,44319,49399,48799,2024-05-15
42742,Karwar(Uttar Kannad),Siddapur,Arecanut,Rashi,FAQ,44389,49699,48629,2024-05-16
42749,Karwar(Uttar Kannad),Siddapur,Arecanut,Rashi,FAQ,44509,49399,48899,2024-05-14
42764,Karwar(Uttar Kannad),Siddapur,Arecanut,Rashi,FAQ,44599,49299,48599,2022-05-24
42775,Karwar(Uttar Kannad),Siddapur,Arecanut,Rashi,FAQ,44699,48599,47999,2022-05-23
42782,Karwar(Uttar Kannad),Siddapur,Arecanut,Rashi,FAQ,44809,50109,49899,2022-05-16
42785,Karwar(Uttar Kannad),Siddapur,Arecanut,Rashi,FAQ,44869,47509,47319,2023-05-29
42786,Karwar(Uttar Kannad),Siddapur,Arecanut,Rashi,FAQ,44869,48039,47809,2022-05-26
42790,Karwar(Uttar Kannad),Siddapur,Arecanut,Rashi,FAQ,44899,46899,46399,2023-05-11
42811,Karwar(Uttar Kannad),Siddapur,Arecanut,Rashi,FAQ,45079,49699,49599,2022-05-19
42845,Karwar(Uttar Kannad),Siddapur,Arecanut,Rashi,FAQ,45509,48299,47849,2022-05-31
42849,Karwar(Uttar Kannad),Siddapur,Arecanut,Rashi,FAQ,45599,46319,45899,2023-05-18
42850,Karwar(Uttar Kannad),Siddapur,Arecanut,Rashi,FAQ,45599,48599,47719,2022-05-05
42851,Karwar(Uttar Kannad),Siddapur,Arecanut,Rashi,FAQ,45599,50507,50099,2022-05-10
42852,Karwar(Uttar Kannad),Siddapur,Arecanut,Rashi,FAQ,45619,49899,48899,2022-05-20
42867,Karwar(Uttar Kannad),Siddapur,Arecanut,Rashi,FAQ,45899,48999,48869,2022-05-07
42868,Karwar(Uttar Kannad),Siddapur,Arecanut,Rashi,FAQ,45899,50399,50099,2022-05-11
42870,Karwar(Uttar Kannad),Siddapur,Arecanut,Rashi,FAQ,46099,48209,47949,2022-05-27
42889,Karwar(Uttar Kannad),Siddapur,Arecanut,Rashi,FAQ,46509,48609,47899,2022-05-06
42896,Karwar(Uttar Kannad),Siddapur,Arecanut,Rashi,FAQ,46689,50399,49899,2022-05-12
42923,Karwar(Uttar Kannad),Siddapur,Arecanut,Rashi,FAQ,47199,50019,48799,2022-05-09
42940,Karwar(Uttar Kannad),Siddapur,Arecanut,Rashi,FAQ,47899,50099,48989,2022-05-18
43343,Karwar(Uttar Kannad),Siddapur,Arecanut,Ripe,FAQ,33989,39322,38699,2022-05-07
43356,Karwar(Uttar Kannad),Siddapur,Arecanut,Ripe,FAQ,34569,39799,38699,2022-05-06
43357,Karwar(Uttar Kannad),Siddapur,Arecanut,Ripe,FAQ,34589,40099,39899,2022-05-16
43361,Karwar(Uttar Kannad),Siddapur,Arecanut,Ripe,FAQ,34669,40691,39399,2022-05-05
43364,Karwar(Uttar Kannad),Siddapur,Arecanut,Ripe,FAQ,34899,40199,39499,2022-05-12
43382,Karwar(Uttar Kannad),Siddapur,Arecanut,Ripe,FAQ,35699,40211,39399,2022-05-04
43385,Karwar(Uttar Kannad),Siddapur,Arecanut,Ripe,FAQ,35889,40099,39399,2022-05-13
43427,Karwar(Uttar Kannad),Siddapur,Arecanut,Tattibettee,FAQ,19669,31219,25669,2020-05-14
43431,Karwar(Uttar Kannad),Siddapur,Arecanut,Tattibettee,FAQ,19719,32009,26099,2020-05-12
43438,Karwar(Uttar Kannad),Siddapur,Arecanut,Tattibettee,FAQ,20099,33299,23899,2020-05-04
43450,Karwar(Uttar Kannad),Siddapur,Arecanut,Tattibettee,FAQ,21089,31289,29009,2020-05-29
43451,Karwar(Uttar Kannad),Siddapur,Arecanut,Tattibettee,FAQ,21089,32909,24899,2020-05-15
43456,Karwar(Uttar Kannad),Siddapur,Arecanut,Tattibettee,FAQ,21099,33019,31669,2020-05-28
43457,Karwar(Uttar Kannad),Siddapur,Arecanut,Tattibettee,FAQ,21099,33899,28089,2020-05-27
43460,Karwar(Uttar Kannad),Siddapur,Arecanut,Tattibettee,FAQ,21289,33099,28099,2020-05-20
43462,Karwar(Uttar Kannad),Siddapur,Arecanut,Tattibettee,FAQ,21380,34809,25469,2020-05-13
43469,Karwar(Uttar Kannad),Siddapur,Arecanut,Tattibettee,FAQ,21669,29899,26869,2020-05-18
43473,Karwar(Uttar Kannad),Siddapur,Arecanut,Tattibettee,FAQ,21699,31899,28809,2020-05-08
43475,Karwar(Uttar Kannad),Siddapur,Arecanut,Tattibettee,FAQ,21699,32689,27989,2020-05-26
43485,Karwar(Uttar Kannad),Siddapur,Arecanut,Tattibettee,FAQ,21899,34319,25269,2020-05-07
43491,Karwar(Uttar Kannad),Siddapur,Arecanut,Tattibettee,FAQ,22099,32119,29899,2020-05-22
43492,Karwar(Uttar Kannad),Siddapur,Arecanut,Tattibettee,FAQ,22099,32889,27089,2020-05-30
43496,Karwar(Uttar Kannad),Siddapur,Arecanut,Tattibettee,FAQ,22199,32209,25719,2020-05-11
43499,Karwar(Uttar Kannad),Siddapur,Arecanut,Tattibettee,FAQ,22351,31209,28269,2020-05-02
43509,Karwar(Uttar Kannad),Siddapur,Arecanut,Tattibettee,FAQ,22699,33809,31369,2020-05-19
43536,Karwar(Uttar Kannad),Siddapur,Arecanut,Tattibettee,FAQ,23399,32369,25899,2020-05-05
43538,Karwar(Uttar Kannad),Siddapur,Arecanut,Tattibettee,FAQ,23399,33299,32389,2020-05-16
43544,Karwar(Uttar Kannad),Siddapur,Arecanut,Tattibettee,FAQ,23609,33099,28899,2020-05-21
43550,Karwar(Uttar Kannad),Siddapur,Arecanut,Tattibettee,FAQ,23689,29099,24699,2020-05-06
43579,Karwar(Uttar Kannad),Siddapur,Arecanut,Tattibettee,FAQ,24289,30299,28399,2020-05-09
43599,Karwar(Uttar Kannad),Siddapur,Arecanut,Tattibettee,FAQ,24899,29199,27869,2020-05-25
43604,Karwar(Uttar Kannad),Siddapur,Arecanut,Tattibettee,FAQ,24899,30899,27989,2020-05-23
43810,Karwar(Uttar Kannad),Siddapur,Arecanut,Tattibettee,FAQ,29089,34999,34689,2021-05-06
43817,Karwar(Uttar Kannad),Siddapur,Arecanut,Tattibettee,FAQ,29099,41099,36889,2021-05-05
43871,Karwar(Uttar Kannad),Siddapur,Arecanut,Tattibettee,FAQ,30399,30399,30399,2021-05-03
43881,Karwar(Uttar Kannad),Siddapur,Arecanut,Tattibettee,FAQ,30889,34799,31889,2024-05-04
43919,Karwar(Uttar Kannad),Siddapur,Arecanut,Tattibettee,FAQ,31879,38099,33959,2021-05-04
43932,Karwar(Uttar Kannad),Siddapur,Arecanut,Tattibettee,FAQ,32089,36899,34999,2021-05-07
43943,Karwar(Uttar Kannad),Siddapur,Arecanut,Tattibettee,FAQ,32199,43599,39019,2022-05-31
43990,Karwar(Uttar Kannad),Siddapur,Arecanut,Tattibettee,FAQ,33199,43509,38999,2022-05-16
44003,Karwar(Uttar Kannad),Siddapur,Arecanut,Tattibettee,FAQ,33499,48899,39699,2022-05-13
44044,Karwar(Uttar Kannad),Siddapur,Arecanut,Tattibettee,FAQ,34090,44599,39599,2022-05-24
44060,Karwar(Uttar Kannad),Siddapur,Arecanut,Tattibettee,FAQ,34500,37300,36300,2024-05-03
44065,Karwar(Uttar Kannad),Siddapur,Arecanut,Tattibettee,FAQ,34609,36869,35049,2023-05-05
44069,Karwar(Uttar Kannad),Siddapur,Arecanut,Tattibettee,FAQ,34669,38319,35899,2024-05-31
44076,Karwar(Uttar Kannad),Siddapur,Arecanut,Tattibettee,FAQ,34699,37699,34899,2024-05-21
44085,Karwar(Uttar Kannad),Siddapur,Arecanut,Tattibettee,FAQ,34709,43499,38119,2024-05-18
44087,Karwar(Uttar Kannad),Siddapur,Arecanut,Tattibettee,FAQ,34889,34889,34889,2023-05-17
44094,Karwar(Uttar Kannad),Siddapur,Arecanut,Tattibettee,FAQ,35000,39100,38199,2024-05-29
44106,Karwar(Uttar Kannad),Siddapur,Arecanut,Tattibettee,FAQ,35109,45689,38639,2022-05-23
44116,Karwar(Uttar Kannad),Siddapur,Arecanut,Tattibettee,FAQ,35400,39319,36699,2024-05-16
44117,Karwar(Uttar Kannad),Siddapur,Arecanut,Tattibettee,FAQ,35400,42599,35700,2024-05-09
44133,Karwar(Uttar Kannad),Siddapur,Arecanut,Tattibettee,FAQ,35800,46099,46099,2024-05-30
44138,Karwar(Uttar Kannad),Siddapur,Arecanut,Tattibettee,FAQ,35899,42099,39099,2024-05-22
44142,Karwar(Uttar Kannad),Siddapur,Arecanut,Tattibettee,FAQ,36009,42699,41699,2022-05-20
44169,Karwar(Uttar Kannad),Siddapur,Arecanut,Tattibettee,FAQ,36382,48409,40319,2024-05-08
44176,Karwar(Uttar Kannad),Siddapur,Arecanut,Tattibettee,FAQ,36469,42109,42109,2022-05-12
44178,Karwar(Uttar Kannad),Siddapur,Arecanut,Tattibettee,FAQ,36499,42169,39479,2023-05-11
44194,Karwar(Uttar Kannad),Siddapur,Arecanut,Tattibettee,FAQ,36699,39989,37669,2023-05-04
44197,Karwar(Uttar Kannad),Siddapur,Arecanut,Tattibettee,FAQ,36699,40479,40479,2023-05-18
44204,Karwar(Uttar Kannad),Siddapur,Arecanut,Tattibettee,FAQ,36699,45099,38319,2024-05-24
44206,Karwar(Uttar Kannad),Siddapur,Arecanut,Tattibettee,FAQ,36699,47439,39499,2022-05-05
44212,Karwar(Uttar Kannad),Siddapur,Arecanut,Tattibettee,FAQ,36800,44699,36899,2024-05-06
44246,Karwar(Uttar Kannad),Siddapur,Arecanut,Tattibettee,FAQ,37099,42299,39299,2022-05-25
44252,Karwar(Uttar Kannad),Siddapur,Arecanut,Tattibettee,FAQ,37100,49369,41019,2024-05-15
44259,Karwar(Uttar Kannad),Siddapur,Arecanut,Tattibettee,FAQ,37199,41099,40669,2023-05-15
44266,Karwar(Uttar Kannad),Siddapur,Arecanut,Tattibettee,FAQ,37219,45109,41699,2022-05-04
44269,Karwar(Uttar Kannad),Siddapur,Arecanut,Tattibettee,FAQ,37289,43219,41099,2022-05-30
44271,Karwar(Uttar Kannad),Siddapur,Arecanut,Tattibettee,FAQ,37300,44109,37600,2024-05-02
44276,Karwar(Uttar Kannad),Siddapur,Arecanut,Tattibettee,FAQ,37389,41219,38819,2024-05-13
44284,Karwar(Uttar Kannad),Siddapur,Arecanut,Tattibettee,FAQ,37469,43099,40199,2023-05-09
44287,Karwar(Uttar Kannad),Siddapur,Arecanut,Tattibettee,FAQ,37489,47609,43699,2024-05-27
44288,Karwar(Uttar Kannad),Siddapur,Arecanut,Tattibettee,FAQ,37499,44889,42369,2023-05-16
44289,Karwar(Uttar Kannad),Siddapur,Arecanut,Tattibettee,FAQ,37519,42939,40569,2023-05-22
44293,Karwar(Uttar Kannad),Siddapur,Arecanut,Tattibettee,FAQ,37600,47559,45009,2024-05-17
44308,Karwar(Uttar Kannad),Siddapur,Arecanut,Tattibettee,FAQ,37699,44899,41829,2023-05-23
44310,Karwar(Uttar Kannad),Siddapur,Arecanut,Tattibettee,FAQ,37699,47199,41099,2023-05-29
44318,Karwar(Uttar Kannad),Siddapur,Arecanut,Tattibettee,FAQ,37819,46099,43169,2024-05-20
44322,Karwar(Uttar Kannad),Siddapur,Arecanut,Tattibettee,FAQ,37869,42399,40099,2022-05-09
44323,Karwar(Uttar Kannad),Siddapur,Arecanut,Tattibettee,FAQ,37869,42869,42869,2023-05-25
44328,Karwar(Uttar Kannad),Siddapur,Arecanut,Tattibettee,FAQ,37899,43209,42099,2022-05-27
44330,Karwar(Uttar Kannad),Siddapur,Arecanut,Tattibettee,FAQ,37899,44769,42369,2023-05-26
44343,Karwar(Uttar Kannad),Siddapur,Arecanut,Tattibettee,FAQ,38009,44209,43089,2022-05-26
44352,Karwar(Uttar Kannad),Siddapur,Arecanut,Tattibettee,FAQ,38069,41099,40069,2023-05-24
44358,Karwar(Uttar Kannad),Siddapur,Arecanut,Tattibettee,FAQ,38099,42099,38699,2024-05-28
44362,Karwar(Uttar Kannad),Siddapur,Arecanut,Tattibettee,FAQ,38099,44699,44599,2022-05-07
44382,Karwar(Uttar Kannad),Siddapur,Arecanut,Tattibettee,FAQ,38249,44289,38819,2022-05-06
44387,Karwar(Uttar Kannad),Siddapur,Arecanut,Tattibettee,FAQ,38309,44099,40019,2023-05-31
44408,Karwar(Uttar Kannad),Siddapur,Arecanut,Tattibettee,FAQ,38609,45899,39249,2023-05-12
44410,Karwar(Uttar Kannad),Siddapur,Arecanut,Tattibettee,FAQ,38669,43209,42589,2022-05-18
44420,Karwar(Uttar Kannad),Siddapur,Arecanut,Tattibettee,FAQ,38699,43809,40199,2022-05-11
44427,Karwar(Uttar Kannad),Siddapur,Arecanut,Tattibettee,FAQ,38769,44099,41869,2023-05-30
44460,Karwar(Uttar Kannad),Siddapur,Arecanut,Tattibettee,FAQ,39099,44099,41609,2023-05-19
44474,Karwar(Uttar Kannad),Siddapur,Arecanut,Tattibettee,FAQ,39199,43109,42099,2023-05-08
44481,Karwar(Uttar Kannad),Siddapur,Arecanut,Tattibettee,FAQ,39219,42099,40389,2024-05-14
44536,Karwar(Uttar Kannad),Siddapur,Arecanut,Tattibettee,FAQ,40399,43269,40399,2022-05-10
44556,Karwar(Uttar Kannad),Siddapur,Arecanut,Tattibettee,FAQ,41099,41099,41099,2022-05-19
44559,Karwar(Uttar Kannad),Siddapur,Arecanut,Tattibettee,FAQ,41099,44599,42109,2022-05-17
36949,Karwar(Uttar Kannad),Siddapur,Arecanut,Bilegotu,FAQ,12619,21412,18399,2020-05-23
36993,Karwar(Uttar Kannad),Siddapur,Arecanut,Bilegotu,FAQ,13899,22299,21529,2020-05-06
37012,Karwar(Uttar Kannad),Siddapur,Arecanut,Bilegotu,FAQ,14169,22699,20259,2020-05-26
37022,Karwar(Uttar Kannad),Siddapur,Arecanut,Bilegotu,FAQ,14299,22119,20609,2020-05-08
37026,Karwar(Uttar Kannad),Siddapur,Arecanut,Bilegotu,FAQ,14359,23399,22599,2020-05-04
37027,Karwar(Uttar Kannad),Siddapur,Arecanut,Bilegotu,FAQ,14389,23559,19699,2020-05-05
37028,Karwar(Uttar Kannad),Siddapur,Arecanut,Bilegotu,FAQ,14399,22599,20899,2020-05-16
37033,Karwar(Uttar Kannad),Siddapur,Arecanut,Bilegotu,FAQ,14509,21699,21099,2020-05-14
37034,Karwar(Uttar Kannad),Siddapur,Arecanut,Bilegotu,FAQ,14519,22489,20899,2020-05-11
37038,Karwar(Uttar Kannad),Siddapur,Arecanut,Bilegotu,FAQ,14689,23099,21699,2020-05-07
37044,Karwar(Uttar Kannad),Siddapur,Arecanut,Bilegotu,FAQ,14699,21812,20369,2020-05-28
37052,Karwar(Uttar Kannad),Siddapur,Arecanut,Bilegotu,FAQ,14841,22677,21789,2020-05-20
37056,Karwar(Uttar Kannad),Siddapur,Arecanut,Bilegotu,FAQ,14899,22499,19805,2020-05-12
37059,Karwar(Uttar Kannad),Siddapur,Arecanut,Bilegotu,FAQ,15099,21099,20489,2020-05-13
37060,Karwar(Uttar Kannad),Siddapur,Arecanut,Bilegotu,FAQ,15099,21399,19889,2020-05-27
37061,Karwar(Uttar Kannad),Siddapur,Arecanut,Bilegotu,FAQ,15099,21912,21399,2020-05-15
37062,Karwar(Uttar Kannad),Siddapur,Arecanut,Bilegotu,FAQ,15099,22699,20809,2020-05-29
37066,Karwar(Uttar Kannad),Siddapur,Arecanut,Bilegotu,FAQ,15219,21909,20299,2020-05-21
37067,Karwar(Uttar Kannad),Siddapur,Arecanut,Bilegotu,FAQ,15219,22019,19699,2020-05-22
37087,Karwar(Uttar Kannad),Siddapur,Arecanut,Bilegotu,FAQ,15699,23099,20869,2020-05-30
37094,Karwar(Uttar Kannad),Siddapur,Arecanut,Bilegotu,FAQ,15899,22369,19899,2020-05-18
37107,Karwar(Uttar Kannad),Siddapur,Arecanut,Bilegotu,FAQ,16229,23119,21899,2020-05-02
37110,Karwar(Uttar Kannad),Siddapur,Arecanut,Bilegotu,FAQ,16459,22289,20382,2020-05-19
37145,Karwar(Uttar Kannad),Siddapur,Arecanut,Bilegotu,FAQ,17899,21512,20099,2020-05-25
37164,Karwar(Uttar Kannad),Siddapur,Arecanut,Bilegotu,FAQ,18699,22399,20799,2020-05-09
37299,Karwar(Uttar Kannad),Siddapur,Arecanut,Bilegotu,FAQ,22118,32699,30599,2022-05-27
37303,Karwar(Uttar Kannad),Siddapur,Arecanut,Bilegotu,FAQ,22199,32899,28699,2022-05-05
37382,Karwar(Uttar Kannad),Siddapur,Arecanut,Bilegotu,FAQ,23599,32109,30899,2022-05-11
37403,Karwar(Uttar Kannad),Siddapur,Arecanut,Bilegotu,FAQ,23699,32089,30419,2022-05-31
37404,Karwar(Uttar Kannad),Siddapur,Arecanut,Bilegotu,FAQ,23699,32299,30882,2022-05-04
37405,Karwar(Uttar Kannad),Siddapur,Arecanut,Bilegotu,FAQ,23699,32399,30449,2022-05-06
37409,Karwar(Uttar Kannad),Siddapur,Arecanut,Bilegotu,FAQ,23779,33699,28099,2022-05-13
37430,Karwar(Uttar Kannad),Siddapur,Arecanut,Bilegotu,FAQ,23899,31289,30619,2022-05-26
37476,Karwar(Uttar Kannad),Siddapur,Arecanut,Bilegotu,FAQ,24119,30669,30499,2021-05-05
37477,Karwar(Uttar Kannad),Siddapur,Arecanut,Bilegotu,FAQ,24119,32599,30699,2022-05-20
37507,Karwar(Uttar Kannad),Siddapur,Arecanut,Bilegotu,FAQ,24399,30899,27689,2021-05-08
37541,Karwar(Uttar Kannad),Siddapur,Arecanut,Bilegotu,FAQ,24699,31412,29599,2022-05-30
37542,Karwar(Uttar Kannad),Siddapur,Arecanut,Bilegotu,FAQ,24699,31699,27499,2022-05-18
37568,Karwar(Uttar Kannad),Siddapur,Arecanut,Bilegotu,FAQ,24899,32699,31399,2022-05-07
37572,Karwar(Uttar Kannad),Siddapur,Arecanut,Bilegotu,FAQ,24900,31469,30989,2022-05-24
37573,Karwar(Uttar Kannad),Siddapur,Arecanut,Bilegotu,FAQ,24900,31809,30789,2022-05-19
37577,Karwar(Uttar Kannad),Siddapur,Arecanut,Bilegotu,FAQ,24911,31499,30509,2022-05-12
37579,Karwar(Uttar Kannad),Siddapur,Arecanut,Bilegotu,FAQ,24911,32099,28999,2022-05-16
37580,Karwar(Uttar Kannad),Siddapur,Arecanut,Bilegotu,FAQ,24919,34689,30499,2022-05-17
37585,Karwar(Uttar Kannad),Siddapur,Arecanut,Bilegotu,FAQ,24980,31800,31299,2022-05-23
37589,Karwar(Uttar Kannad),Siddapur,Arecanut,Bilegotu,FAQ,25099,32399,28899,2022-05-25
37617,Karwar(Uttar Kannad),Siddapur,Arecanut,Bilegotu,FAQ,25689,30808,29139,2021-05-07
37628,Karwar(Uttar Kannad),Siddapur,Arecanut,Bilegotu,FAQ,25699,30599,28199,2021-05-03
37663,Karwar(Uttar Kannad),Siddapur,Arecanut,Bilegotu,FAQ,26099,32089,30899,2022-05-10
37679,Karwar(Uttar Kannad),Siddapur,Arecanut,Bilegotu,FAQ,26199,32333,30199,2022-05-09
37688,Karwar(Uttar Kannad),Siddapur,Arecanut,Bilegotu,FAQ,26369,29899,28869,2024-05-03
37706,Karwar(Uttar Kannad),Siddapur,Arecanut,Bilegotu,FAQ,26599,29500,28500,2024-05-27
37753,Karwar(Uttar Kannad),Siddapur,Arecanut,Bilegotu,FAQ,26809,29209,28909,2024-05-30
37755,Karwar(Uttar Kannad),Siddapur,Arecanut,Bilegotu,FAQ,26819,31600,28600,2024-05-08
37756,Karwar(Uttar Kannad),Siddapur,Arecanut,Bilegotu,FAQ,26869,31699,29099,2021-05-04
37758,Karwar(Uttar Kannad),Siddapur,Arecanut,Bilegotu,FAQ,26889,29469,28908,2024-05-31
37762,Karwar(Uttar Kannad),Siddapur,Arecanut,Bilegotu,FAQ,26899,29699,28599,2024-05-04
37785,Karwar(Uttar Kannad),Siddapur,Arecanut,Bilegotu,FAQ,27099,31269,30499,2024-05-15
37791,Karwar(Uttar Kannad),Siddapur,Arecanut,Bilegotu,FAQ,27100,31509,30209,2024-05-22
37796,Karwar(Uttar Kannad),Siddapur,Arecanut,Bilegotu,FAQ,27118,31611,30682,2023-05-04
37803,Karwar(Uttar Kannad),Siddapur,Arecanut,Bilegotu,FAQ,27219,29549,28389,2024-05-02
37804,Karwar(Uttar Kannad),Siddapur,Arecanut,Bilegotu,FAQ,27219,32800,30699,2024-05-16
37805,Karwar(Uttar Kannad),Siddapur,Arecanut,Bilegotu,FAQ,27289,31509,30809,2024-05-14
37810,Karwar(Uttar Kannad),Siddapur,Arecanut,Bilegotu,FAQ,27319,30940,30500,2024-05-09
37811,Karwar(Uttar Kannad),Siddapur,Arecanut,Bilegotu,FAQ,27319,31009,30209,2024-05-21
37812,Karwar(Uttar Kannad),Siddapur,Arecanut,Bilegotu,FAQ,27319,31319,28500,2024-05-28
37813,Karwar(Uttar Kannad),Siddapur,Arecanut,Bilegotu,FAQ,27319,31900,28319,2024-05-29
37816,Karwar(Uttar Kannad),Siddapur,Arecanut,Bilegotu,FAQ,27399,30699,28969,2024-05-06
37818,Karwar(Uttar Kannad),Siddapur,Arecanut,Bilegotu,FAQ,27399,32999,31569,2023-05-16
37821,Karwar(Uttar Kannad),Siddapur,Arecanut,Bilegotu,FAQ,27400,30309,29809,2024-05-24
37823,Karwar(Uttar Kannad),Siddapur,Arecanut,Bilegotu,FAQ,27489,30199,29399,2024-05-18
37834,Karwar(Uttar Kannad),Siddapur,Arecanut,Bilegotu,FAQ,27699,31299,30799,2023-05-08
37851,Karwar(Uttar Kannad),Siddapur,Arecanut,Bilegotu,FAQ,27889,32022,31499,2023-05-15
37853,Karwar(Uttar Kannad),Siddapur,Arecanut,Bilegotu,FAQ,27899,32399,31499,2023-05-22
37854,Karwar(Uttar Kannad),Siddapur,Arecanut,Bilegotu,FAQ,27899,32811,32311,2023-05-29
37855,Karwar(Uttar Kannad),Siddapur,Arecanut,Bilegotu,FAQ,27899,32899,31799,2023-05-25
37865,Karwar(Uttar Kannad),Siddapur,Arecanut,Bilegotu,FAQ,28000,31209,30459,2024-05-20
37869,Karwar(Uttar Kannad),Siddapur,Arecanut,Bilegotu,FAQ,28090,31999,31299,2021-05-06
37870,Karwar(Uttar Kannad),Siddapur,Arecanut,Bilegotu,FAQ,28099,32799,31799,2023-05-24
37878,Karwar(Uttar Kannad),Siddapur,Arecanut,Bilegotu,FAQ,28100,32299,31899,2023-05-17
37882,Karwar(Uttar Kannad),Siddapur,Arecanut,Bilegotu,FAQ,28119,32899,31788,2023-05-23
37890,Karwar(Uttar Kannad),Siddapur,Arecanut,Bilegotu,FAQ,28389,32609,30599,2024-05-13
37900,Karwar(Uttar Kannad),Siddapur,Arecanut,Bilegotu,FAQ,28609,31449,30499,2023-05-09
37901,Karwar(Uttar Kannad),Siddapur,Arecanut,Bilegotu,FAQ,28609,32109,30499,2023-05-05
37902,Karwar(Uttar Kannad),Siddapur,Arecanut,Bilegotu,FAQ,28609,32119,31389,2023-05-12
37912,Karwar(Uttar Kannad),Siddapur,Arecanut,Bilegotu,FAQ,28699,32899,32309,2023-05-30
37923,Karwar(Uttar Kannad),Siddapur,Arecanut,Bilegotu,FAQ,28789,32509,30409,2024-05-17
37928,Karwar(Uttar Kannad),Siddapur,Arecanut,Bilegotu,FAQ,28889,32399,31749,2023-05-19
37944,Karwar(Uttar Kannad),Siddapur,Arecanut,Bilegotu,FAQ,28908,32299,31899,2023-05-18
37947,Karwar(Uttar Kannad),Siddapur,Arecanut,Bilegotu,FAQ,28999,32899,32299,2023-05-31
37958,Karwar(Uttar Kannad),Siddapur,Arecanut,Bilegotu,FAQ,29109,31409,30799,2023-05-11
38012,Karwar(Uttar Kannad),Siddapur,Arecanut,Bilegotu,FAQ,30309,32899,31869,2023-05-26
38283,Karwar(Uttar Kannad),Siddapur,Arecanut,Chali,FAQ,24599,28599,28099,2020-05-07
38291,Karwar(Uttar Kannad),Siddapur,Arecanut,Chali,FAQ,25089,28109,26989,2020-05-08
38293,Karwar(Uttar Kannad),Siddapur,Arecanut,Chali,FAQ,25099,28099,27689,2020-05-12
38294,Karwar(Uttar Kannad),Siddapur,Arecanut,Chali,FAQ,25099,28599,27899,2020-05-22
38296,Karwar(Uttar Kannad),Siddapur,Arecanut,Chali,FAQ,25189,27639,26699,2020-05-11
38302,Karwar(Uttar Kannad),Siddapur,Arecanut,Chali,FAQ,25899,28599,27899,2020-05-23
38304,Karwar(Uttar Kannad),Siddapur,Arecanut,Chali,FAQ,26099,28691,28319,2020-05-13
38306,Karwar(Uttar Kannad),Siddapur,Arecanut,Chali,FAQ,26199,29409,28709,2020-05-21
38307,Karwar(Uttar Kannad),Siddapur,Arecanut,Chali,FAQ,26409,30399,29899,2020-05-20
38308,Karwar(Uttar Kannad),Siddapur,Arecanut,Chali,FAQ,26422,29419,28799,2020-05-14
38309,Karwar(Uttar Kannad),Siddapur,Arecanut,Chali,FAQ,26499,30719,30499,2020-05-15
38314,Karwar(Uttar Kannad),Siddapur,Arecanut,Chali,FAQ,26599,30309,28669,2020-05-06
38317,Karwar(Uttar Kannad),Siddapur,Arecanut,Chali,FAQ,26799,28169,27299,2020-05-09
38319,Karwar(Uttar Kannad),Siddapur,Arecanut,Chali,FAQ,26889,29109,28588,2020-05-25
38321,Karwar(Uttar Kannad),Siddapur,Arecanut,Chali,FAQ,26899,29389,28869,2020-05-29
38328,Karwar(Uttar Kannad),Siddapur,Arecanut,Chali,FAQ,27099,30899,30509,2020-05-18
38329,Karwar(Uttar Kannad),Siddapur,Arecanut,Chali,FAQ,27099,30909,30469,2020-05-16
38330,Karwar(Uttar Kannad),Siddapur,Arecanut,Chali,FAQ,27099,31909,31699,2020-05-04
38331,Karwar(Uttar Kannad),Siddapur,Arecanut,Chali,FAQ,27199,32569,31699,2020-05-02
38332,Karwar(Uttar Kannad),Siddapur,Arecanut,Chali,FAQ,27295,31399,30599,2020-05-05
38333,Karwar(Uttar Kannad),Siddapur,Arecanut,Chali,FAQ,27299,29699,29099,2020-05-30
38338,Karwar(Uttar Kannad),Siddapur,Arecanut,Chali,FAQ,27599,29509,29199,2020-05-26
38341,Karwar(Uttar Kannad),Siddapur,Arecanut,Chali,FAQ,27609,30029,29599,2020-05-28
38345,Karwar(Uttar Kannad),Siddapur,Arecanut,Chali,FAQ,27799,30899,30609,2020-05-19
38348,Karwar(Uttar Kannad),Siddapur,Arecanut,Chali,FAQ,28099,30009,29599,2020-05-27
38497,Karwar(Uttar Kannad),Siddapur,Arecanut,Chali,FAQ,32189,35409,34499,2021-05-03
38536,Karwar(Uttar Kannad),Siddapur,Arecanut,Chali,FAQ,32679,35639,34499,2021-05-04
38561,Karwar(Uttar Kannad),Siddapur,Arecanut,Chali,FAQ,32899,36509,34899,2021-05-07
38569,Karwar(Uttar Kannad),Siddapur,Arecanut,Chali,FAQ,33019,36609,35899,2024-05-27
38590,Karwar(Uttar Kannad),Siddapur,Arecanut,Chali,FAQ,33299,36299,35599,2024-05-06
38599,Karwar(Uttar Kannad),Siddapur,Arecanut,Chali,FAQ,33469,36399,35899,2024-05-03
38609,Karwar(Uttar Kannad),Siddapur,Arecanut,Chali,FAQ,33699,36299,35539,2021-05-08
38618,Karwar(Uttar Kannad),Siddapur,Arecanut,Chali,FAQ,33899,36199,35499,2024-05-02
38624,Karwar(Uttar Kannad),Siddapur,Arecanut,Chali,FAQ,33989,39299,39209,2022-05-17
38627,Karwar(Uttar Kannad),Siddapur,Arecanut,Chali,FAQ,34000,38699,38399,2022-05-26
38631,Karwar(Uttar Kannad),Siddapur,Arecanut,Chali,FAQ,34019,36649,35699,2024-05-30
38653,Karwar(Uttar Kannad),Siddapur,Arecanut,Chali,FAQ,34099,38419,37899,2024-05-13
38656,Karwar(Uttar Kannad),Siddapur,Arecanut,Chali,FAQ,34109,38309,37839,2024-05-16
38665,Karwar(Uttar Kannad),Siddapur,Arecanut,Chali,FAQ,34209,36599,35799,2024-05-31
38671,Karwar(Uttar Kannad),Siddapur,Arecanut,Chali,FAQ,34269,38399,37599,2024-05-18
38673,Karwar(Uttar Kannad),Siddapur,Arecanut,Chali,FAQ,34289,36639,36299,2021-05-06
38682,Karwar(Uttar Kannad),Siddapur,Arecanut,Chali,FAQ,34299,37129,35699,2024-05-08
38686,Karwar(Uttar Kannad),Siddapur,Arecanut,Chali,FAQ,34309,37419,36299,2024-05-09
38689,Karwar(Uttar Kannad),Siddapur,Arecanut,Chali,FAQ,34349,36299,35399,2024-05-04
38692,Karwar(Uttar Kannad),Siddapur,Arecanut,Chali,FAQ,34399,36509,35799,2021-05-05
38698,Karwar(Uttar Kannad),Siddapur,Arecanut,Chali,FAQ,34409,36749,35639,2024-05-29
38705,Karwar(Uttar Kannad),Siddapur,Arecanut,Chali,FAQ,34509,39699,38899,2022-05-18
38710,Karwar(Uttar Kannad),Siddapur,Arecanut,Chali,FAQ,34599,37499,37299,2023-05-16
38718,Karwar(Uttar Kannad),Siddapur,Arecanut,Chali,FAQ,34619,38409,37499,2024-05-15
38724,Karwar(Uttar Kannad),Siddapur,Arecanut,Chali,FAQ,34699,36611,36319,2023-05-08
38728,Karwar(Uttar Kannad),Siddapur,Arecanut,Chali,FAQ,34799,36509,35899,2024-05-28
38731,Karwar(Uttar Kannad),Siddapur,Arecanut,Chali,FAQ,34809,38009,36899,2024-05-22
38736,Karwar(Uttar Kannad),Siddapur,Arecanut,Chali,FAQ,34889,38409,38289,2022-05-30
38737,Karwar(Uttar Kannad),Siddapur,Arecanut,Chali,FAQ,34889,38900,38599,2022-05-24
38743,Karwar(Uttar Kannad),Siddapur,Arecanut,Chali,FAQ,34899,36769,36499,2023-05-11
38763,Karwar(Uttar Kannad),Siddapur,Arecanut,Chali,FAQ,35099,37499,37299,2023-05-18
38764,Karwar(Uttar Kannad),Siddapur,Arecanut,Chali,FAQ,35099,37570,37299,2023-05-30
38767,Karwar(Uttar Kannad),Siddapur,Arecanut,Chali,FAQ,35099,38289,38189,2022-05-31
38771,Karwar(Uttar Kannad),Siddapur,Arecanut,Chali,FAQ,35099,38899,38399,2022-05-23
38772,Karwar(Uttar Kannad),Siddapur,Arecanut,Chali,FAQ,35099,38999,38499,2022-05-27
38776,Karwar(Uttar Kannad),Siddapur,Arecanut,Chali,FAQ,35109,38009,37409,2024-05-21
38777,Karwar(Uttar Kannad),Siddapur,Arecanut,Chali,FAQ,35109,38099,37899,2024-05-20
38778,Karwar(Uttar Kannad),Siddapur,Arecanut,Chali,FAQ,35109,38199,37699,2024-05-14
38782,Karwar(Uttar Kannad),Siddapur,Arecanut,Chali,FAQ,35199,37269,36799,2023-05-15
38787,Karwar(Uttar Kannad),Siddapur,Arecanut,Chali,FAQ,35219,39899,38769,2022-05-09
38793,Karwar(Uttar Kannad),Siddapur,Arecanut,Chali,FAQ,35299,36611,36269,2023-05-05
38795,Karwar(Uttar Kannad),Siddapur,Arecanut,Chali,FAQ,35299,37709,37499,2023-05-23
38807,Karwar(Uttar Kannad),Siddapur,Arecanut,Chali,FAQ,35389,37909,37399,2023-05-29
38810,Karwar(Uttar Kannad),Siddapur,Arecanut,Chali,FAQ,35399,37409,36909,2024-05-24
38812,Karwar(Uttar Kannad),Siddapur,Arecanut,Chali,FAQ,35399,37499,37299,2023-05-19
38813,Karwar(Uttar Kannad),Siddapur,Arecanut,Chali,FAQ,35399,37600,37299,2023-05-22
38814,Karwar(Uttar Kannad),Siddapur,Arecanut,Chali,FAQ,35399,37709,36689,2023-05-12
38817,Karwar(Uttar Kannad),Siddapur,Arecanut,Chali,FAQ,35399,38299,37599,2024-05-17
38827,Karwar(Uttar Kannad),Siddapur,Arecanut,Chali,FAQ,35489,39999,39499,2022-05-10
38837,Karwar(Uttar Kannad),Siddapur,Arecanut,Chali,FAQ,35555,37889,37459,2023-05-26
38849,Karwar(Uttar Kannad),Siddapur,Arecanut,Chali,FAQ,35599,40099,39599,2022-05-11
38850,Karwar(Uttar Kannad),Siddapur,Arecanut,Chali,FAQ,35600,36622,36399,2023-05-09
38856,Karwar(Uttar Kannad),Siddapur,Arecanut,Chali,FAQ,35689,37499,37199,2023-05-17
38857,Karwar(Uttar Kannad),Siddapur,Arecanut,Chali,FAQ,35689,37700,36989,2023-05-31
38860,Karwar(Uttar Kannad),Siddapur,Arecanut,Chali,FAQ,35699,37700,37399,2023-05-24
38866,Karwar(Uttar Kannad),Siddapur,Arecanut,Chali,FAQ,35809,36611,36189,2023-05-04
38874,Karwar(Uttar Kannad),Siddapur,Arecanut,Chali,FAQ,35889,38699,38399,2022-05-25
38892,Karwar(Uttar Kannad),Siddapur,Arecanut,Chali,FAQ,36099,37508,37399,2023-05-25
38902,Karwar(Uttar Kannad),Siddapur,Arecanut,Chali,FAQ,36189,39009,38599,2022-05-19
38914,Karwar(Uttar Kannad),Siddapur,Arecanut,Chali,FAQ,36289,39311,38089,2022-05-20
39329,Karwar(Uttar Kannad),Siddapur,Arecanut,Cqca,FAQ,10112,18812,16812,2020-05-23
39337,Karwar(Uttar Kannad),Siddapur,Arecanut,Cqca,FAQ,11289,19471,16899,2020-05-25
39363,Karwar(Uttar Kannad),Siddapur,Arecanut,Cqca,FAQ,12699,26869,25699,2021-05-04
39365,Karwar(Uttar Kannad),Siddapur,Arecanut,Cqca,FAQ,12699,29119,26699,2021-05-03
39391,Karwar(Uttar Kannad),Siddapur,Arecanut,Cqca,FAQ,13099,19299,18699,2020-05-16
39397,Karwar(Uttar Kannad),Siddapur,Arecanut,Cqca,FAQ,13099,21099,18299,2020-05-28
39401,Karwar(Uttar Kannad),Siddapur,Arecanut,Cqca,FAQ,13099,21909,17899,2020-05-06
39410,Karwar(Uttar Kannad),Siddapur,Arecanut,Cqca,FAQ,13119,22769,17619,2020-05-04
39421,Karwar(Uttar Kannad),Siddapur,Arecanut,Cqca,FAQ,13339,23189,18599,2020-05-29
39423,Karwar(Uttar Kannad),Siddapur,Arecanut,Cqca,FAQ,13369,20412,17499,2020-05-05
39425,Karwar(Uttar Kannad),Siddapur,Arecanut,Cqca,FAQ,13389,21012,18499,2020-05-07
39433,Karwar(Uttar Kannad),Siddapur,Arecanut,Cqca,FAQ,13399,20669,18399,2020-05-18
39445,Karwar(Uttar Kannad),Siddapur,Arecanut,Cqca,FAQ,13469,19299,17399,2020-05-27
39455,Karwar(Uttar Kannad),Siddapur,Arecanut,Cqca,FAQ,13499,22019,18099,2020-05-30
39462,Karwar(Uttar Kannad),Siddapur,Arecanut,Cqca,FAQ,13619,21139,17869,2020-05-12
39464,Karwar(Uttar Kannad),Siddapur,Arecanut,Cqca,FAQ,13649,21989,17319,2020-05-26
39481,Karwar(Uttar Kannad),Siddapur,Arecanut,Cqca,FAQ,13699,20619,18899,2020-05-09
39508,Karwar(Uttar Kannad),Siddapur,Arecanut,Cqca,FAQ,13899,20112,17319,2020-05-14
39516,Karwar(Uttar Kannad),Siddapur,Arecanut,Cqca,FAQ,13899,21099,18499,2020-05-13
39521,Karwar(Uttar Kannad),Siddapur,Arecanut,Cqca,FAQ,13899,22899,17812,2020-05-11
39532,Karwar(Uttar Kannad),Siddapur,Arecanut,Cqca,FAQ,14012,21399,17899,2020-05-20
39534,Karwar(Uttar Kannad),Siddapur,Arecanut,Cqca,FAQ,14019,22699,18899,2020-05-08
39539,Karwar(Uttar Kannad),Siddapur,Arecanut,Cqca,FAQ,14099,20889,18899,2020-05-22
39543,Karwar(Uttar Kannad),Siddapur,Arecanut,Cqca,FAQ,14112,21012,18699,2020-05-15
39550,Karwar(Uttar Kannad),Siddapur,Arecanut,Cqca,FAQ,14219,22611,18299,2020-05-21
39571,Karwar(Uttar Kannad),Siddapur,Arecanut,Cqca,FAQ,14689,22559,18899,2020-05-02
39589,Karwar(Uttar Kannad),Siddapur,Arecanut,Cqca,FAQ,15119,22389,18999,2020-05-19
39637,Karwar(Uttar Kannad),Siddapur,Arecanut,Cqca,FAQ,16689,30100,26189,2022-05-09
39658,Karwar(Uttar Kannad),Siddapur,Arecanut,Cqca,FAQ,17089,29299,27619,2021-05-05
39672,Karwar(Uttar Kannad),Siddapur,Arecanut,Cqca,FAQ,17609,29889,26609,2021-05-06
39680,Karwar(Uttar Kannad),Siddapur,Arecanut,Cqca,FAQ,17699,28609,26869,2021-05-07
39826,Karwar(Uttar Kannad),Siddapur,Arecanut,Cqca,FAQ,20619,28699,25749,2021-05-08
39855,Karwar(Uttar Kannad),Siddapur,Arecanut,Cqca,FAQ,20899,30100,27699,2022-05-30
39919,Karwar(Uttar Kannad),Siddapur,Arecanut,Cqca,FAQ,21880,33199,29600,2022-05-18
39932,Karwar(Uttar Kannad),Siddapur,Arecanut,Cqca,FAQ,21900,30900,28471,2022-05-10
39937,Karwar(Uttar Kannad),Siddapur,Arecanut,Cqca,FAQ,21999,31899,29699,2022-05-17
39938,Karwar(Uttar Kannad),Siddapur,Arecanut,Cqca,FAQ,22001,31000,28799,2022-05-27
39953,Karwar(Uttar Kannad),Siddapur,Arecanut,Cqca,FAQ,22360,32669,28699,2022-05-06
39959,Karwar(Uttar Kannad),Siddapur,Arecanut,Cqca,FAQ,22599,31889,27389,2022-05-20
39971,Karwar(Uttar Kannad),Siddapur,Arecanut,Cqca,FAQ,22699,32599,28691,2022-05-04
39972,Karwar(Uttar Kannad),Siddapur,Arecanut,Cqca,FAQ,22699,32800,28669,2022-05-13
39973,Karwar(Uttar Kannad),Siddapur,Arecanut,Cqca,FAQ,22699,33000,28899,2022-05-12
39974,Karwar(Uttar Kannad),Siddapur,Arecanut,Cqca,FAQ,22699,33099,30812,2022-05-11
39981,Karwar(Uttar Kannad),Siddapur,Arecanut,Cqca,FAQ,22889,31382,29299,2022-05-25
39991,Karwar(Uttar Kannad),Siddapur,Arecanut,Cqca,FAQ,23019,31199,28399,2022-05-26
40008,Karwar(Uttar Kannad),Siddapur,Arecanut,Cqca,FAQ,23299,30100,27691,2022-05-31
40011,Karwar(Uttar Kannad),Siddapur,Arecanut,Cqca,FAQ,23389,31112,29399,2022-05-24
40012,Karwar(Uttar Kannad),Siddapur,Arecanut,Cqca,FAQ,23389,31988,28619,2022-05-05
40014,Karwar(Uttar Kannad),Siddapur,Arecanut,Cqca,FAQ,23399,33889,28699,2022-05-16
40038,Karwar(Uttar Kannad),Siddapur,Arecanut,Cqca,FAQ,23891,32909,27988,2022-05-07
40101,Karwar(Uttar Kannad),Siddapur,Arecanut,Cqca,FAQ,24599,29899,26899,2024-05-02
40131,Karwar(Uttar Kannad),Siddapur,Arecanut,Cqca,FAQ,24899,32669,31689,2022-05-23
40138,Karwar(Uttar Kannad),Siddapur,Arecanut,Cqca,FAQ,25019,27619,26819,2024-05-04
40149,Karwar(Uttar Kannad),Siddapur,Arecanut,Cqca,FAQ,25109,27989,26219,2024-05-24
40150,Karwar(Uttar Kannad),Siddapur,Arecanut,Cqca,FAQ,25109,29999,26699,2024-05-03
40159,Karwar(Uttar Kannad),Siddapur,Arecanut,Cqca,FAQ,25299,29899,28699,2024-05-18
40161,Karwar(Uttar Kannad),Siddapur,Arecanut,Cqca,FAQ,25369,29699,27819,2024-05-06
40163,Karwar(Uttar Kannad),Siddapur,Arecanut,Cqca,FAQ,25389,30009,27899,2024-05-09
40173,Karwar(Uttar Kannad),Siddapur,Arecanut,Cqca,FAQ,25619,29689,26899,2024-05-08
40183,Karwar(Uttar Kannad),Siddapur,Arecanut,Cqca,FAQ,25699,28699,26899,2024-05-27
40195,Karwar(Uttar Kannad),Siddapur,Arecanut,Cqca,FAQ,25839,28899,26699,2024-05-29
40214,Karwar(Uttar Kannad),Siddapur,Arecanut,Cqca,FAQ,26099,28699,27499,2024-05-28
40217,Karwar(Uttar Kannad),Siddapur,Arecanut,Cqca,FAQ,26099,30509,28299,2024-05-20
40235,Karwar(Uttar Kannad),Siddapur,Arecanut,Cqca,FAQ,26119,28399,27119,2024-05-30
40236,Karwar(Uttar Kannad),Siddapur,Arecanut,Cqca,FAQ,26119,28682,27619,2024-05-31
40238,Karwar(Uttar Kannad),Siddapur,Arecanut,Cqca,FAQ,26119,29699,27519,2024-05-16
40246,Karwar(Uttar Kannad),Siddapur,Arecanut,Cqca,FAQ,26139,30400,27319,2024-05-13
40255,Karwar(Uttar Kannad),Siddapur,Arecanut,Cqca,FAQ,26219,30909,27819,2024-05-17
40256,Karwar(Uttar Kannad),Siddapur,Arecanut,Cqca,FAQ,26219,32319,30889,2023-05-15
40257,Karwar(Uttar Kannad),Siddapur,Arecanut,Cqca,FAQ,26289,30009,27899,2024-05-21
40269,Karwar(Uttar Kannad),Siddapur,Arecanut,Cqca,FAQ,26399,32299,29319,2023-05-08
40282,Karwar(Uttar Kannad),Siddapur,Arecanut,Cqca,FAQ,26599,32777,30399,2023-05-17
40293,Karwar(Uttar Kannad),Siddapur,Arecanut,Cqca,FAQ,26669,32699,31699,2023-05-12
40296,Karwar(Uttar Kannad),Siddapur,Arecanut,Cqca,FAQ,26689,29699,27399,2024-05-22
40299,Karwar(Uttar Kannad),Siddapur,Arecanut,Cqca,FAQ,26699,30899,30699,2023-05-11
40309,Karwar(Uttar Kannad),Siddapur,Arecanut,Cqca,FAQ,26699,32899,29899,2023-05-16
40323,Karwar(Uttar Kannad),Siddapur,Arecanut,Cqca,FAQ,26799,32299,30469,2023-05-22
40326,Karwar(Uttar Kannad),Siddapur,Arecanut,Cqca,FAQ,26809,32699,31299,2023-05-19
40327,Karwar(Uttar Kannad),Siddapur,Arecanut,Cqca,FAQ,26819,31099,28389,2024-05-14
40332,Karwar(Uttar Kannad),Siddapur,Arecanut,Cqca,FAQ,26899,29789,28680,2024-05-15
40345,Karwar(Uttar Kannad),Siddapur,Arecanut,Cqca,FAQ,27099,32099,30119,2023-05-05
40353,Karwar(Uttar Kannad),Siddapur,Arecanut,Cqca,FAQ,27119,32619,31299,2023-05-04
40354,Karwar(Uttar Kannad),Siddapur,Arecanut,Cqca,FAQ,27119,32699,31619,2023-05-29
40355,Karwar(Uttar Kannad),Siddapur,Arecanut,Cqca,FAQ,27119,32809,31519,2023-05-23
40359,Karwar(Uttar Kannad),Siddapur,Arecanut,Cqca,FAQ,27299,32499,31899,2023-05-25
40366,Karwar(Uttar Kannad),Siddapur,Arecanut,Cqca,FAQ,27499,32699,31499,2023-05-31
40369,Karwar(Uttar Kannad),Siddapur,Arecanut,Cqca,FAQ,27599,33069,30889,2022-05-19
40376,Karwar(Uttar Kannad),Siddapur,Arecanut,Cqca,FAQ,27699,32899,31299,2023-05-09
40377,Karwar(Uttar Kannad),Siddapur,Arecanut,Cqca,FAQ,27699,32899,31899,2023-05-30
40416,Karwar(Uttar Kannad),Siddapur,Arecanut,Cqca,FAQ,28619,32119,31619,2023-05-18
40419,Karwar(Uttar Kannad),Siddapur,Arecanut,Cqca,FAQ,28699,32609,31899,2023-05-26
40429,Karwar(Uttar Kannad),Siddapur,Arecanut,Cqca,FAQ,28899,32099,31899,2023-05-24
40597,Karwar(Uttar Kannad),Siddapur,Arecanut,Kempugotu,FAQ,16899,21289,20769,2020-05-15
40598,Karwar(Uttar Kannad),Siddapur,Arecanut,Kempugotu,FAQ,16999,21099,19089,2020-05-18
40601,Karwar(Uttar Kannad),Siddapur,Arecanut,Kempugotu,FAQ,17089,21019,17699,2020-05-12
40605,Karwar(Uttar Kannad),Siddapur,Arecanut,Kempugotu,FAQ,17099,20289,19699,2020-05-25
40614,Karwar(Uttar Kannad),Siddapur,Arecanut,Kempugotu,FAQ,17669,22391,20399,2020-05-28
40636,Karwar(Uttar Kannad),Siddapur,Arecanut,Kempugotu,FAQ,18099,20649,19899,2020-05-06
40638,Karwar(Uttar Kannad),Siddapur,Arecanut,Kempugotu,FAQ,18099,21289,21089,2020-05-04
40651,Karwar(Uttar Kannad),Siddapur,Arecanut,Kempugotu,FAQ,18641,21029,20609,2020-05-22
40662,Karwar(Uttar Kannad),Siddapur,Arecanut,Kempugotu,FAQ,18699,21899,20889,2020-05-30
40663,Karwar(Uttar Kannad),Siddapur,Arecanut,Kempugotu,FAQ,18699,21989,20399,2020-05-23
40671,Karwar(Uttar Kannad),Siddapur,Arecanut,Kempugotu,FAQ,18880,21089,20589,2020-05-26
40672,Karwar(Uttar Kannad),Siddapur,Arecanut,Kempugotu,FAQ,18889,23869,20769,2020-05-14
40677,Karwar(Uttar Kannad),Siddapur,Arecanut,Kempugotu,FAQ,18899,21209,20469,2020-05-19
40684,Karwar(Uttar Kannad),Siddapur,Arecanut,Kempugotu,FAQ,19080,21119,20309,2020-05-21
40685,Karwar(Uttar Kannad),Siddapur,Arecanut,Kempugotu,FAQ,19080,21309,20889,2020-05-16
40690,Karwar(Uttar Kannad),Siddapur,Arecanut,Kempugotu,FAQ,19099,20889,20289,2020-05-20
40691,Karwar(Uttar Kannad),Siddapur,Arecanut,Kempugotu,FAQ,19099,21019,20889,2020-05-07
40709,Karwar(Uttar Kannad),Siddapur,Arecanut,Kempugotu,FAQ,19419,21469,20789,2020-05-29
40711,Karwar(Uttar Kannad),Siddapur,Arecanut,Kempugotu,FAQ,19469,22089,21089,2020-05-13
40712,Karwar(Uttar Kannad),Siddapur,Arecanut,Kempugotu,FAQ,19599,21109,20889,2020-05-11
40713,Karwar(Uttar Kannad),Siddapur,Arecanut,Kempugotu,FAQ,19599,22077,20199,2020-05-09
40717,Karwar(Uttar Kannad),Siddapur,Arecanut,Kempugotu,FAQ,19609,21321,20809,2020-05-27
40823,Karwar(Uttar Kannad),Siddapur,Arecanut,Kempugotu,FAQ,20669,21289,20669,2020-05-05
40825,Karwar(Uttar Kannad),Siddapur,Arecanut,Kempugotu,FAQ,20689,21089,21089,2020-05-02
40843,Karwar(Uttar Kannad),Siddapur,Arecanut,Kempugotu,FAQ,20769,21169,20989,2020-05-08
40988,Karwar(Uttar Kannad),Siddapur,Arecanut,Kempugotu,FAQ,22699,28709,22839,2021-05-07
41035,Karwar(Uttar Kannad),Siddapur,Arecanut,Kempugotu,FAQ,24099,29199,25789,2021-05-04
41056,Karwar(Uttar Kannad),Siddapur,Arecanut,Kempugotu,FAQ,24699,26699,26689,2022-05-07
41059,Karwar(Uttar Kannad),Siddapur,Arecanut,Kempugotu,FAQ,24699,32609,29699,2022-05-05
41073,Karwar(Uttar Kannad),Siddapur,Arecanut,Kempugotu,FAQ,24999,28889,27399,2021-05-08
41104,Karwar(Uttar Kannad),Siddapur,Arecanut,Kempugotu,FAQ,25869,27699,27519,2024-05-31
41114,Karwar(Uttar Kannad),Siddapur,Arecanut,Kempugotu,FAQ,26089,26089,26089,2021-05-05
41119,Karwar(Uttar Kannad),Siddapur,Arecanut,Kempugotu,FAQ,26089,30389,29669,2022-05-27
41126,Karwar(Uttar Kannad),Siddapur,Arecanut,Kempugotu,FAQ,26099,31599,30209,2022-05-25
41143,Karwar(Uttar Kannad),Siddapur,Arecanut,Kempugotu,FAQ,26199,32899,30289,2022-05-09
41159,Karwar(Uttar Kannad),Siddapur,Arecanut,Kempugotu,FAQ,26600,28899,28500,2024-05-27
41160,Karwar(Uttar Kannad),Siddapur,Arecanut,Kempugotu,FAQ,26619,29100,28700,2024-05-02
41161,Karwar(Uttar Kannad),Siddapur,Arecanut,Kempugotu,FAQ,26619,29399,28319,2024-05-04
41163,Karwar(Uttar Kannad),Siddapur,Arecanut,Kempugotu,FAQ,26668,32282,30469,2022-05-20
41165,Karwar(Uttar Kannad),Siddapur,Arecanut,Kempugotu,FAQ,26689,29389,29219,2024-05-30
41172,Karwar(Uttar Kannad),Siddapur,Arecanut,Kempugotu,FAQ,26699,28199,27629,2021-05-03
41188,Karwar(Uttar Kannad),Siddapur,Arecanut,Kempugotu,FAQ,26800,29600,28399,2024-05-06
41190,Karwar(Uttar Kannad),Siddapur,Arecanut,Kempugotu,FAQ,26851,31069,30019,2022-05-04
41196,Karwar(Uttar Kannad),Siddapur,Arecanut,Kempugotu,FAQ,26889,30689,30289,2022-05-18
41210,Karwar(Uttar Kannad),Siddapur,Arecanut,Kempugotu,FAQ,27089,29689,29289,2024-05-29
41212,Karwar(Uttar Kannad),Siddapur,Arecanut,Kempugotu,FAQ,27089,30589,27609,2022-05-12
41231,Karwar(Uttar Kannad),Siddapur,Arecanut,Kempugotu,FAQ,27119,32199,31469,2023-05-19
41244,Karwar(Uttar Kannad),Siddapur,Arecanut,Kempugotu,FAQ,27499,31599,28869,2022-05-23
41245,Karwar(Uttar Kannad),Siddapur,Arecanut,Kempugotu,FAQ,27499,32899,28499,2024-05-28
41247,Karwar(Uttar Kannad),Siddapur,Arecanut,Kempugotu,FAQ,27599,31799,29119,2023-05-05
41256,Karwar(Uttar Kannad),Siddapur,Arecanut,Kempugotu,FAQ,27689,31289,30369,2022-05-11
41261,Karwar(Uttar Kannad),Siddapur,Arecanut,Kempugotu,FAQ,27700,29600,28899,2024-05-14
41262,Karwar(Uttar Kannad),Siddapur,Arecanut,Kempugotu,FAQ,27700,29669,29119,2024-05-08
41264,Karwar(Uttar Kannad),Siddapur,Arecanut,Kempugotu,FAQ,27799,31399,30000,2022-05-17
41272,Karwar(Uttar Kannad),Siddapur,Arecanut,Kempugotu,FAQ,27899,29699,28899,2024-05-21
41275,Karwar(Uttar Kannad),Siddapur,Arecanut,Kempugotu,FAQ,27900,29689,29400,2024-05-18
41276,Karwar(Uttar Kannad),Siddapur,Arecanut,Kempugotu,FAQ,27900,30600,29300,2024-05-13
41293,Karwar(Uttar Kannad),Siddapur,Arecanut,Kempugotu,FAQ,28019,32199,32109,2023-05-24
41294,Karwar(Uttar Kannad),Siddapur,Arecanut,Kempugotu,FAQ,28019,32899,29509,2024-05-24
41296,Karwar(Uttar Kannad),Siddapur,Arecanut,Kempugotu,FAQ,28019,33299,31899,2023-05-17
41300,Karwar(Uttar Kannad),Siddapur,Arecanut,Kempugotu,FAQ,28089,31099,30889,2022-05-19
41301,Karwar(Uttar Kannad),Siddapur,Arecanut,Kempugotu,FAQ,28089,31109,30809,2022-05-16
41315,Karwar(Uttar Kannad),Siddapur,Arecanut,Kempugotu,FAQ,28100,28600,28100,2021-05-06
41316,Karwar(Uttar Kannad),Siddapur,Arecanut,Kempugotu,FAQ,28100,31499,30369,2022-05-24
41328,Karwar(Uttar Kannad),Siddapur,Arecanut,Kempugotu,FAQ,28199,37519,28989,2022-05-31
41330,Karwar(Uttar Kannad),Siddapur,Arecanut,Kempugotu,FAQ,28319,29469,28899,2024-05-03
41331,Karwar(Uttar Kannad),Siddapur,Arecanut,Kempugotu,FAQ,28319,31399,30699,2023-05-08
41338,Karwar(Uttar Kannad),Siddapur,Arecanut,Kempugotu,FAQ,28600,31200,30300,2024-05-16
41343,Karwar(Uttar Kannad),Siddapur,Arecanut,Kempugotu,FAQ,28619,30119,29219,2023-05-04
41347,Karwar(Uttar Kannad),Siddapur,Arecanut,Kempugotu,FAQ,28689,31889,29999,2022-05-30
41358,Karwar(Uttar Kannad),Siddapur,Arecanut,Kempugotu,FAQ,28699,35200,30699,2024-05-15
41361,Karwar(Uttar Kannad),Siddapur,Arecanut,Kempugotu,FAQ,28699,36979,31869,2023-05-22
41362,Karwar(Uttar Kannad),Siddapur,Arecanut,Kempugotu,FAQ,28709,31089,29699,2022-05-13
41364,Karwar(Uttar Kannad),Siddapur,Arecanut,Kempugotu,FAQ,28800,29399,28899,2024-05-17
41365,Karwar(Uttar Kannad),Siddapur,Arecanut,Kempugotu,FAQ,28800,32200,29700,2024-05-09
41370,Karwar(Uttar Kannad),Siddapur,Arecanut,Kempugotu,FAQ,28811,32399,32209,2023-05-31
41371,Karwar(Uttar Kannad),Siddapur,Arecanut,Kempugotu,FAQ,28812,30899,29699,2023-05-09
41384,Karwar(Uttar Kannad),Siddapur,Arecanut,Kempugotu,FAQ,28900,32900,30200,2024-05-22
41397,Karwar(Uttar Kannad),Siddapur,Arecanut,Kempugotu,FAQ,29019,29619,29319,2023-05-12
41416,Karwar(Uttar Kannad),Siddapur,Arecanut,Kempugotu,FAQ,29112,32289,31989,2023-05-23
41422,Karwar(Uttar Kannad),Siddapur,Arecanut,Kempugotu,FAQ,29312,31219,30669,2023-05-15
41423,Karwar(Uttar Kannad),Siddapur,Arecanut,Kempugotu,FAQ,29319,33509,31799,2023-05-26
41427,Karwar(Uttar Kannad),Siddapur,Arecanut,Kempugotu,FAQ,29469,36899,30309,2022-05-26
41435,Karwar(Uttar Kannad),Siddapur,Arecanut,Kempugotu,FAQ,29689,32619,32399,2023-05-30
41444,Karwar(Uttar Kannad),Siddapur,Arecanut,Kempugotu,FAQ,29809,31299,30769,2022-05-06
41447,Karwar(Uttar Kannad),Siddapur,Arecanut,Kempugotu,FAQ,29899,30218,30099,2023-05-11
41452,Karwar(Uttar Kannad),Siddapur,Arecanut,Kempugotu,FAQ,30000,30889,30089,2024-05-20
41520,Karwar(Uttar Kannad),Siddapur,Arecanut,Kempugotu,FAQ,30469,32869,32609,2023-05-16
41554,Karwar(Uttar Kannad),Siddapur,Arecanut,Kempugotu,FAQ,30909,31509,31369,2022-05-10
41592,Karwar(Uttar Kannad),Siddapur,Arecanut,Kempugotu,FAQ,31469,32089,31569,2023-05-18
41594,Karwar(Uttar Kannad),Siddapur,Arecanut,Kempugotu,FAQ,31589,31589,31589,2023-05-25
41613,Karwar(Uttar Kannad),Siddapur,Arecanut,Kempugotu,FAQ,31889,32399,32019,2023-05-29
41798,Karwar(Uttar Kannad),Siddapur,Arecanut,Rashi,FAQ,30312,37499,36589,2020-05-22
41816,Karwar(Uttar Kannad),Siddapur,Arecanut,Rashi,FAQ,30889,37089,36599,2020-05-21
41863,Karwar(Uttar Kannad),Siddapur,Arecanut,Rashi,FAQ,31989,37399,35769,2020-05-29
41883,Karwar(Uttar Kannad),Siddapur,Arecanut,Rashi,FAQ,32389,37519,36899,2020-05-12
41885,Karwar(Uttar Kannad),Siddapur,Arecanut,Rashi,FAQ,32499,37389,36899,2020-05-19
41909,Karwar(Uttar Kannad),Siddapur,Arecanut,Rashi,FAQ,32809,37509,36599,2020-05-18
41917,Karwar(Uttar Kannad),Siddapur,Arecanut,Rashi,FAQ,32899,36709,36389,2020-05-06
41921,Karwar(Uttar Kannad),Siddapur,Arecanut,Rashi,FAQ,32899,37639,36769,2020-05-15
41922,Karwar(Uttar Kannad),Siddapur,Arecanut,Rashi,FAQ,32989,37409,36989,2020-05-08
41929,Karwar(Uttar Kannad),Siddapur,Arecanut,Rashi,FAQ,33089,37029,36899,2020-05-28
41930,Karwar(Uttar Kannad),Siddapur,Arecanut,Rashi,FAQ,33089,37509,36699,2020-05-05
41939,Karwar(Uttar Kannad),Siddapur,Arecanut,Rashi,FAQ,33199,37209,35899,2020-05-27
41944,Karwar(Uttar Kannad),Siddapur,Arecanut,Rashi,FAQ,33299,37569,36899,2020-05-13
41957,Karwar(Uttar Kannad),Siddapur,Arecanut,Rashi,FAQ,33699,37609,36699,2020-05-20
41962,Karwar(Uttar Kannad),Siddapur,Arecanut,Rashi,FAQ,33809,38009,37389,2020-05-16
41973,Karwar(Uttar Kannad),Siddapur,Arecanut,Rashi,FAQ,33899,37009,36689,2020-05-26
41974,Karwar(Uttar Kannad),Siddapur,Arecanut,Rashi,FAQ,33899,37112,35689,2020-05-30
41975,Karwar(Uttar Kannad),Siddapur,Arecanut,Rashi,FAQ,33899,37119,36899,2020-05-09
41979,Karwar(Uttar Kannad),Siddapur,Arecanut,Rashi,FAQ,33899,37369,37119,2020-05-11
41990,Karwar(Uttar Kannad),Siddapur,Arecanut,Rashi,FAQ,34089,37099,36299,2020-05-23
41996,Karwar(Uttar Kannad),Siddapur,Arecanut,Rashi,FAQ,34219,37269,36869,2020-05-07
42006,Karwar(Uttar Kannad),Siddapur,Arecanut,Rashi,FAQ,34409,37339,36799,2020-05-14
42016,Karwar(Uttar Kannad),Siddapur,Arecanut,Rashi,FAQ,34689,37509,36499,2020-05-25
42027,Karwar(Uttar Kannad),Siddapur,Arecanut,Rashi,FAQ,34899,37439,36899,2020-05-02
42043,Karwar(Uttar Kannad),Siddapur,Arecanut,Rashi,FAQ,35119,37509,36899,2020-05-04
42053,Karwar(Uttar Kannad),Siddapur,Arecanut,Rashi,FAQ,35809,40099,38009,2021-05-08
42060,Karwar(Uttar Kannad),Siddapur,Arecanut,Rashi,FAQ,36099,41099,39709,2021-05-07
42067,Karwar(Uttar Kannad),Siddapur,Arecanut,Rashi,FAQ,36499,40899,38799,2021-05-03
42089,Karwar(Uttar Kannad),Siddapur,Arecanut,Rashi,FAQ,37699,40509,39439,2021-05-04
42096,Karwar(Uttar Kannad),Siddapur,Arecanut,Rashi,FAQ,37899,40809,39809,2021-05-06
42224,Karwar(Uttar Kannad),Siddapur,Arecanut,Rashi,FAQ,40139,40209,40199,2021-05-05
42342,Karwar(Uttar Kannad),Siddapur,Arecanut,Rashi,FAQ,42009,49299,48699,2024-05-24
42400,Karwar(Uttar Kannad),Siddapur,Arecanut,Rashi,FAQ,42199,46499,45749,2023-05-04
42404,Karwar(Uttar Kannad),Siddapur,Arecanut,Rashi,FAQ,42209,46709,46429,2023-05-12
42405,Karwar(Uttar Kannad),Siddapur,Arecanut,Rashi,FAQ,42269,46599,46399,2023-05-22
42418,Karwar(Uttar Kannad),Siddapur,Arecanut,Rashi,FAQ,42319,46539,46399,2023-05-05
42451,Karwar(Uttar Kannad),Siddapur,Arecanut,Rashi,FAQ,42669,46809,46399,2023-05-19
42460,Karwar(Uttar Kannad),Siddapur,Arecanut,Rashi,FAQ,42699,46099,45299,2023-05-17
42463,Karwar(Uttar Kannad),Siddapur,Arecanut,Rashi,FAQ,42699,46599,46469,2023-05-08
42468,Karwar(Uttar Kannad),Siddapur,Arecanut,Rashi,FAQ,42699,47749,47699,2023-05-30
42473,Karwar(Uttar Kannad),Siddapur,Arecanut,Rashi,FAQ,42699,49399,48749,2024-05-28
42480,Karwar(Uttar Kannad),Siddapur,Arecanut,Rashi,FAQ,42829,46799,46489,2023-05-23
42505,Karwar(Uttar Kannad),Siddapur,Arecanut,Rashi,FAQ,42899,48609,47809,2024-05-08
42507,Karwar(Uttar Kannad),Siddapur,Arecanut,Rashi,FAQ,42899,49699,48699,2024-05-27
42523,Karwar(Uttar Kannad),Siddapur,Arecanut,Rashi,FAQ,43019,48509,47649,2022-05-04
42527,Karwar(Uttar Kannad),Siddapur,Arecanut,Rashi,FAQ,43079,47929,47609,2023-05-31
42542,Karwar(Uttar Kannad),Siddapur,Arecanut,Rashi,FAQ,43099,48100,47409,2024-05-02
42543,Karwar(Uttar Kannad),Siddapur,Arecanut,Rashi,FAQ,43099,48199,47509,2024-05-03
42552,Karwar(Uttar Kannad),Siddapur,Arecanut,Rashi,FAQ,43099,49399,48799,2024-05-20
42553,Karwar(Uttar Kannad),Siddapur,Arecanut,Rashi,FAQ,43099,49399,48899,2024-05-13
42584,Karwar(Uttar Kannad),Siddapur,Arecanut,Rashi,FAQ,43299,47909,46709,2024-05-04
42586,Karwar(Uttar Kannad),Siddapur,Arecanut,Rashi,FAQ,43299,49809,49499,2022-05-17
42598,Karwar(Uttar Kannad),Siddapur,Arecanut,Rashi,FAQ,43469,46499,46289,2023-05-16
42601,Karwar(Uttar Kannad),Siddapur,Arecanut,Rashi,FAQ,43489,47099,46599,2023-05-25
42628,Karwar(Uttar Kannad),Siddapur,Arecanut,Rashi,FAQ,43619,49529,48899,2024-05-29
42629,Karwar(Uttar Kannad),Siddapur,Arecanut,Rashi,FAQ,43659,46899,46369,2023-05-15
42635,Karwar(Uttar Kannad),Siddapur,Arecanut,Rashi,FAQ,43699,46799,46409,2023-05-09
42636,Karwar(Uttar Kannad),Siddapur,Arecanut,Rashi,FAQ,43699,46899,46599,2023-05-24
42640,Karwar(Uttar Kannad),Siddapur,Arecanut,Rashi,FAQ,43699,49869,49399,2024-05-18
42650,Karwar(Uttar Kannad),Siddapur,Arecanut,Rashi,FAQ,43889,48999,47659,2022-05-25
42670,Karwar(Uttar Kannad),Siddapur,Arecanut,Rashi,FAQ,43999,48799,48359,2024-05-09
42671,Karwar(Uttar Kannad),Siddapur,Arecanut,Rashi,FAQ,43999,49909,49439,2024-05-17
42675,Karwar(Uttar Kannad),Siddapur,Arecanut,Rashi,FAQ,44009,50409,50099,2022-05-13
42700,Karwar(Uttar Kannad),Siddapur,Arecanut,Rashi,FAQ,44099,48209,47869,2024-05-06
42708,Karwar(Uttar Kannad),Siddapur,Arecanut,Rashi,FAQ,44099,49599,48809,2024-05-30
42709,Karwar(Uttar Kannad),Siddapur,Arecanut,Rashi,FAQ,44099,49699,48859,2024-05-31
42710,Karwar(Uttar Kannad),Siddapur,Arecanut,Rashi,FAQ,44099,49799,48499,2024-05-21
42717,Karwar(Uttar Kannad),Siddapur,Arecanut,Rashi,FAQ,44109,48599,47649,2022-05-30
42725,Karwar(Uttar Kannad),Siddapur,Arecanut,Rashi,FAQ,44199,49199,48799,2024-05-22
42734,Karwar(Uttar Kannad),Siddapur,Arecanut,Rashi,FAQ,44299,47209,46589,2023-05-26
42737,Karwar(Uttar Kannad),Siddapur,Arecanut,Rashi,FAQ,44319,49399,48799,2024-05-15
42742,Karwar(Uttar Kannad),Siddapur,Arecanut,Rashi,FAQ,44389,49699,48629,2024-05-16
42749,Karwar(Uttar Kannad),Siddapur,Arecanut,Rashi,FAQ,44509,49399,48899,2024-05-14
42764,Karwar(Uttar Kannad),Siddapur,Arecanut,Rashi,FAQ,44599,49299,48599,2022-05-24
42775,Karwar(Uttar Kannad),Siddapur,Arecanut,Rashi,FAQ,44699,48599,47999,2022-05-23
42782,Karwar(Uttar Kannad),Siddapur,Arecanut,Rashi,FAQ,44809,50109,49899,2022-05-16
42785,Karwar(Uttar Kannad),Siddapur,Arecanut,Rashi,FAQ,44869,47509,47319,2023-05-29
42786,Karwar(Uttar Kannad),Siddapur,Arecanut,Rashi,FAQ,44869,48039,47809,2022-05-26
42790,Karwar(Uttar Kannad),Siddapur,Arecanut,Rashi,FAQ,44899,46899,46399,2023-05-11
42811,Karwar(Uttar Kannad),Siddapur,Arecanut,Rashi,FAQ,45079,49699,49599,2022-05-19
42845,Karwar(Uttar Kannad),Siddapur,Arecanut,Rashi,FAQ,45509,48299,47849,2022-05-31
42849,Karwar(Uttar Kannad),Siddapur,Arecanut,Rashi,FAQ,45599,46319,45899,2023-05-18
42850,Karwar(Uttar Kannad),Siddapur,Arecanut,Rashi,FAQ,45599,48599,47719,2022-05-05
42851,Karwar(Uttar Kannad),Siddapur,Arecanut,Rashi,FAQ,45599,50507,50099,2022-05-10
42852,Karwar(Uttar Kannad),Siddapur,Arecanut,Rashi,FAQ,45619,49899,48899,2022-05-20
42867,Karwar(Uttar Kannad),Siddapur,Arecanut,Rashi,FAQ,45899,48999,48869,2022-05-07
42868,Karwar(Uttar Kannad),Siddapur,Arecanut,Rashi,FAQ,45899,50399,50099,2022-05-11
42870,Karwar(Uttar Kannad),Siddapur,Arecanut,Rashi,FAQ,46099,48209,47949,2022-05-27
42889,Karwar(Uttar Kannad),Siddapur,Arecanut,Rashi,FAQ,46509,48609,47899,2022-05-06
42896,Karwar(Uttar Kannad),Siddapur,Arecanut,Rashi,FAQ,46689,50399,49899,2022-05-12
42923,Karwar(Uttar Kannad),Siddapur,Arecanut,Rashi,FAQ,47199,50019,48799,2022-05-09
42940,Karwar(Uttar Kannad),Siddapur,Arecanut,Rashi,FAQ,47899,50099,48989,2022-05-18
43343,Karwar(Uttar Kannad),Siddapur,Arecanut,Ripe,FAQ,33989,39322,38699,2022-05-07
43356,Karwar(Uttar Kannad),Siddapur,Arecanut,Ripe,FAQ,34569,39799,38699,2022-05-06
43357,Karwar(Uttar Kannad),Siddapur,Arecanut,Ripe,FAQ,34589,40099,39899,2022-05-16
43361,Karwar(Uttar Kannad),Siddapur,Arecanut,Ripe,FAQ,34669,40691,39399,2022-05-05
43364,Karwar(Uttar Kannad),Siddapur,Arecanut,Ripe,FAQ,34899,40199,39499,2022-05-12
43382,Karwar(Uttar Kannad),Siddapur,Arecanut,Ripe,FAQ,35699,40211,39399,2022-05-04
43385,Karwar(Uttar Kannad),Siddapur,Arecanut,Ripe,FAQ,35889,40099,39399,2022-05-13
43427,Karwar(Uttar Kannad),Siddapur,Arecanut,Tattibettee,FAQ,19669,31219,25669,2020-05-14
43431,Karwar(Uttar Kannad),Siddapur,Arecanut,Tattibettee,FAQ,19719,32009,26099,2020-05-12
43438,Karwar(Uttar Kannad),Siddapur,Arecanut,Tattibettee,FAQ,20099,33299,23899,2020-05-04
43450,Karwar(Uttar Kannad),Siddapur,Arecanut,Tattibettee,FAQ,21089,31289,29009,2020-05-29
43451,Karwar(Uttar Kannad),Siddapur,Arecanut,Tattibettee,FAQ,21089,32909,24899,2020-05-15
43456,Karwar(Uttar Kannad),Siddapur,Arecanut,Tattibettee,FAQ,21099,33019,31669,2020-05-28
43457,Karwar(Uttar Kannad),Siddapur,Arecanut,Tattibettee,FAQ,21099,33899,28089,2020-05-27
43460,Karwar(Uttar Kannad),Siddapur,Arecanut,Tattibettee,FAQ,21289,33099,28099,2020-05-20
43462,Karwar(Uttar Kannad),Siddapur,Arecanut,Tattibettee,FAQ,21380,34809,25469,2020-05-13
43469,Karwar(Uttar Kannad),Siddapur,Arecanut,Tattibettee,FAQ,21669,29899,26869,2020-05-18
43473,Karwar(Uttar Kannad),Siddapur,Arecanut,Tattibettee,FAQ,21699,31899,28809,2020-05-08
43475,Karwar(Uttar Kannad),Siddapur,Arecanut,Tattibettee,FAQ,21699,32689,27989,2020-05-26
43485,Karwar(Uttar Kannad),Siddapur,Arecanut,Tattibettee,FAQ,21899,34319,25269,2020-05-07
43491,Karwar(Uttar Kannad),Siddapur,Arecanut,Tattibettee,FAQ,22099,32119,29899,2020-05-22
43492,Karwar(Uttar Kannad),Siddapur,Arecanut,Tattibettee,FAQ,22099,32889,27089,2020-05-30
43496,Karwar(Uttar Kannad),Siddapur,Arecanut,Tattibettee,FAQ,22199,32209,25719,2020-05-11
43499,Karwar(Uttar Kannad),Siddapur,Arecanut,Tattibettee,FAQ,22351,31209,28269,2020-05-02
43509,Karwar(Uttar Kannad),Siddapur,Arecanut,Tattibettee,FAQ,22699,33809,31369,2020-05-19
43536,Karwar(Uttar Kannad),Siddapur,Arecanut,Tattibettee,FAQ,23399,32369,25899,2020-05-05
43538,Karwar(Uttar Kannad),Siddapur,Arecanut,Tattibettee,FAQ,23399,33299,32389,2020-05-16
43544,Karwar(Uttar Kannad),Siddapur,Arecanut,Tattibettee,FAQ,23609,33099,28899,2020-05-21
43550,Karwar(Uttar Kannad),Siddapur,Arecanut,Tattibettee,FAQ,23689,29099,24699,2020-05-06
43579,Karwar(Uttar Kannad),Siddapur,Arecanut,Tattibettee,FAQ,24289,30299,28399,2020-05-09
43599,Karwar(Uttar Kannad),Siddapur,Arecanut,Tattibettee,FAQ,24899,29199,27869,2020-05-25
43604,Karwar(Uttar Kannad),Siddapur,Arecanut,Tattibettee,FAQ,24899,30899,27989,2020-05-23
43810,Karwar(Uttar Kannad),Siddapur,Arecanut,Tattibettee,FAQ,29089,34999,34689,2021-05-06
43817,Karwar(Uttar Kannad),Siddapur,Arecanut,Tattibettee,FAQ,29099,41099,36889,2021-05-05
43871,Karwar(Uttar Kannad),Siddapur,Arecanut,Tattibettee,FAQ,30399,30399,30399,2021-05-03
43881,Karwar(Uttar Kannad),Siddapur,Arecanut,Tattibettee,FAQ,30889,34799,31889,2024-05-04
43919,Karwar(Uttar Kannad),Siddapur,Arecanut,Tattibettee,FAQ,31879,38099,33959,2021-05-04
43932,Karwar(Uttar Kannad),Siddapur,Arecanut,Tattibettee,FAQ,32089,36899,34999,2021-05-07
43943,Karwar(Uttar Kannad),Siddapur,Arecanut,Tattibettee,FAQ,32199,43599,39019,2022-05-31
43990,Karwar(Uttar Kannad),Siddapur,Arecanut,Tattibettee,FAQ,33199,43509,38999,2022-05-16
44003,Karwar(Uttar Kannad),Siddapur,Arecanut,Tattibettee,FAQ,33499,48899,39699,2022-05-13
44044,Karwar(Uttar Kannad),Siddapur,Arecanut,Tattibettee,FAQ,34090,44599,39599,2022-05-24
44060,Karwar(Uttar Kannad),Siddapur,Arecanut,Tattibettee,FAQ,34500,37300,36300,2024-05-03
44065,Karwar(Uttar Kannad),Siddapur,Arecanut,Tattibettee,FAQ,34609,36869,35049,2023-05-05
44069,Karwar(Uttar Kannad),Siddapur,Arecanut,Tattibettee,FAQ,34669,38319,35899,2024-05-31
44076,Karwar(Uttar Kannad),Siddapur,Arecanut,Tattibettee,FAQ,34699,37699,34899,2024-05-21
44085,Karwar(Uttar Kannad),Siddapur,Arecanut,Tattibettee,FAQ,34709,43499,38119,2024-05-18
44087,Karwar(Uttar Kannad),Siddapur,Arecanut,Tattibettee,FAQ,34889,34889,34889,2023-05-17
44094,Karwar(Uttar Kannad),Siddapur,Arecanut,Tattibettee,FAQ,35000,39100,38199,2024-05-29
44106,Karwar(Uttar Kannad),Siddapur,Arecanut,Tattibettee,FAQ,35109,45689,38639,2022-05-23
44116,Karwar(Uttar Kannad),Siddapur,Arecanut,Tattibettee,FAQ,35400,39319,36699,2024-05-16
44117,Karwar(Uttar Kannad),Siddapur,Arecanut,Tattibettee,FAQ,35400,42599,35700,2024-05-09
44133,Karwar(Uttar Kannad),Siddapur,Arecanut,Tattibettee,FAQ,35800,46099,46099,2024-05-30
44138,Karwar(Uttar Kannad),Siddapur,Arecanut,Tattibettee,FAQ,35899,42099,39099,2024-05-22
44142,Karwar(Uttar Kannad),Siddapur,Arecanut,Tattibettee,FAQ,36009,42699,41699,2022-05-20
44169,Karwar(Uttar Kannad),Siddapur,Arecanut,Tattibettee,FAQ,36382,48409,40319,2024-05-08
44176,Karwar(Uttar Kannad),Siddapur,Arecanut,Tattibettee,FAQ,36469,42109,42109,2022-05-12
44178,Karwar(Uttar Kannad),Siddapur,Arecanut,Tattibettee,FAQ,36499,42169,39479,2023-05-11
44194,Karwar(Uttar Kannad),Siddapur,Arecanut,Tattibettee,FAQ,36699,39989,37669,2023-05-04
44197,Karwar(Uttar Kannad),Siddapur,Arecanut,Tattibettee,FAQ,36699,40479,40479,2023-05-18
44204,Karwar(Uttar Kannad),Siddapur,Arecanut,Tattibettee,FAQ,36699,45099,38319,2024-05-24
44206,Karwar(Uttar Kannad),Siddapur,Arecanut,Tattibettee,FAQ,36699,47439,39499,2022-05-05
44212,Karwar(Uttar Kannad),Siddapur,Arecanut,Tattibettee,FAQ,36800,44699,36899,2024-05-06
44246,Karwar(Uttar Kannad),Siddapur,Arecanut,Tattibettee,FAQ,37099,42299,39299,2022-05-25
44252,Karwar(Uttar Kannad),Siddapur,Arecanut,Tattibettee,FAQ,37100,49369,41019,2024-05-15
44259,Karwar(Uttar Kannad),Siddapur,Arecanut,Tattibettee,FAQ,37199,41099,40669,2023-05-15
44266,Karwar(Uttar Kannad),Siddapur,Arecanut,Tattibettee,FAQ,37219,45109,41699,2022-05-04
44269,Karwar(Uttar Kannad),Siddapur,Arecanut,Tattibettee,FAQ,37289,43219,41099,2022-05-30
44271,Karwar(Uttar Kannad),Siddapur,Arecanut,Tattibettee,FAQ,37300,44109,37600,2024-05-02
44276,Karwar(Uttar Kannad),Siddapur,Arecanut,Tattibettee,FAQ,37389,41219,38819,2024-05-13
44284,Karwar(Uttar Kannad),Siddapur,Arecanut,Tattibettee,FAQ,37469,43099,40199,2023-05-09
44287,Karwar(Uttar Kannad),Siddapur,Arecanut,Tattibettee,FAQ,37489,47609,43699,2024-05-27
44288,Karwar(Uttar Kannad),Siddapur,Arecanut,Tattibettee,FAQ,37499,44889,42369,2023-05-16
44289,Karwar(Uttar Kannad),Siddapur,Arecanut,Tattibettee,FAQ,37519,42939,40569,2023-05-22
44293,Karwar(Uttar Kannad),Siddapur,Arecanut,Tattibettee,FAQ,37600,47559,45009,2024-05-17
44308,Karwar(Uttar Kannad),Siddapur,Arecanut,Tattibettee,FAQ,37699,44899,41829,2023-05-23
44310,Karwar(Uttar Kannad),Siddapur,Arecanut,Tattibettee,FAQ,37699,47199,41099,2023-05-29
44318,Karwar(Uttar Kannad),Siddapur,Arecanut,Tattibettee,FAQ,37819,46099,43169,2024-05-20
44322,Karwar(Uttar Kannad),Siddapur,Arecanut,Tattibettee,FAQ,37869,42399,40099,2022-05-09
44323,Karwar(Uttar Kannad),Siddapur,Arecanut,Tattibettee,FAQ,37869,42869,42869,2023-05-25
44328,Karwar(Uttar Kannad),Siddapur,Arecanut,Tattibettee,FAQ,37899,43209,42099,2022-05-27
44330,Karwar(Uttar Kannad),Siddapur,Arecanut,Tattibettee,FAQ,37899,44769,42369,2023-05-26
44343,Karwar(Uttar Kannad),Siddapur,Arecanut,Tattibettee,FAQ,38009,44209,43089,2022-05-26
44352,Karwar(Uttar Kannad),Siddapur,Arecanut,Tattibettee,FAQ,38069,41099,40069,2023-05-24
44358,Karwar(Uttar Kannad),Siddapur,Arecanut,Tattibettee,FAQ,38099,42099,38699,2024-05-28
44362,Karwar(Uttar Kannad),Siddapur,Arecanut,Tattibettee,FAQ,38099,44699,44599,2022-05-07
44382,Karwar(Uttar Kannad),Siddapur,Arecanut,Tattibettee,FAQ,38249,44289,38819,2022-05-06
44387,Karwar(Uttar Kannad),Siddapur,Arecanut,Tattibettee,FAQ,38309,44099,40019,2023-05-31
44408,Karwar(Uttar Kannad),Siddapur,Arecanut,Tattibettee,FAQ,38609,45899,39249,2023-05-12
44410,Karwar(Uttar Kannad),Siddapur,Arecanut,Tattibettee,FAQ,38669,43209,42589,2022-05-18
44420,Karwar(Uttar Kannad),Siddapur,Arecanut,Tattibettee,FAQ,38699,43809,40199,2022-05-11
44427,Karwar(Uttar Kannad),Siddapur,Arecanut,Tattibettee,FAQ,38769,44099,41869,2023-05-30
44460,Karwar(Uttar Kannad),Siddapur,Arecanut,Tattibettee,FAQ,39099,44099,41609,2023-05-19
44474,Karwar(Uttar Kannad),Siddapur,Arecanut,Tattibettee,FAQ,39199,43109,42099,2023-05-08
44481,Karwar(Uttar Kannad),Siddapur,Arecanut,Tattibettee,FAQ,39219,42099,40389,2024-05-14
44536,Karwar(Uttar Kannad),Siddapur,Arecanut,Tattibettee,FAQ,40399,43269,40399,2022-05-10
44556,Karwar(Uttar Kannad),Siddapur,Arecanut,Tattibettee,FAQ,41099,41099,41099,2022-05-19
44559,Karwar(Uttar Kannad),Siddapur,Arecanut,Tattibettee,FAQ,41099,44599,42109,2022-05-17
