Sl no.,District Name,Market,Commodity,Variety,Grade,Min Price (Rs./Quintal),Max Price (Rs./Quintal),Modal_Price,Arrival_Date
25077,Shimoga,Sagar,Arecanut,Bilegotu,FAQ,7119,26199,24299,2025-05-12
25098,Shimoga,Sagar,Arecanut,Bilegotu,FAQ,8129,26696,23599,2025-05-29
25108,Shimoga,Sagar,Arecanut,Bilegotu,FAQ,8677,27832,24699,2025-05-22
25111,Shimoga,Sagar,Arecanut,Bilegotu,FAQ,8919,28121,26099,2025-05-26
25116,Shimoga,Sagar,Arecanut,Bilegotu,FAQ,9399,21109,18899,2020-05-21
25142,Shimoga,Sagar,Arecanut,Bilegotu,FAQ,10101,26099,24611,2025-05-15
25156,Shimoga,Sagar,Arecanut,Bilegotu,FAQ,10199,26800,25800,2025-05-05
25159,Shimoga,Sagar,Arecanut,Bilegotu,FAQ,10199,29699,28077,2024-05-02
25167,Shimoga,Sagar,Arecanut,Bilegotu,FAQ,10611,27199,26799,2025-05-19
25173,Shimoga,Sagar,Arecanut,Bilegotu,FAQ,10700,27199,24899,2025-05-08
25206,Shimoga,Sagar,Arecanut,Bilegotu,FAQ,12077,31077,30077,2024-05-20
25214,Shimoga,Sagar,Arecanut,Bilegotu,FAQ,12099,28011,23611,2025-05-13
25225,Shimoga,Sagar,Arecanut,Bilegotu,FAQ,12219,17899,16599,2020-05-11
25237,Shimoga,Sagar,Arecanut,Bilegotu,FAQ,12690,30266,28169,2022-05-30
25249,Shimoga,Sagar,Arecanut,Bilegotu,FAQ,13099,19699,18499,2020-05-18
25257,Shimoga,Sagar,Arecanut,Bilegotu,FAQ,13299,18929,17699,2020-05-19
25272,Shimoga,Sagar,Arecanut,Bilegotu,FAQ,14099,20509,18399,2020-05-14
25273,Shimoga,Sagar,Arecanut,Bilegotu,FAQ,14099,21879,19099,2020-05-28
25299,Shimoga,Sagar,Arecanut,Bilegotu,FAQ,14699,17609,16509,2020-05-12
25315,Shimoga,Sagar,Arecanut,Bilegotu,FAQ,14989,28599,27899,2024-05-30
25334,Shimoga,Sagar,Arecanut,Bilegotu,FAQ,15189,16589,15189,2020-05-04
25353,Shimoga,Sagar,Arecanut,Bilegotu,FAQ,15690,31170,30770,2023-05-16
25378,Shimoga,Sagar,Arecanut,Bilegotu,FAQ,16110,32569,29300,2022-05-26
25385,Shimoga,Sagar,Arecanut,Bilegotu,FAQ,16210,24899,23899,2025-05-27
25396,Shimoga,Sagar,Arecanut,Bilegotu,FAQ,16569,31011,29511,2024-05-23
25405,Shimoga,Sagar,Arecanut,Bilegotu,FAQ,16811,32299,30999,2023-05-22
25414,Shimoga,Sagar,Arecanut,Bilegotu,FAQ,16909,19119,18699,2020-05-26
25421,Shimoga,Sagar,Arecanut,Bilegotu,FAQ,17199,28672,27572,2024-05-06
25441,Shimoga,Sagar,Arecanut,Bilegotu,FAQ,18000,29389,28299,2022-05-05
25508,Shimoga,Sagar,Arecanut,Bilegotu,FAQ,19269,30211,28299,2024-05-27
25515,Shimoga,Sagar,Arecanut,Bilegotu,FAQ,19599,27199,26199,2025-05-06
25536,Shimoga,Sagar,Arecanut,Bilegotu,FAQ,20100,31599,30199,2024-05-13
25548,Shimoga,Sagar,Arecanut,Bilegotu,FAQ,20199,34653,32209,2022-05-19
25573,Shimoga,Sagar,Arecanut,Bilegotu,FAQ,20899,34369,28059,2022-05-04
25586,Shimoga,Sagar,Arecanut,Bilegotu,FAQ,21299,31150,30729,2023-05-15
25588,Shimoga,Sagar,Arecanut,Bilegotu,FAQ,21569,31099,30300,2023-05-08
25592,Shimoga,Sagar,Arecanut,Bilegotu,FAQ,21611,25587,24111,2025-05-20
25602,Shimoga,Sagar,Arecanut,Bilegotu,FAQ,22099,32289,31800,2023-05-25
25607,Shimoga,Sagar,Arecanut,Bilegotu,FAQ,22119,31501,29409,2022-05-12
25636,Shimoga,Sagar,Arecanut,Bilegotu,FAQ,22989,29625,28609,2024-05-09
25638,Shimoga,Sagar,Arecanut,Bilegotu,FAQ,22989,31566,30211,2024-05-16
25641,Shimoga,Sagar,Arecanut,Bilegotu,FAQ,23099,30470,29599,2023-05-04
25662,Shimoga,Sagar,Arecanut,Bilegotu,FAQ,23899,30199,28499,2022-05-09
25672,Shimoga,Sagar,Arecanut,Bilegotu,FAQ,24009,31889,29099,2022-05-23
25711,Shimoga,Sagar,Arecanut,Bilegotu,FAQ,25409,30399,29889,2022-05-16
25724,Shimoga,Sagar,Arecanut,Bilegotu,FAQ,26169,32299,31489,2023-05-29
25738,Shimoga,Sagar,Arecanut,Bilegotu,FAQ,26989,29729,28699,2022-05-24
25739,Shimoga,Sagar,Arecanut,Bilegotu,FAQ,27001,32199,30599,2023-05-11
25746,Shimoga,Sagar,Arecanut,Bilegotu,FAQ,27199,28699,27199,2024-05-28
25748,Shimoga,Sagar,Arecanut,Bilegotu,FAQ,27370,28899,27370,2022-05-31
25752,Shimoga,Sagar,Arecanut,Bilegotu,FAQ,27699,27809,27699,2024-05-08
25753,Shimoga,Sagar,Arecanut,Bilegotu,FAQ,27699,29599,28385,2024-05-21
25760,Shimoga,Sagar,Arecanut,Bilegotu,FAQ,27799,32299,29989,2022-05-17
25770,Shimoga,Sagar,Arecanut,Bilegotu,FAQ,28532,32044,31889,2023-05-23
25771,Shimoga,Sagar,Arecanut,Bilegotu,FAQ,28579,29499,28579,2022-05-10
25784,Shimoga,Sagar,Arecanut,Bilegotu,FAQ,29009,32199,30786,2023-05-18
25793,Shimoga,Sagar,Arecanut,Bilegotu,FAQ,29411,30349,29699,2023-05-02
25794,Shimoga,Sagar,Arecanut,Bilegotu,FAQ,29411,30489,29411,2023-05-09
25798,Shimoga,Sagar,Arecanut,Bilegotu,FAQ,29899,30099,29899,2024-05-14
25804,Shimoga,Sagar,Arecanut,Bilegotu,FAQ,30399,31989,30399,2023-05-30
25847,Shimoga,Sagar,Arecanut,Chali,FAQ,15399,25309,24603,2020-05-12
25849,Shimoga,Sagar,Arecanut,Chali,FAQ,15899,39299,38606,2025-05-29
25851,Shimoga,Sagar,Arecanut,Chali,FAQ,16099,39019,37509,2025-05-22
25855,Shimoga,Sagar,Arecanut,Chali,FAQ,16899,39501,37039,2025-05-12
25869,Shimoga,Sagar,Arecanut,Chali,FAQ,18599,26499,25599,2020-05-28
25870,Shimoga,Sagar,Arecanut,Chali,FAQ,18609,25395,24599,2020-05-14
25881,Shimoga,Sagar,Arecanut,Chali,FAQ,18961,39299,38509,2025-05-08
25909,Shimoga,Sagar,Arecanut,Chali,FAQ,20170,39219,37621,2025-05-15
25944,Shimoga,Sagar,Arecanut,Chali,FAQ,20999,25461,24469,2020-05-11
25975,Shimoga,Sagar,Arecanut,Chali,FAQ,21700,26099,25799,2020-05-18
26000,Shimoga,Sagar,Arecanut,Chali,FAQ,22699,39309,38099,2025-05-19
26010,Shimoga,Sagar,Arecanut,Chali,FAQ,22999,26399,25699,2020-05-21
26022,Shimoga,Sagar,Arecanut,Chali,FAQ,23299,25699,24699,2020-05-26
26023,Shimoga,Sagar,Arecanut,Chali,FAQ,23299,26899,25699,2020-05-19
26040,Shimoga,Sagar,Arecanut,Chali,FAQ,24299,25699,25199,2020-05-04
26063,Shimoga,Sagar,Arecanut,Chali,FAQ,24989,36609,35309,2024-05-30
26102,Shimoga,Sagar,Arecanut,Chali,FAQ,26199,39499,37599,2025-05-26
26104,Shimoga,Sagar,Arecanut,Chali,FAQ,26269,34725,33899,2024-05-02
26119,Shimoga,Sagar,Arecanut,Chali,FAQ,26869,36319,35599,2024-05-23
26127,Shimoga,Sagar,Arecanut,Chali,FAQ,26899,39611,38709,2025-05-05
26145,Shimoga,Sagar,Arecanut,Chali,FAQ,27599,38969,37699,2022-05-09
26152,Shimoga,Sagar,Arecanut,Chali,FAQ,27989,36529,35899,2024-05-20
26155,Shimoga,Sagar,Arecanut,Chali,FAQ,28077,36349,35699,2024-05-13
26178,Shimoga,Sagar,Arecanut,Chali,FAQ,28690,38499,37499,2022-05-23
26222,Shimoga,Sagar,Arecanut,Chali,FAQ,29799,36636,35699,2023-05-04
26241,Shimoga,Sagar,Arecanut,Chali,FAQ,30120,36759,35699,2023-05-18
26251,Shimoga,Sagar,Arecanut,Chali,FAQ,30490,36999,36299,2023-05-15
26265,Shimoga,Sagar,Arecanut,Chali,FAQ,30699,36599,35099,2023-05-25
26273,Shimoga,Sagar,Arecanut,Chali,FAQ,30899,36539,35599,2024-05-27
26318,Shimoga,Sagar,Arecanut,Chali,FAQ,31699,36889,35899,2023-05-22
26322,Shimoga,Sagar,Arecanut,Chali,FAQ,31699,37671,35555,2024-05-09
26332,Shimoga,Sagar,Arecanut,Chali,FAQ,31899,34799,33611,2024-05-06
26342,Shimoga,Sagar,Arecanut,Chali,FAQ,31989,38786,37899,2022-05-30
26353,Shimoga,Sagar,Arecanut,Chali,FAQ,32099,36699,35799,2023-05-11
26373,Shimoga,Sagar,Arecanut,Chali,FAQ,32399,36299,35699,2024-05-16
26387,Shimoga,Sagar,Arecanut,Chali,FAQ,32609,38339,37499,2022-05-04
26403,Shimoga,Sagar,Arecanut,Chali,FAQ,33009,38899,37599,2022-05-05
26408,Shimoga,Sagar,Arecanut,Chali,FAQ,33099,36600,35699,2023-05-08
26412,Shimoga,Sagar,Arecanut,Chali,FAQ,33099,37839,34699,2024-05-28
26414,Shimoga,Sagar,Arecanut,Chali,FAQ,33099,38899,37699,2022-05-19
26433,Shimoga,Sagar,Arecanut,Chali,FAQ,33409,38529,37899,2022-05-26
26438,Shimoga,Sagar,Arecanut,Chali,FAQ,33599,38411,37311,2025-05-27
26459,Shimoga,Sagar,Arecanut,Chali,FAQ,34199,34611,34199,2024-05-08
26470,Shimoga,Sagar,Arecanut,Chali,FAQ,34599,36429,34599,2023-05-02
26472,Shimoga,Sagar,Arecanut,Chali,FAQ,34609,39159,38799,2022-05-16
26476,Shimoga,Sagar,Arecanut,Chali,FAQ,34699,36609,36099,2023-05-29
26483,Shimoga,Sagar,Arecanut,Chali,FAQ,34819,36119,35739,2024-05-21
26487,Shimoga,Sagar,Arecanut,Chali,FAQ,34899,39120,38820,2025-05-06
26495,Shimoga,Sagar,Arecanut,Chali,FAQ,35109,36111,35109,2024-05-14
26497,Shimoga,Sagar,Arecanut,Chali,FAQ,35166,39009,38699,2022-05-12
26499,Shimoga,Sagar,Arecanut,Chali,FAQ,35299,36400,35299,2023-05-16
26507,Shimoga,Sagar,Arecanut,Chali,FAQ,35649,35649,35649,2024-05-22
26510,Shimoga,Sagar,Arecanut,Chali,FAQ,35699,36509,35699,2023-05-23
26511,Shimoga,Sagar,Arecanut,Chali,FAQ,35699,37141,36699,2025-05-20
26513,Shimoga,Sagar,Arecanut,Chali,FAQ,35699,38529,37299,2025-05-13
26518,Shimoga,Sagar,Arecanut,Chali,FAQ,35809,35899,35809,2023-05-09
26524,Shimoga,Sagar,Arecanut,Chali,FAQ,36009,36549,36009,2023-05-30
26525,Shimoga,Sagar,Arecanut,Chali,FAQ,36009,38599,37899,2022-05-17
26538,Shimoga,Sagar,Arecanut,Chali,FAQ,36399,38403,36399,2022-05-31
26539,Shimoga,Sagar,Arecanut,Chali,FAQ,36499,38099,37499,2022-05-24
26593,Shimoga,Sagar,Arecanut,Chali,FAQ,38299,38609,38299,2022-05-10
26648,Shimoga,Sagar,Arecanut,Cqca,FAQ,6585,22799,21599,2020-05-28
26667,Shimoga,Sagar,Arecanut,Cqca,FAQ,7569,18399,17499,2025-05-12
26680,Shimoga,Sagar,Arecanut,Cqca,FAQ,8099,19989,16899,2025-05-15
26690,Shimoga,Sagar,Arecanut,Cqca,FAQ,8129,20209,19899,2020-05-21
26691,Shimoga,Sagar,Arecanut,Cqca,FAQ,8129,21399,20399,2025-05-29
26702,Shimoga,Sagar,Arecanut,Cqca,FAQ,8290,20899,18699,2020-05-18
26718,Shimoga,Sagar,Arecanut,Cqca,FAQ,8569,20899,18899,2025-05-08
26719,Shimoga,Sagar,Arecanut,Cqca,FAQ,8569,24699,20899,2025-05-05
26722,Shimoga,Sagar,Arecanut,Cqca,FAQ,8669,20899,16899,2025-05-26
26734,Shimoga,Sagar,Arecanut,Cqca,FAQ,8919,18999,16699,2025-05-22
26735,Shimoga,Sagar,Arecanut,Cqca,FAQ,8925,18799,17399,2020-05-14
26754,Shimoga,Sagar,Arecanut,Cqca,FAQ,9369,24509,23009,2025-05-19
26764,Shimoga,Sagar,Arecanut,Cqca,FAQ,10009,20899,18899,2025-05-27
26772,Shimoga,Sagar,Arecanut,Cqca,FAQ,10129,19509,18905,2020-05-11
26781,Shimoga,Sagar,Arecanut,Cqca,FAQ,10199,30199,29899,2024-05-06
26782,Shimoga,Sagar,Arecanut,Cqca,FAQ,10199,30699,26899,2024-05-30
26801,Shimoga,Sagar,Arecanut,Cqca,FAQ,10786,31699,29599,2024-05-02
26804,Shimoga,Sagar,Arecanut,Cqca,FAQ,10899,16899,10899,2020-05-12
26834,Shimoga,Sagar,Arecanut,Cqca,FAQ,12110,35899,32399,2022-05-26
26841,Shimoga,Sagar,Arecanut,Cqca,FAQ,12185,18799,17699,2020-05-26
26852,Shimoga,Sagar,Arecanut,Cqca,FAQ,12581,20299,12581,2025-05-20
26865,Shimoga,Sagar,Arecanut,Cqca,FAQ,13000,29000,27011,2024-05-23
26867,Shimoga,Sagar,Arecanut,Cqca,FAQ,13017,30199,29699,2024-05-09
26868,Shimoga,Sagar,Arecanut,Cqca,FAQ,13099,18899,17099,2020-05-19
26886,Shimoga,Sagar,Arecanut,Cqca,FAQ,13869,36199,35199,2022-05-30
26912,Shimoga,Sagar,Arecanut,Cqca,FAQ,14499,32199,30001,2024-05-20
26919,Shimoga,Sagar,Arecanut,Cqca,FAQ,14619,32199,31899,2024-05-13
26954,Shimoga,Sagar,Arecanut,Cqca,FAQ,15299,15299,15299,2025-05-06
26966,Shimoga,Sagar,Arecanut,Cqca,FAQ,16009,36259,35499,2022-05-19
26983,Shimoga,Sagar,Arecanut,Cqca,FAQ,16299,34639,33699,2022-05-05
26991,Shimoga,Sagar,Arecanut,Cqca,FAQ,16699,33899,31099,2023-05-04
26992,Shimoga,Sagar,Arecanut,Cqca,FAQ,16699,34801,32099,2023-05-25
26998,Shimoga,Sagar,Arecanut,Cqca,FAQ,16899,28055,22609,2025-05-13
27036,Shimoga,Sagar,Arecanut,Cqca,FAQ,18219,32699,30261,2024-05-16
27043,Shimoga,Sagar,Arecanut,Cqca,FAQ,18499,18499,18499,2020-05-04
27057,Shimoga,Sagar,Arecanut,Cqca,FAQ,18989,31673,29899,2024-05-27
27060,Shimoga,Sagar,Arecanut,Cqca,FAQ,18989,33699,32699,2023-05-08
27063,Shimoga,Sagar,Arecanut,Cqca,FAQ,19119,33199,31099,2023-05-18
27078,Shimoga,Sagar,Arecanut,Cqca,FAQ,19799,33899,31699,2023-05-22
27086,Shimoga,Sagar,Arecanut,Cqca,FAQ,20009,36299,35699,2022-05-12
27102,Shimoga,Sagar,Arecanut,Cqca,FAQ,20599,33453,32869,2023-05-29
27116,Shimoga,Sagar,Arecanut,Cqca,FAQ,21099,32899,31100,2023-05-11
27126,Shimoga,Sagar,Arecanut,Cqca,FAQ,21219,35299,33659,2022-05-23
27143,Shimoga,Sagar,Arecanut,Cqca,FAQ,22099,32289,31100,2023-05-15
27152,Shimoga,Sagar,Arecanut,Cqca,FAQ,22599,35509,32009,2022-05-04
27193,Shimoga,Sagar,Arecanut,Cqca,FAQ,24223,31989,30611,2023-05-16
27198,Shimoga,Sagar,Arecanut,Cqca,FAQ,24369,33099,32653,2022-05-16
27210,Shimoga,Sagar,Arecanut,Cqca,FAQ,24989,31699,28899,2024-05-28
27217,Shimoga,Sagar,Arecanut,Cqca,FAQ,25299,35299,33299,2022-05-09
27229,Shimoga,Sagar,Arecanut,Cqca,FAQ,26111,33409,26111,2023-05-09
27255,Shimoga,Sagar,Arecanut,Cqca,FAQ,28099,28099,28099,2022-05-24
27281,Shimoga,Sagar,Arecanut,Cqca,FAQ,28989,34399,33499,2023-05-23
27286,Shimoga,Sagar,Arecanut,Cqca,FAQ,29290,35699,29290,2022-05-10
27308,Shimoga,Sagar,Arecanut,Cqca,FAQ,30699,30699,30699,2023-05-02
27317,Shimoga,Sagar,Arecanut,Cqca,FAQ,31299,34569,33969,2022-05-31
27320,Shimoga,Sagar,Arecanut,Cqca,FAQ,32219,35819,34499,2022-05-17
27323,Shimoga,Sagar,Arecanut,Cqca,FAQ,32799,32929,32799,2024-05-14
27369,Shimoga,Sagar,Arecanut,Kempugotu,FAQ,11019,28669,26599,2025-05-19
27378,Shimoga,Sagar,Arecanut,Kempugotu,FAQ,12219,39599,36509,2022-05-26
27384,Shimoga,Sagar,Arecanut,Kempugotu,FAQ,12899,25469,21899,2025-05-12
27387,Shimoga,Sagar,Arecanut,Kempugotu,FAQ,12899,28839,24319,2025-05-08
27437,Shimoga,Sagar,Arecanut,Kempugotu,FAQ,15399,24069,23319,2020-05-21
27438,Shimoga,Sagar,Arecanut,Kempugotu,FAQ,15399,24889,23399,2020-05-28
27448,Shimoga,Sagar,Arecanut,Kempugotu,FAQ,15989,27000,26699,2025-05-26
27460,Shimoga,Sagar,Arecanut,Kempugotu,FAQ,16299,23809,22619,2020-05-18
27465,Shimoga,Sagar,Arecanut,Kempugotu,FAQ,16699,23200,21899,2025-05-06
27472,Shimoga,Sagar,Arecanut,Kempugotu,FAQ,16899,24699,23319,2020-05-26
27474,Shimoga,Sagar,Arecanut,Kempugotu,FAQ,16899,28099,25099,2025-05-29
27482,Shimoga,Sagar,Arecanut,Kempugotu,FAQ,16989,27599,23699,2025-05-15
27483,Shimoga,Sagar,Arecanut,Kempugotu,FAQ,16989,29199,27599,2025-05-05
27493,Shimoga,Sagar,Arecanut,Kempugotu,FAQ,17299,23479,22899,2020-05-14
27497,Shimoga,Sagar,Arecanut,Kempugotu,FAQ,17399,38299,35899,2022-05-05
27498,Shimoga,Sagar,Arecanut,Kempugotu,FAQ,17599,27499,24919,2025-05-22
27525,Shimoga,Sagar,Arecanut,Kempugotu,FAQ,18499,22019,21369,2020-05-12
27526,Shimoga,Sagar,Arecanut,Kempugotu,FAQ,18499,22679,21569,2020-05-19
27527,Shimoga,Sagar,Arecanut,Kempugotu,FAQ,18501,21899,19311,2020-05-11
27528,Shimoga,Sagar,Arecanut,Kempugotu,FAQ,18510,28919,25699,2025-05-27
27592,Shimoga,Sagar,Arecanut,Kempugotu,FAQ,20199,35699,33199,2023-05-29
27595,Shimoga,Sagar,Arecanut,Kempugotu,FAQ,20289,34699,33199,2023-05-15
27596,Shimoga,Sagar,Arecanut,Kempugotu,FAQ,20290,36370,35170,2024-05-09
27599,Shimoga,Sagar,Arecanut,Kempugotu,FAQ,20319,39499,38309,2022-05-19
27609,Shimoga,Sagar,Arecanut,Kempugotu,FAQ,20569,35629,33299,2024-05-02
27610,Shimoga,Sagar,Arecanut,Kempugotu,FAQ,20569,37099,36299,2024-05-20
27614,Shimoga,Sagar,Arecanut,Kempugotu,FAQ,20690,36509,35699,2022-05-30
27629,Shimoga,Sagar,Arecanut,Kempugotu,FAQ,20899,38699,35299,2022-05-16
27706,Shimoga,Sagar,Arecanut,Kempugotu,FAQ,22989,36699,35399,2022-05-23
27708,Shimoga,Sagar,Arecanut,Kempugotu,FAQ,23099,26099,24899,2025-05-20
27742,Shimoga,Sagar,Arecanut,Kempugotu,FAQ,24219,40899,37589,2022-05-09
27768,Shimoga,Sagar,Arecanut,Kempugotu,FAQ,24899,34989,32199,2024-05-23
27781,Shimoga,Sagar,Arecanut,Kempugotu,FAQ,25111,35299,34899,2023-05-11
27797,Shimoga,Sagar,Arecanut,Kempugotu,FAQ,25599,36119,33699,2024-05-27
27819,Shimoga,Sagar,Arecanut,Kempugotu,FAQ,26299,36170,34699,2024-05-13
27822,Shimoga,Sagar,Arecanut,Kempugotu,FAQ,26389,38609,35699,2023-05-04
27824,Shimoga,Sagar,Arecanut,Kempugotu,FAQ,26569,35319,33299,2024-05-28
27825,Shimoga,Sagar,Arecanut,Kempugotu,FAQ,26572,36199,35899,2024-05-06
27826,Shimoga,Sagar,Arecanut,Kempugotu,FAQ,26599,35500,33199,2023-05-22
27842,Shimoga,Sagar,Arecanut,Kempugotu,FAQ,26989,34989,32399,2024-05-30
27855,Shimoga,Sagar,Arecanut,Kempugotu,FAQ,27359,38509,36800,2023-05-25
27872,Shimoga,Sagar,Arecanut,Kempugotu,FAQ,27929,40899,36699,2022-05-12
27891,Shimoga,Sagar,Arecanut,Kempugotu,FAQ,28569,37199,35299,2024-05-16
27900,Shimoga,Sagar,Arecanut,Kempugotu,FAQ,28899,36299,34299,2023-05-18
27907,Shimoga,Sagar,Arecanut,Kempugotu,FAQ,28989,35099,33519,2023-05-08
27925,Shimoga,Sagar,Arecanut,Kempugotu,FAQ,29499,38369,36799,2022-05-17
27945,Shimoga,Sagar,Arecanut,Kempugotu,FAQ,30199,38819,36199,2024-05-21
27971,Shimoga,Sagar,Arecanut,Kempugotu,FAQ,30899,34299,33299,2023-05-23
27983,Shimoga,Sagar,Arecanut,Kempugotu,FAQ,30919,34729,33939,2023-05-02
27984,Shimoga,Sagar,Arecanut,Kempugotu,FAQ,30989,33699,32495,2023-05-16
28021,Shimoga,Sagar,Arecanut,Kempugotu,FAQ,32499,34499,32499,2023-05-30
28026,Shimoga,Sagar,Arecanut,Kempugotu,FAQ,32699,34899,32699,2022-05-31
28030,Shimoga,Sagar,Arecanut,Kempugotu,FAQ,32899,34699,33699,2024-05-08
28038,Shimoga,Sagar,Arecanut,Kempugotu,FAQ,33099,36899,33099,2024-05-14
28044,Shimoga,Sagar,Arecanut,Kempugotu,FAQ,33319,33319,33319,2023-05-09
28067,Shimoga,Sagar,Arecanut,Kempugotu,FAQ,34879,37099,35309,2022-05-04
28082,Shimoga,Sagar,Arecanut,Kempugotu,FAQ,35709,35709,35709,2022-05-10
28086,Shimoga,Sagar,Arecanut,Kempugotu,FAQ,36199,36299,36199,2022-05-24
28105,Shimoga,Sagar,Arecanut,Rashi,FAQ,2869,35299,34699,2020-05-14
28113,Shimoga,Sagar,Arecanut,Rashi,FAQ,22899,35911,34711,2020-05-11
28115,Shimoga,Sagar,Arecanut,Rashi,FAQ,22899,57470,56621,2025-05-22
28116,Shimoga,Sagar,Arecanut,Rashi,FAQ,22989,53689,52699,2025-05-06
28136,Shimoga,Sagar,Arecanut,Rashi,FAQ,25569,33699,32099,2020-05-12
28153,Shimoga,Sagar,Arecanut,Rashi,FAQ,26899,57501,54399,2025-05-12
28155,Shimoga,Sagar,Arecanut,Rashi,FAQ,26899,58499,57099,2025-05-26
28179,Shimoga,Sagar,Arecanut,Rashi,FAQ,27369,35299,33699,2020-05-19
28181,Shimoga,Sagar,Arecanut,Rashi,FAQ,27399,38039,37319,2020-05-28
28209,Shimoga,Sagar,Arecanut,Rashi,FAQ,28009,37569,36599,2020-05-21
28251,Shimoga,Sagar,Arecanut,Rashi,FAQ,28989,52219,51699,2024-05-21
28282,Shimoga,Sagar,Arecanut,Rashi,FAQ,30022,57099,55019,2025-05-08
28321,Shimoga,Sagar,Arecanut,Rashi,FAQ,31000,58599,56799,2025-05-29
28322,Shimoga,Sagar,Arecanut,Rashi,FAQ,31009,31009,31009,2020-05-04
28335,Shimoga,Sagar,Arecanut,Rashi,FAQ,31209,54839,53699,2025-05-20
28337,Shimoga,Sagar,Arecanut,Rashi,FAQ,31299,36219,35699,2020-05-18
28350,Shimoga,Sagar,Arecanut,Rashi,FAQ,31699,53299,52699,2024-05-27
28371,Shimoga,Sagar,Arecanut,Rashi,FAQ,32109,58099,57011,2025-05-05
28375,Shimoga,Sagar,Arecanut,Rashi,FAQ,32199,57671,56621,2025-05-15
28389,Shimoga,Sagar,Arecanut,Rashi,FAQ,32599,52699,51799,2024-05-20
28392,Shimoga,Sagar,Arecanut,Rashi,FAQ,32669,36710,35599,2020-05-26
28399,Shimoga,Sagar,Arecanut,Rashi,FAQ,32709,51749,50399,2024-05-02
28412,Shimoga,Sagar,Arecanut,Rashi,FAQ,32969,49399,48699,2022-05-05
28415,Shimoga,Sagar,Arecanut,Rashi,FAQ,32989,54219,53209,2024-05-13
28420,Shimoga,Sagar,Arecanut,Rashi,FAQ,33009,47219,46159,2023-05-16
28427,Shimoga,Sagar,Arecanut,Rashi,FAQ,33199,52609,51799,2024-05-23
28437,Shimoga,Sagar,Arecanut,Rashi,FAQ,33469,48269,47599,2022-05-04
28449,Shimoga,Sagar,Arecanut,Rashi,FAQ,33786,50899,49899,2022-05-12
28457,Shimoga,Sagar,Arecanut,Rashi,FAQ,33899,57999,56009,2025-05-19
28459,Shimoga,Sagar,Arecanut,Rashi,FAQ,33919,50409,49599,2022-05-09
28463,Shimoga,Sagar,Arecanut,Rashi,FAQ,33989,49949,48669,2022-05-19
28479,Shimoga,Sagar,Arecanut,Rashi,FAQ,34129,50839,49699,2022-05-16
28489,Shimoga,Sagar,Arecanut,Rashi,FAQ,34299,48629,47499,2023-05-11
28490,Shimoga,Sagar,Arecanut,Rashi,FAQ,34299,49129,48299,2023-05-08
28491,Shimoga,Sagar,Arecanut,Rashi,FAQ,34299,49299,48699,2022-05-23
28508,Shimoga,Sagar,Arecanut,Rashi,FAQ,34699,48609,47899,2023-05-15
28509,Shimoga,Sagar,Arecanut,Rashi,FAQ,34699,48629,47899,2023-05-22
28540,Shimoga,Sagar,Arecanut,Rashi,FAQ,35099,52639,51699,2024-05-06
28545,Shimoga,Sagar,Arecanut,Rashi,FAQ,35211,47899,46899,2023-05-18
28569,Shimoga,Sagar,Arecanut,Rashi,FAQ,36000,48529,47699,2023-05-25
28576,Shimoga,Sagar,Arecanut,Rashi,FAQ,36077,53299,52699,2024-05-30
28583,Shimoga,Sagar,Arecanut,Rashi,FAQ,36199,52799,51699,2024-05-09
28597,Shimoga,Sagar,Arecanut,Rashi,FAQ,36699,48699,47699,2022-05-24
28599,Shimoga,Sagar,Arecanut,Rashi,FAQ,36699,53099,50829,2025-05-13
28611,Shimoga,Sagar,Arecanut,Rashi,FAQ,36899,48629,47699,2023-05-04
28630,Shimoga,Sagar,Arecanut,Rashi,FAQ,37119,53299,52699,2024-05-16
28640,Shimoga,Sagar,Arecanut,Rashi,FAQ,37299,49229,48699,2022-05-26
28678,Shimoga,Sagar,Arecanut,Rashi,FAQ,38489,49609,48899,2023-05-29
28694,Shimoga,Sagar,Arecanut,Rashi,FAQ,38899,56559,55299,2025-05-27
28786,Shimoga,Sagar,Arecanut,Rashi,FAQ,41899,51389,50849,2024-05-08
28794,Shimoga,Sagar,Arecanut,Rashi,FAQ,42009,49999,48699,2022-05-30
28797,Shimoga,Sagar,Arecanut,Rashi,FAQ,42050,48419,47699,2023-05-23
28811,Shimoga,Sagar,Arecanut,Rashi,FAQ,42699,42699,42699,2023-05-09
28817,Shimoga,Sagar,Arecanut,Rashi,FAQ,42899,48599,47499,2023-05-30
28830,Shimoga,Sagar,Arecanut,Rashi,FAQ,43299,53499,52799,2024-05-14
28836,Shimoga,Sagar,Arecanut,Rashi,FAQ,43899,52939,51899,2024-05-28
28840,Shimoga,Sagar,Arecanut,Rashi,FAQ,44009,49609,48599,2022-05-31
28854,Shimoga,Sagar,Arecanut,Rashi,FAQ,45009,46799,45009,2023-05-02
28873,Shimoga,Sagar,Arecanut,Rashi,FAQ,45899,50819,49069,2022-05-17
28887,Shimoga,Sagar,Arecanut,Rashi,FAQ,47699,50419,49899,2022-05-10
28903,Shimoga,Sagar,Arecanut,Sippegotu,FAQ,4074,21509,20969,2023-05-25
28931,Shimoga,Sagar,Arecanut,Sippegotu,FAQ,4786,23099,20459,2022-05-23
28938,Shimoga,Sagar,Arecanut,Sippegotu,FAQ,4899,21489,20899,2023-05-18
28947,Shimoga,Sagar,Arecanut,Sippegotu,FAQ,5079,21399,20600,2023-05-04
28965,Shimoga,Sagar,Arecanut,Sippegotu,FAQ,5290,21567,20899,2023-05-08
28976,Shimoga,Sagar,Arecanut,Sippegotu,FAQ,5600,21269,20799,2023-05-29
29008,Shimoga,Sagar,Arecanut,Sippegotu,FAQ,6099,18189,17569,2025-05-29
29036,Shimoga,Sagar,Arecanut,Sippegotu,FAQ,6300,21070,20770,2023-05-15
29038,Shimoga,Sagar,Arecanut,Sippegotu,FAQ,6310,20969,19211,2023-05-09
29059,Shimoga,Sagar,Arecanut,Sippegotu,FAQ,6701,21609,20599,2023-05-22
29080,Shimoga,Sagar,Arecanut,Sippegotu,FAQ,6899,19969,18589,2024-05-06
29081,Shimoga,Sagar,Arecanut,Sippegotu,FAQ,6899,21462,19539,2022-05-30
29086,Shimoga,Sagar,Arecanut,Sippegotu,FAQ,6969,21270,20899,2023-05-11
29095,Shimoga,Sagar,Arecanut,Sippegotu,FAQ,7092,18189,16719,2025-05-08
29100,Shimoga,Sagar,Arecanut,Sippegotu,FAQ,7099,17899,16899,2025-05-26
29103,Shimoga,Sagar,Arecanut,Sippegotu,FAQ,7100,13699,12569,2020-05-28
29111,Shimoga,Sagar,Arecanut,Sippegotu,FAQ,7119,21592,20809,2022-05-05
29112,Shimoga,Sagar,Arecanut,Sippegotu,FAQ,7161,17600,16899,2025-05-12
29138,Shimoga,Sagar,Arecanut,Sippegotu,FAQ,7432,17889,16729,2025-05-22
29145,Shimoga,Sagar,Arecanut,Sippegotu,FAQ,7599,18499,17639,2025-05-19
29148,Shimoga,Sagar,Arecanut,Sippegotu,FAQ,7700,17909,16019,2025-05-15
29162,Shimoga,Sagar,Arecanut,Sippegotu,FAQ,7899,21399,20832,2022-05-09
29181,Shimoga,Sagar,Arecanut,Sippegotu,FAQ,8087,12889,11609,2020-05-11
29206,Shimoga,Sagar,Arecanut,Sippegotu,FAQ,8269,17869,8269,2025-05-20
29207,Shimoga,Sagar,Arecanut,Sippegotu,FAQ,8269,18445,17675,2025-05-06
29240,Shimoga,Sagar,Arecanut,Sippegotu,FAQ,8669,14019,13329,2020-05-21
29249,Shimoga,Sagar,Arecanut,Sippegotu,FAQ,8786,19589,18469,2024-05-30
29252,Shimoga,Sagar,Arecanut,Sippegotu,FAQ,8832,19169,17599,2025-05-05
29261,Shimoga,Sagar,Arecanut,Sippegotu,FAQ,8899,13399,12689,2020-05-18
29323,Shimoga,Sagar,Arecanut,Sippegotu,FAQ,10112,21269,19369,2024-05-23
29328,Shimoga,Sagar,Arecanut,Sippegotu,FAQ,10199,20669,19735,2024-05-16
29352,Shimoga,Sagar,Arecanut,Sippegotu,FAQ,10529,13099,12500,2020-05-26
29353,Shimoga,Sagar,Arecanut,Sippegotu,FAQ,10569,20277,19799,2024-05-20
29363,Shimoga,Sagar,Arecanut,Sippegotu,FAQ,10699,13599,11349,2020-05-19
29366,Shimoga,Sagar,Arecanut,Sippegotu,FAQ,10700,17877,15095,2025-05-13
29390,Shimoga,Sagar,Arecanut,Sippegotu,FAQ,11169,21799,20699,2022-05-19
29411,Shimoga,Sagar,Arecanut,Sippegotu,FAQ,11608,12249,11608,2020-05-12
29420,Shimoga,Sagar,Arecanut,Sippegotu,FAQ,11900,12300,11900,2020-05-04
29421,Shimoga,Sagar,Arecanut,Sippegotu,FAQ,11909,13159,12919,2020-05-14
29434,Shimoga,Sagar,Arecanut,Sippegotu,FAQ,12199,22159,21689,2022-05-12
29445,Shimoga,Sagar,Arecanut,Sippegotu,FAQ,12369,20235,19789,2024-05-28
29450,Shimoga,Sagar,Arecanut,Sippegotu,FAQ,12599,21770,20650,2022-05-16
29475,Shimoga,Sagar,Arecanut,Sippegotu,FAQ,13255,21099,20599,2024-05-13
29500,Shimoga,Sagar,Arecanut,Sippegotu,FAQ,14099,20699,18700,2024-05-14
29501,Shimoga,Sagar,Arecanut,Sippegotu,FAQ,14209,21249,19069,2024-05-27
29511,Shimoga,Sagar,Arecanut,Sippegotu,FAQ,14631,20829,19631,2023-05-02
29560,Shimoga,Sagar,Arecanut,Sippegotu,FAQ,16109,17770,16869,2025-05-27
29561,Shimoga,Sagar,Arecanut,Sippegotu,FAQ,16119,19919,18569,2024-05-02
29579,Shimoga,Sagar,Arecanut,Sippegotu,FAQ,16500,21513,20600,2022-05-26
29592,Shimoga,Sagar,Arecanut,Sippegotu,FAQ,17010,20299,19599,2024-05-09
29595,Shimoga,Sagar,Arecanut,Sippegotu,FAQ,17111,20199,19569,2024-05-21
29624,Shimoga,Sagar,Arecanut,Sippegotu,FAQ,18069,21200,20699,2022-05-04
29643,Shimoga,Sagar,Arecanut,Sippegotu,FAQ,19309,21709,20499,2022-05-17
29655,Shimoga,Sagar,Arecanut,Sippegotu,FAQ,19739,19739,19739,2024-05-08
29658,Shimoga,Sagar,Arecanut,Sippegotu,FAQ,19866,21399,20399,2023-05-16
29660,Shimoga,Sagar,Arecanut,Sippegotu,FAQ,20009,21710,20009,2022-05-24
29666,Shimoga,Sagar,Arecanut,Sippegotu,FAQ,20249,20249,20249,2023-05-17
29668,Shimoga,Sagar,Arecanut,Sippegotu,FAQ,20271,21199,20271,2023-05-23
29669,Shimoga,Sagar,Arecanut,Sippegotu,FAQ,20389,20889,20389,2023-05-30
29674,Shimoga,Sagar,Arecanut,Sippegotu,FAQ,20560,21133,20560,2022-05-31
29683,Shimoga,Sagar,Arecanut,Sippegotu,FAQ,21300,21400,21300,2022-05-10
25077,Shimoga,Sagar,Arecanut,Bilegotu,FAQ,7119,26199,24299,2025-05-12
25098,Shimoga,Sagar,Arecanut,Bilegotu,FAQ,8129,26696,23599,2025-05-29
25108,Shimoga,Sagar,Arecanut,Bilegotu,FAQ,8677,27832,24699,2025-05-22
25111,Shimoga,Sagar,Arecanut,Bilegotu,FAQ,8919,28121,26099,2025-05-26
25116,Shimoga,Sagar,Arecanut,Bilegotu,FAQ,9399,21109,18899,2020-05-21
25142,Shimoga,Sagar,Arecanut,Bilegotu,FAQ,10101,26099,24611,2025-05-15
25156,Shimoga,Sagar,Arecanut,Bilegotu,FAQ,10199,26800,25800,2025-05-05
25159,Shimoga,Sagar,Arecanut,Bilegotu,FAQ,10199,29699,28077,2024-05-02
25167,Shimoga,Sagar,Arecanut,Bilegotu,FAQ,10611,27199,26799,2025-05-19
25173,Shimoga,Sagar,Arecanut,Bilegotu,FAQ,10700,27199,24899,2025-05-08
25206,Shimoga,Sagar,Arecanut,Bilegotu,FAQ,12077,31077,30077,2024-05-20
25214,Shimoga,Sagar,Arecanut,Bilegotu,FAQ,12099,28011,23611,2025-05-13
25225,Shimoga,Sagar,Arecanut,Bilegotu,FAQ,12219,17899,16599,2020-05-11
25237,Shimoga,Sagar,Arecanut,Bilegotu,FAQ,12690,30266,28169,2022-05-30
25249,Shimoga,Sagar,Arecanut,Bilegotu,FAQ,13099,19699,18499,2020-05-18
25257,Shimoga,Sagar,Arecanut,Bilegotu,FAQ,13299,18929,17699,2020-05-19
25272,Shimoga,Sagar,Arecanut,Bilegotu,FAQ,14099,20509,18399,2020-05-14
25273,Shimoga,Sagar,Arecanut,Bilegotu,FAQ,14099,21879,19099,2020-05-28
25299,Shimoga,Sagar,Arecanut,Bilegotu,FAQ,14699,17609,16509,2020-05-12
25315,Shimoga,Sagar,Arecanut,Bilegotu,FAQ,14989,28599,27899,2024-05-30
25334,Shimoga,Sagar,Arecanut,Bilegotu,FAQ,15189,16589,15189,2020-05-04
25353,Shimoga,Sagar,Arecanut,Bilegotu,FAQ,15690,31170,30770,2023-05-16
25378,Shimoga,Sagar,Arecanut,Bilegotu,FAQ,16110,32569,29300,2022-05-26
25385,Shimoga,Sagar,Arecanut,Bilegotu,FAQ,16210,24899,23899,2025-05-27
25396,Shimoga,Sagar,Arecanut,Bilegotu,FAQ,16569,31011,29511,2024-05-23
25405,Shimoga,Sagar,Arecanut,Bilegotu,FAQ,16811,32299,30999,2023-05-22
25414,Shimoga,Sagar,Arecanut,Bilegotu,FAQ,16909,19119,18699,2020-05-26
25421,Shimoga,Sagar,Arecanut,Bilegotu,FAQ,17199,28672,27572,2024-05-06
25441,Shimoga,Sagar,Arecanut,Bilegotu,FAQ,18000,29389,28299,2022-05-05
25508,Shimoga,Sagar,Arecanut,Bilegotu,FAQ,19269,30211,28299,2024-05-27
25515,Shimoga,Sagar,Arecanut,Bilegotu,FAQ,19599,27199,26199,2025-05-06
25536,Shimoga,Sagar,Arecanut,Bilegotu,FAQ,20100,31599,30199,2024-05-13
25548,Shimoga,Sagar,Arecanut,Bilegotu,FAQ,20199,34653,32209,2022-05-19
25573,Shimoga,Sagar,Arecanut,Bilegotu,FAQ,20899,34369,28059,2022-05-04
25586,Shimoga,Sagar,Arecanut,Bilegotu,FAQ,21299,31150,30729,2023-05-15
25588,Shimoga,Sagar,Arecanut,Bilegotu,FAQ,21569,31099,30300,2023-05-08
25592,Shimoga,Sagar,Arecanut,Bilegotu,FAQ,21611,25587,24111,2025-05-20
25602,Shimoga,Sagar,Arecanut,Bilegotu,FAQ,22099,32289,31800,2023-05-25
25607,Shimoga,Sagar,Arecanut,Bilegotu,FAQ,22119,31501,29409,2022-05-12
25636,Shimoga,Sagar,Arecanut,Bilegotu,FAQ,22989,29625,28609,2024-05-09
25638,Shimoga,Sagar,Arecanut,Bilegotu,FAQ,22989,31566,30211,2024-05-16
25641,Shimoga,Sagar,Arecanut,Bilegotu,FAQ,23099,30470,29599,2023-05-04
25662,Shimoga,Sagar,Arecanut,Bilegotu,FAQ,23899,30199,28499,2022-05-09
25672,Shimoga,Sagar,Arecanut,Bilegotu,FAQ,24009,31889,29099,2022-05-23
25711,Shimoga,Sagar,Arecanut,Bilegotu,FAQ,25409,30399,29889,2022-05-16
25724,Shimoga,Sagar,Arecanut,Bilegotu,FAQ,26169,32299,31489,2023-05-29
25738,Shimoga,Sagar,Arecanut,Bilegotu,FAQ,26989,29729,28699,2022-05-24
25739,Shimoga,Sagar,Arecanut,Bilegotu,FAQ,27001,32199,30599,2023-05-11
25746,Shimoga,Sagar,Arecanut,Bilegotu,FAQ,27199,28699,27199,2024-05-28
25748,Shimoga,Sagar,Arecanut,Bilegotu,FAQ,27370,28899,27370,2022-05-31
25752,Shimoga,Sagar,Arecanut,Bilegotu,FAQ,27699,27809,27699,2024-05-08
25753,Shimoga,Sagar,Arecanut,Bilegotu,FAQ,27699,29599,28385,2024-05-21
25760,Shimoga,Sagar,Arecanut,Bilegotu,FAQ,27799,32299,29989,2022-05-17
25770,Shimoga,Sagar,Arecanut,Bilegotu,FAQ,28532,32044,31889,2023-05-23
25771,Shimoga,Sagar,Arecanut,Bilegotu,FAQ,28579,29499,28579,2022-05-10
25784,Shimoga,Sagar,Arecanut,Bilegotu,FAQ,29009,32199,30786,2023-05-18
25793,Shimoga,Sagar,Arecanut,Bilegotu,FAQ,29411,30349,29699,2023-05-02
25794,Shimoga,Sagar,Arecanut,Bilegotu,FAQ,29411,30489,29411,2023-05-09
25798,Shimoga,Sagar,Arecanut,Bilegotu,FAQ,29899,30099,29899,2024-05-14
25804,Shimoga,Sagar,Arecanut,Bilegotu,FAQ,30399,31989,30399,2023-05-30
25847,Shimoga,Sagar,Arecanut,Chali,FAQ,15399,25309,24603,2020-05-12
25849,Shimoga,Sagar,Arecanut,Chali,FAQ,15899,39299,38606,2025-05-29
25851,Shimoga,Sagar,Arecanut,Chali,FAQ,16099,39019,37509,2025-05-22
25855,Shimoga,Sagar,Arecanut,Chali,FAQ,16899,39501,37039,2025-05-12
25869,Shimoga,Sagar,Arecanut,Chali,FAQ,18599,26499,25599,2020-05-28
25870,Shimoga,Sagar,Arecanut,Chali,FAQ,18609,25395,24599,2020-05-14
25881,Shimoga,Sagar,Arecanut,Chali,FAQ,18961,39299,38509,2025-05-08
25909,Shimoga,Sagar,Arecanut,Chali,FAQ,20170,39219,37621,2025-05-15
25944,Shimoga,Sagar,Arecanut,Chali,FAQ,20999,25461,24469,2020-05-11
25975,Shimoga,Sagar,Arecanut,Chali,FAQ,21700,26099,25799,2020-05-18
26000,Shimoga,Sagar,Arecanut,Chali,FAQ,22699,39309,38099,2025-05-19
26010,Shimoga,Sagar,Arecanut,Chali,FAQ,22999,26399,25699,2020-05-21
26022,Shimoga,Sagar,Arecanut,Chali,FAQ,23299,25699,24699,2020-05-26
26023,Shimoga,Sagar,Arecanut,Chali,FAQ,23299,26899,25699,2020-05-19
26040,Shimoga,Sagar,Arecanut,Chali,FAQ,24299,25699,25199,2020-05-04
26063,Shimoga,Sagar,Arecanut,Chali,FAQ,24989,36609,35309,2024-05-30
26102,Shimoga,Sagar,Arecanut,Chali,FAQ,26199,39499,37599,2025-05-26
26104,Shimoga,Sagar,Arecanut,Chali,FAQ,26269,34725,33899,2024-05-02
26119,Shimoga,Sagar,Arecanut,Chali,FAQ,26869,36319,35599,2024-05-23
26127,Shimoga,Sagar,Arecanut,Chali,FAQ,26899,39611,38709,2025-05-05
26145,Shimoga,Sagar,Arecanut,Chali,FAQ,27599,38969,37699,2022-05-09
26152,Shimoga,Sagar,Arecanut,Chali,FAQ,27989,36529,35899,2024-05-20
26155,Shimoga,Sagar,Arecanut,Chali,FAQ,28077,36349,35699,2024-05-13
26178,Shimoga,Sagar,Arecanut,Chali,FAQ,28690,38499,37499,2022-05-23
26222,Shimoga,Sagar,Arecanut,Chali,FAQ,29799,36636,35699,2023-05-04
26241,Shimoga,Sagar,Arecanut,Chali,FAQ,30120,36759,35699,2023-05-18
26251,Shimoga,Sagar,Arecanut,Chali,FAQ,30490,36999,36299,2023-05-15
26265,Shimoga,Sagar,Arecanut,Chali,FAQ,30699,36599,35099,2023-05-25
26273,Shimoga,Sagar,Arecanut,Chali,FAQ,30899,36539,35599,2024-05-27
26318,Shimoga,Sagar,Arecanut,Chali,FAQ,31699,36889,35899,2023-05-22
26322,Shimoga,Sagar,Arecanut,Chali,FAQ,31699,37671,35555,2024-05-09
26332,Shimoga,Sagar,Arecanut,Chali,FAQ,31899,34799,33611,2024-05-06
26342,Shimoga,Sagar,Arecanut,Chali,FAQ,31989,38786,37899,2022-05-30
26353,Shimoga,Sagar,Arecanut,Chali,FAQ,32099,36699,35799,2023-05-11
26373,Shimoga,Sagar,Arecanut,Chali,FAQ,32399,36299,35699,2024-05-16
26387,Shimoga,Sagar,Arecanut,Chali,FAQ,32609,38339,37499,2022-05-04
26403,Shimoga,Sagar,Arecanut,Chali,FAQ,33009,38899,37599,2022-05-05
26408,Shimoga,Sagar,Arecanut,Chali,FAQ,33099,36600,35699,2023-05-08
26412,Shimoga,Sagar,Arecanut,Chali,FAQ,33099,37839,34699,2024-05-28
26414,Shimoga,Sagar,Arecanut,Chali,FAQ,33099,38899,37699,2022-05-19
26433,Shimoga,Sagar,Arecanut,Chali,FAQ,33409,38529,37899,2022-05-26
26438,Shimoga,Sagar,Arecanut,Chali,FAQ,33599,38411,37311,2025-05-27
26459,Shimoga,Sagar,Arecanut,Chali,FAQ,34199,34611,34199,2024-05-08
26470,Shimoga,Sagar,Arecanut,Chali,FAQ,34599,36429,34599,2023-05-02
26472,Shimoga,Sagar,Arecanut,Chali,FAQ,34609,39159,38799,2022-05-16
26476,Shimoga,Sagar,Arecanut,Chali,FAQ,34699,36609,36099,2023-05-29
26483,Shimoga,Sagar,Arecanut,Chali,FAQ,34819,36119,35739,2024-05-21
26487,Shimoga,Sagar,Arecanut,Chali,FAQ,34899,39120,38820,2025-05-06
26495,Shimoga,Sagar,Arecanut,Chali,FAQ,35109,36111,35109,2024-05-14
26497,Shimoga,Sagar,Arecanut,Chali,FAQ,35166,39009,38699,2022-05-12
26499,Shimoga,Sagar,Arecanut,Chali,FAQ,35299,36400,35299,2023-05-16
26507,Shimoga,Sagar,Arecanut,Chali,FAQ,35649,35649,35649,2024-05-22
26510,Shimoga,Sagar,Arecanut,Chali,FAQ,35699,36509,35699,2023-05-23
26511,Shimoga,Sagar,Arecanut,Chali,FAQ,35699,37141,36699,2025-05-20
26513,Shimoga,Sagar,Arecanut,Chali,FAQ,35699,38529,37299,2025-05-13
26518,Shimoga,Sagar,Arecanut,Chali,FAQ,35809,35899,35809,2023-05-09
26524,Shimoga,Sagar,Arecanut,Chali,FAQ,36009,36549,36009,2023-05-30
26525,Shimoga,Sagar,Arecanut,Chali,FAQ,36009,38599,37899,2022-05-17
26538,Shimoga,Sagar,Arecanut,Chali,FAQ,36399,38403,36399,2022-05-31
26539,Shimoga,Sagar,Arecanut,Chali,FAQ,36499,38099,37499,2022-05-24
26593,Shimoga,Sagar,Arecanut,Chali,FAQ,38299,38609,38299,2022-05-10
26648,Shimoga,Sagar,Arecanut,Cqca,FAQ,6585,22799,21599,2020-05-28
26667,Shimoga,Sagar,Arecanut,Cqca,FAQ,7569,18399,17499,2025-05-12
26680,Shimoga,Sagar,Arecanut,Cqca,FAQ,8099,19989,16899,2025-05-15
26690,Shimoga,Sagar,Arecanut,Cqca,FAQ,8129,20209,19899,2020-05-21
26691,Shimoga,Sagar,Arecanut,Cqca,FAQ,8129,21399,20399,2025-05-29
26702,Shimoga,Sagar,Arecanut,Cqca,FAQ,8290,20899,18699,2020-05-18
26718,Shimoga,Sagar,Arecanut,Cqca,FAQ,8569,20899,18899,2025-05-08
26719,Shimoga,Sagar,Arecanut,Cqca,FAQ,8569,24699,20899,2025-05-05
26722,Shimoga,Sagar,Arecanut,Cqca,FAQ,8669,20899,16899,2025-05-26
26734,Shimoga,Sagar,Arecanut,Cqca,FAQ,8919,18999,16699,2025-05-22
26735,Shimoga,Sagar,Arecanut,Cqca,FAQ,8925,18799,17399,2020-05-14
26754,Shimoga,Sagar,Arecanut,Cqca,FAQ,9369,24509,23009,2025-05-19
26764,Shimoga,Sagar,Arecanut,Cqca,FAQ,10009,20899,18899,2025-05-27
26772,Shimoga,Sagar,Arecanut,Cqca,FAQ,10129,19509,18905,2020-05-11
26781,Shimoga,Sagar,Arecanut,Cqca,FAQ,10199,30199,29899,2024-05-06
26782,Shimoga,Sagar,Arecanut,Cqca,FAQ,10199,30699,26899,2024-05-30
26801,Shimoga,Sagar,Arecanut,Cqca,FAQ,10786,31699,29599,2024-05-02
26804,Shimoga,Sagar,Arecanut,Cqca,FAQ,10899,16899,10899,2020-05-12
26834,Shimoga,Sagar,Arecanut,Cqca,FAQ,12110,35899,32399,2022-05-26
26841,Shimoga,Sagar,Arecanut,Cqca,FAQ,12185,18799,17699,2020-05-26
26852,Shimoga,Sagar,Arecanut,Cqca,FAQ,12581,20299,12581,2025-05-20
26865,Shimoga,Sagar,Arecanut,Cqca,FAQ,13000,29000,27011,2024-05-23
26867,Shimoga,Sagar,Arecanut,Cqca,FAQ,13017,30199,29699,2024-05-09
26868,Shimoga,Sagar,Arecanut,Cqca,FAQ,13099,18899,17099,2020-05-19
26886,Shimoga,Sagar,Arecanut,Cqca,FAQ,13869,36199,35199,2022-05-30
26912,Shimoga,Sagar,Arecanut,Cqca,FAQ,14499,32199,30001,2024-05-20
26919,Shimoga,Sagar,Arecanut,Cqca,FAQ,14619,32199,31899,2024-05-13
26954,Shimoga,Sagar,Arecanut,Cqca,FAQ,15299,15299,15299,2025-05-06
26966,Shimoga,Sagar,Arecanut,Cqca,FAQ,16009,36259,35499,2022-05-19
26983,Shimoga,Sagar,Arecanut,Cqca,FAQ,16299,34639,33699,2022-05-05
26991,Shimoga,Sagar,Arecanut,Cqca,FAQ,16699,33899,31099,2023-05-04
26992,Shimoga,Sagar,Arecanut,Cqca,FAQ,16699,34801,32099,2023-05-25
26998,Shimoga,Sagar,Arecanut,Cqca,FAQ,16899,28055,22609,2025-05-13
27036,Shimoga,Sagar,Arecanut,Cqca,FAQ,18219,32699,30261,2024-05-16
27043,Shimoga,Sagar,Arecanut,Cqca,FAQ,18499,18499,18499,2020-05-04
27057,Shimoga,Sagar,Arecanut,Cqca,FAQ,18989,31673,29899,2024-05-27
27060,Shimoga,Sagar,Arecanut,Cqca,FAQ,18989,33699,32699,2023-05-08
27063,Shimoga,Sagar,Arecanut,Cqca,FAQ,19119,33199,31099,2023-05-18
27078,Shimoga,Sagar,Arecanut,Cqca,FAQ,19799,33899,31699,2023-05-22
27086,Shimoga,Sagar,Arecanut,Cqca,FAQ,20009,36299,35699,2022-05-12
27102,Shimoga,Sagar,Arecanut,Cqca,FAQ,20599,33453,32869,2023-05-29
27116,Shimoga,Sagar,Arecanut,Cqca,FAQ,21099,32899,31100,2023-05-11
27126,Shimoga,Sagar,Arecanut,Cqca,FAQ,21219,35299,33659,2022-05-23
27143,Shimoga,Sagar,Arecanut,Cqca,FAQ,22099,32289,31100,2023-05-15
27152,Shimoga,Sagar,Arecanut,Cqca,FAQ,22599,35509,32009,2022-05-04
27193,Shimoga,Sagar,Arecanut,Cqca,FAQ,24223,31989,30611,2023-05-16
27198,Shimoga,Sagar,Arecanut,Cqca,FAQ,24369,33099,32653,2022-05-16
27210,Shimoga,Sagar,Arecanut,Cqca,FAQ,24989,31699,28899,2024-05-28
27217,Shimoga,Sagar,Arecanut,Cqca,FAQ,25299,35299,33299,2022-05-09
27229,Shimoga,Sagar,Arecanut,Cqca,FAQ,26111,33409,26111,2023-05-09
27255,Shimoga,Sagar,Arecanut,Cqca,FAQ,28099,28099,28099,2022-05-24
27281,Shimoga,Sagar,Arecanut,Cqca,FAQ,28989,34399,33499,2023-05-23
27286,Shimoga,Sagar,Arecanut,Cqca,FAQ,29290,35699,29290,2022-05-10
27308,Shimoga,Sagar,Arecanut,Cqca,FAQ,30699,30699,30699,2023-05-02
27317,Shimoga,Sagar,Arecanut,Cqca,FAQ,31299,34569,33969,2022-05-31
27320,Shimoga,Sagar,Arecanut,Cqca,FAQ,32219,35819,34499,2022-05-17
27323,Shimoga,Sagar,Arecanut,Cqca,FAQ,32799,32929,32799,2024-05-14
27369,Shimoga,Sagar,Arecanut,Kempugotu,FAQ,11019,28669,26599,2025-05-19
27378,Shimoga,Sagar,Arecanut,Kempugotu,FAQ,12219,39599,36509,2022-05-26
27384,Shimoga,Sagar,Arecanut,Kempugotu,FAQ,12899,25469,21899,2025-05-12
27387,Shimoga,Sagar,Arecanut,Kempugotu,FAQ,12899,28839,24319,2025-05-08
27437,Shimoga,Sagar,Arecanut,Kempugotu,FAQ,15399,24069,23319,2020-05-21
27438,Shimoga,Sagar,Arecanut,Kempugotu,FAQ,15399,24889,23399,2020-05-28
27448,Shimoga,Sagar,Arecanut,Kempugotu,FAQ,15989,27000,26699,2025-05-26
27460,Shimoga,Sagar,Arecanut,Kempugotu,FAQ,16299,23809,22619,2020-05-18
27465,Shimoga,Sagar,Arecanut,Kempugotu,FAQ,16699,23200,21899,2025-05-06
27472,Shimoga,Sagar,Arecanut,Kempugotu,FAQ,16899,24699,23319,2020-05-26
27474,Shimoga,Sagar,Arecanut,Kempugotu,FAQ,16899,28099,25099,2025-05-29
27482,Shimoga,Sagar,Arecanut,Kempugotu,FAQ,16989,27599,23699,2025-05-15
27483,Shimoga,Sagar,Arecanut,Kempugotu,FAQ,16989,29199,27599,2025-05-05
27493,Shimoga,Sagar,Arecanut,Kempugotu,FAQ,17299,23479,22899,2020-05-14
27497,Shimoga,Sagar,Arecanut,Kempugotu,FAQ,17399,38299,35899,2022-05-05
27498,Shimoga,Sagar,Arecanut,Kempugotu,FAQ,17599,27499,24919,2025-05-22
27525,Shimoga,Sagar,Arecanut,Kempugotu,FAQ,18499,22019,21369,2020-05-12
27526,Shimoga,Sagar,Arecanut,Kempugotu,FAQ,18499,22679,21569,2020-05-19
27527,Shimoga,Sagar,Arecanut,Kempugotu,FAQ,18501,21899,19311,2020-05-11
27528,Shimoga,Sagar,Arecanut,Kempugotu,FAQ,18510,28919,25699,2025-05-27
27592,Shimoga,Sagar,Arecanut,Kempugotu,FAQ,20199,35699,33199,2023-05-29
27595,Shimoga,Sagar,Arecanut,Kempugotu,FAQ,20289,34699,33199,2023-05-15
27596,Shimoga,Sagar,Arecanut,Kempugotu,FAQ,20290,36370,35170,2024-05-09
27599,Shimoga,Sagar,Arecanut,Kempugotu,FAQ,20319,39499,38309,2022-05-19
27609,Shimoga,Sagar,Arecanut,Kempugotu,FAQ,20569,35629,33299,2024-05-02
27610,Shimoga,Sagar,Arecanut,Kempugotu,FAQ,20569,37099,36299,2024-05-20
27614,Shimoga,Sagar,Arecanut,Kempugotu,FAQ,20690,36509,35699,2022-05-30
27629,Shimoga,Sagar,Arecanut,Kempugotu,FAQ,20899,38699,35299,2022-05-16
27706,Shimoga,Sagar,Arecanut,Kempugotu,FAQ,22989,36699,35399,2022-05-23
27708,Shimoga,Sagar,Arecanut,Kempugotu,FAQ,23099,26099,24899,2025-05-20
27742,Shimoga,Sagar,Arecanut,Kempugotu,FAQ,24219,40899,37589,2022-05-09
27768,Shimoga,Sagar,Arecanut,Kempugotu,FAQ,24899,34989,32199,2024-05-23
27781,Shimoga,Sagar,Arecanut,Kempugotu,FAQ,25111,35299,34899,2023-05-11
27797,Shimoga,Sagar,Arecanut,Kempugotu,FAQ,25599,36119,33699,2024-05-27
27819,Shimoga,Sagar,Arecanut,Kempugotu,FAQ,26299,36170,34699,2024-05-13
27822,Shimoga,Sagar,Arecanut,Kempugotu,FAQ,26389,38609,35699,2023-05-04
27824,Shimoga,Sagar,Arecanut,Kempugotu,FAQ,26569,35319,33299,2024-05-28
27825,Shimoga,Sagar,Arecanut,Kempugotu,FAQ,26572,36199,35899,2024-05-06
27826,Shimoga,Sagar,Arecanut,Kempugotu,FAQ,26599,35500,33199,2023-05-22
27842,Shimoga,Sagar,Arecanut,Kempugotu,FAQ,26989,34989,32399,2024-05-30
27855,Shimoga,Sagar,Arecanut,Kempugotu,FAQ,27359,38509,36800,2023-05-25
27872,Shimoga,Sagar,Arecanut,Kempugotu,FAQ,27929,40899,36699,2022-05-12
27891,Shimoga,Sagar,Arecanut,Kempugotu,FAQ,28569,37199,35299,2024-05-16
27900,Shimoga,Sagar,Arecanut,Kempugotu,FAQ,28899,36299,34299,2023-05-18
27907,Shimoga,Sagar,Arecanut,Kempugotu,FAQ,28989,35099,33519,2023-05-08
27925,Shimoga,Sagar,Arecanut,Kempugotu,FAQ,29499,38369,36799,2022-05-17
27945,Shimoga,Sagar,Arecanut,Kempugotu,FAQ,30199,38819,36199,2024-05-21
27971,Shimoga,Sagar,Arecanut,Kempugotu,FAQ,30899,34299,33299,2023-05-23
27983,Shimoga,Sagar,Arecanut,Kempugotu,FAQ,30919,34729,33939,2023-05-02
27984,Shimoga,Sagar,Arecanut,Kempugotu,FAQ,30989,33699,32495,2023-05-16
28021,Shimoga,Sagar,Arecanut,Kempugotu,FAQ,32499,34499,32499,2023-05-30
28026,Shimoga,Sagar,Arecanut,Kempugotu,FAQ,32699,34899,32699,2022-05-31
28030,Shimoga,Sagar,Arecanut,Kempugotu,FAQ,32899,34699,33699,2024-05-08
28038,Shimoga,Sagar,Arecanut,Kempugotu,FAQ,33099,36899,33099,2024-05-14
28044,Shimoga,Sagar,Arecanut,Kempugotu,FAQ,33319,33319,33319,2023-05-09
28067,Shimoga,Sagar,Arecanut,Kempugotu,FAQ,34879,37099,35309,2022-05-04
28082,Shimoga,Sagar,Arecanut,Kempugotu,FAQ,35709,35709,35709,2022-05-10
28086,Shimoga,Sagar,Arecanut,Kempugotu,FAQ,36199,36299,36199,2022-05-24
28105,Shimoga,Sagar,Arecanut,Rashi,FAQ,2869,35299,34699,2020-05-14
28113,Shimoga,Sagar,Arecanut,Rashi,FAQ,22899,35911,34711,2020-05-11
28115,Shimoga,Sagar,Arecanut,Rashi,FAQ,22899,57470,56621,2025-05-22
28116,Shimoga,Sagar,Arecanut,Rashi,FAQ,22989,53689,52699,2025-05-06
28136,Shimoga,Sagar,Arecanut,Rashi,FAQ,25569,33699,32099,2020-05-12
28153,Shimoga,Sagar,Arecanut,Rashi,FAQ,26899,57501,54399,2025-05-12
28155,Shimoga,Sagar,Arecanut,Rashi,FAQ,26899,58499,57099,2025-05-26
28179,Shimoga,Sagar,Arecanut,Rashi,FAQ,27369,35299,33699,2020-05-19
28181,Shimoga,Sagar,Arecanut,Rashi,FAQ,27399,38039,37319,2020-05-28
28209,Shimoga,Sagar,Arecanut,Rashi,FAQ,28009,37569,36599,2020-05-21
28251,Shimoga,Sagar,Arecanut,Rashi,FAQ,28989,52219,51699,2024-05-21
28282,Shimoga,Sagar,Arecanut,Rashi,FAQ,30022,57099,55019,2025-05-08
28321,Shimoga,Sagar,Arecanut,Rashi,FAQ,31000,58599,56799,2025-05-29
28322,Shimoga,Sagar,Arecanut,Rashi,FAQ,31009,31009,31009,2020-05-04
28335,Shimoga,Sagar,Arecanut,Rashi,FAQ,31209,54839,53699,2025-05-20
28337,Shimoga,Sagar,Arecanut,Rashi,FAQ,31299,36219,35699,2020-05-18
28350,Shimoga,Sagar,Arecanut,Rashi,FAQ,31699,53299,52699,2024-05-27
28371,Shimoga,Sagar,Arecanut,Rashi,FAQ,32109,58099,57011,2025-05-05
28375,Shimoga,Sagar,Arecanut,Rashi,FAQ,32199,57671,56621,2025-05-15
28389,Shimoga,Sagar,Arecanut,Rashi,FAQ,32599,52699,51799,2024-05-20
28392,Shimoga,Sagar,Arecanut,Rashi,FAQ,32669,36710,35599,2020-05-26
28399,Shimoga,Sagar,Arecanut,Rashi,FAQ,32709,51749,50399,2024-05-02
28412,Shimoga,Sagar,Arecanut,Rashi,FAQ,32969,49399,48699,2022-05-05
28415,Shimoga,Sagar,Arecanut,Rashi,FAQ,32989,54219,53209,2024-05-13
28420,Shimoga,Sagar,Arecanut,Rashi,FAQ,33009,47219,46159,2023-05-16
28427,Shimoga,Sagar,Arecanut,Rashi,FAQ,33199,52609,51799,2024-05-23
28437,Shimoga,Sagar,Arecanut,Rashi,FAQ,33469,48269,47599,2022-05-04
28449,Shimoga,Sagar,Arecanut,Rashi,FAQ,33786,50899,49899,2022-05-12
28457,Shimoga,Sagar,Arecanut,Rashi,FAQ,33899,57999,56009,2025-05-19
28459,Shimoga,Sagar,Arecanut,Rashi,FAQ,33919,50409,49599,2022-05-09
28463,Shimoga,Sagar,Arecanut,Rashi,FAQ,33989,49949,48669,2022-05-19
28479,Shimoga,Sagar,Arecanut,Rashi,FAQ,34129,50839,49699,2022-05-16
28489,Shimoga,Sagar,Arecanut,Rashi,FAQ,34299,48629,47499,2023-05-11
28490,Shimoga,Sagar,Arecanut,Rashi,FAQ,34299,49129,48299,2023-05-08
28491,Shimoga,Sagar,Arecanut,Rashi,FAQ,34299,49299,48699,2022-05-23
28508,Shimoga,Sagar,Arecanut,Rashi,FAQ,34699,48609,47899,2023-05-15
28509,Shimoga,Sagar,Arecanut,Rashi,FAQ,34699,48629,47899,2023-05-22
28540,Shimoga,Sagar,Arecanut,Rashi,FAQ,35099,52639,51699,2024-05-06
28545,Shimoga,Sagar,Arecanut,Rashi,FAQ,35211,47899,46899,2023-05-18
28569,Shimoga,Sagar,Arecanut,Rashi,FAQ,36000,48529,47699,2023-05-25
28576,Shimoga,Sagar,Arecanut,Rashi,FAQ,36077,53299,52699,2024-05-30
28583,Shimoga,Sagar,Arecanut,Rashi,FAQ,36199,52799,51699,2024-05-09
28597,Shimoga,Sagar,Arecanut,Rashi,FAQ,36699,48699,47699,2022-05-24
28599,Shimoga,Sagar,Arecanut,Rashi,FAQ,36699,53099,50829,2025-05-13
28611,Shimoga,Sagar,Arecanut,Rashi,FAQ,36899,48629,47699,2023-05-04
28630,Shimoga,Sagar,Arecanut,Rashi,FAQ,37119,53299,52699,2024-05-16
28640,Shimoga,Sagar,Arecanut,Rashi,FAQ,37299,49229,48699,2022-05-26
28678,Shimoga,Sagar,Arecanut,Rashi,FAQ,38489,49609,48899,2023-05-29
28694,Shimoga,Sagar,Arecanut,Rashi,FAQ,38899,56559,55299,2025-05-27
28786,Shimoga,Sagar,Arecanut,Rashi,FAQ,41899,51389,50849,2024-05-08
28794,Shimoga,Sagar,Arecanut,Rashi,FAQ,42009,49999,48699,2022-05-30
28797,Shimoga,Sagar,Arecanut,Rashi,FAQ,42050,48419,47699,2023-05-23
28811,Shimoga,Sagar,Arecanut,Rashi,FAQ,42699,42699,42699,2023-05-09
28817,Shimoga,Sagar,Arecanut,Rashi,FAQ,42899,48599,47499,2023-05-30
28830,Shimoga,Sagar,Arecanut,Rashi,FAQ,43299,53499,52799,2024-05-14
28836,Shimoga,Sagar,Arecanut,Rashi,FAQ,43899,52939,51899,2024-05-28
28840,Shimoga,Sagar,Arecanut,Rashi,FAQ,44009,49609,48599,2022-05-31
28854,Shimoga,Sagar,Arecanut,Rashi,FAQ,45009,46799,45009,2023-05-02
28873,Shimoga,Sagar,Arecanut,Rashi,FAQ,45899,50819,49069,2022-05-17
28887,Shimoga,Sagar,Arecanut,Rashi,FAQ,47699,50419,49899,2022-05-10
28903,Shimoga,Sagar,Arecanut,Sippegotu,FAQ,4074,21509,20969,2023-05-25
28931,Shimoga,Sagar,Arecanut,Sippegotu,FAQ,4786,23099,20459,2022-05-23
28938,Shimoga,Sagar,Arecanut,Sippegotu,FAQ,4899,21489,20899,2023-05-18
28947,Shimoga,Sagar,Arecanut,Sippegotu,FAQ,5079,21399,20600,2023-05-04
28965,Shimoga,Sagar,Arecanut,Sippegotu,FAQ,5290,21567,20899,2023-05-08
28976,Shimoga,Sagar,Arecanut,Sippegotu,FAQ,5600,21269,20799,2023-05-29
29008,Shimoga,Sagar,Arecanut,Sippegotu,FAQ,6099,18189,17569,2025-05-29
29036,Shimoga,Sagar,Arecanut,Sippegotu,FAQ,6300,21070,20770,2023-05-15
29038,Shimoga,Sagar,Arecanut,Sippegotu,FAQ,6310,20969,19211,2023-05-09
29059,Shimoga,Sagar,Arecanut,Sippegotu,FAQ,6701,21609,20599,2023-05-22
29080,Shimoga,Sagar,Arecanut,Sippegotu,FAQ,6899,19969,18589,2024-05-06
29081,Shimoga,Sagar,Arecanut,Sippegotu,FAQ,6899,21462,19539,2022-05-30
29086,Shimoga,Sagar,Arecanut,Sippegotu,FAQ,6969,21270,20899,2023-05-11
29095,Shimoga,Sagar,Arecanut,Sippegotu,FAQ,7092,18189,16719,2025-05-08
29100,Shimoga,Sagar,Arecanut,Sippegotu,FAQ,7099,17899,16899,2025-05-26
29103,Shimoga,Sagar,Arecanut,Sippegotu,FAQ,7100,13699,12569,2020-05-28
29111,Shimoga,Sagar,Arecanut,Sippegotu,FAQ,7119,21592,20809,2022-05-05
29112,Shimoga,Sagar,Arecanut,Sippegotu,FAQ,7161,17600,16899,2025-05-12
29138,Shimoga,Sagar,Arecanut,Sippegotu,FAQ,7432,17889,16729,2025-05-22
29145,Shimoga,Sagar,Arecanut,Sippegotu,FAQ,7599,18499,17639,2025-05-19
29148,Shimoga,Sagar,Arecanut,Sippegotu,FAQ,7700,17909,16019,2025-05-15
29162,Shimoga,Sagar,Arecanut,Sippegotu,FAQ,7899,21399,20832,2022-05-09
29181,Shimoga,Sagar,Arecanut,Sippegotu,FAQ,8087,12889,11609,2020-05-11
29206,Shimoga,Sagar,Arecanut,Sippegotu,FAQ,8269,17869,8269,2025-05-20
29207,Shimoga,Sagar,Arecanut,Sippegotu,FAQ,8269,18445,17675,2025-05-06
29240,Shimoga,Sagar,Arecanut,Sippegotu,FAQ,8669,14019,13329,2020-05-21
29249,Shimoga,Sagar,Arecanut,Sippegotu,FAQ,8786,19589,18469,2024-05-30
29252,Shimoga,Sagar,Arecanut,Sippegotu,FAQ,8832,19169,17599,2025-05-05
29261,Shimoga,Sagar,Arecanut,Sippegotu,FAQ,8899,13399,12689,2020-05-18
29323,Shimoga,Sagar,Arecanut,Sippegotu,FAQ,10112,21269,19369,2024-05-23
29328,Shimoga,Sagar,Arecanut,Sippegotu,FAQ,10199,20669,19735,2024-05-16
29352,Shimoga,Sagar,Arecanut,Sippegotu,FAQ,10529,13099,12500,2020-05-26
29353,Shimoga,Sagar,Arecanut,Sippegotu,FAQ,10569,20277,19799,2024-05-20
29363,Shimoga,Sagar,Arecanut,Sippegotu,FAQ,10699,13599,11349,2020-05-19
29366,Shimoga,Sagar,Arecanut,Sippegotu,FAQ,10700,17877,15095,2025-05-13
29390,Shimoga,Sagar,Arecanut,Sippegotu,FAQ,11169,21799,20699,2022-05-19
29411,Shimoga,Sagar,Arecanut,Sippegotu,FAQ,11608,12249,11608,2020-05-12
29420,Shimoga,Sagar,Arecanut,Sippegotu,FAQ,11900,12300,11900,2020-05-04
29421,Shimoga,Sagar,Arecanut,Sippegotu,FAQ,11909,13159,12919,2020-05-14
29434,Shimoga,Sagar,Arecanut,Sippegotu,FAQ,12199,22159,21689,2022-05-12
29445,Shimoga,Sagar,Arecanut,Sippegotu,FAQ,12369,20235,19789,2024-05-28
29450,Shimoga,Sagar,Arecanut,Sippegotu,FAQ,12599,21770,20650,2022-05-16
29475,Shimoga,Sagar,Arecanut,Sippegotu,FAQ,13255,21099,20599,2024-05-13
29500,Shimoga,Sagar,Arecanut,Sippegotu,FAQ,14099,20699,18700,2024-05-14
29501,Shimoga,Sagar,Arecanut,Sippegotu,FAQ,14209,21249,19069,2024-05-27
29511,Shimoga,Sagar,Arecanut,Sippegotu,FAQ,14631,20829,19631,2023-05-02
29560,Shimoga,Sagar,Arecanut,Sippegotu,FAQ,16109,17770,16869,2025-05-27
29561,Shimoga,Sagar,Arecanut,Sippegotu,FAQ,16119,19919,18569,2024-05-02
29579,Shimoga,Sagar,Arecanut,Sippegotu,FAQ,16500,21513,20600,2022-05-26
29592,Shimoga,Sagar,Arecanut,Sippegotu,FAQ,17010,20299,19599,2024-05-09
29595,Shimoga,Sagar,Arecanut,Sippegotu,FAQ,17111,20199,19569,2024-05-21
29624,Shimoga,Sagar,Arecanut,Sippegotu,FAQ,18069,21200,20699,2022-05-04
29643,Shimoga,Sagar,Arecanut,Sippegotu,FAQ,19309,21709,20499,2022-05-17
29655,Shimoga,Sagar,Arecanut,Sippegotu,FAQ,19739,19739,19739,2024-05-08
29658,Shimoga,Sagar,Arecanut,Sippegotu,FAQ,19866,21399,20399,2023-05-16
29660,Shimoga,Sagar,Arecanut,Sippegotu,FAQ,20009,21710,20009,2022-05-24
29666,Shimoga,Sagar,Arecanut,Sippegotu,FAQ,20249,20249,20249,2023-05-17
29668,Shimoga,Sagar,Arecanut,Sippegotu,FAQ,20271,21199,20271,2023-05-23
29669,Shimoga,Sagar,Arecanut,Sippegotu,FAQ,20389,20889,20389,2023-05-30
29674,Shimoga,Sagar,Arecanut,Sippegotu,FAQ,20560,21133,20560,2022-05-31
29683,Shimoga,Sagar,Arecanut,Sippegotu,FAQ,21300,21400,21300,2022-05-10
