Sl no.,District Name,Market,Commodity,Variety,Grade,Min Price (Rs./Quintal),Max Price (Rs./Quintal),Modal_Price,Arrival_Date
54932,Tumkur,Tumkur,Arecanut,Other,FAQ,25000,31000,28000,2020-05-07
54953,Tumkur,Tumkur,Arecanut,Other,FAQ,47000,48200,47600,2023-05-23
54954,Tumkur,Tumkur,Arecanut,Other,FAQ,47100,48200,47400,2023-05-05
54958,Tumkur,Tumkur,Arecanut,Other,FAQ,48800,49950,49100,2022-05-18
55177,Tumkur,Tumkur,Arecanut,Rashi,FAQ,40000,41600,40600,2021-05-24
55178,Tumkur,Tumkur,Arecanut,Rashi,FAQ,40000,41600,40800,2021-05-06
55179,Tumkur,Tumkur,Arecanut,Rashi,FAQ,40000,41800,40500,2021-05-25
55182,Tumkur,Tumkur,Arecanut,Rashi,FAQ,40100,41500,40600,2021-05-04
55183,Tumkur,Tumkur,Arecanut,Rashi,FAQ,40100,41500,40600,2021-05-10
55185,Tumkur,Tumkur,Arecanut,Rashi,FAQ,40200,42000,41200,2021-05-27
55189,Tumkur,Tumkur,Arecanut,Rashi,FAQ,40500,42000,41500,2021-05-28
55208,Tumkur,Tumkur,Arecanut,Rashi,FAQ,41000,41600,41200,2021-05-13
55411,Tumkur,Tumkur,Arecanut,Rashi,FAQ,46500,48100,47100,2023-05-01
55417,Tumkur,Tumkur,Arecanut,Rashi,FAQ,47100,47950,47250,2023-05-20
55418,Tumkur,Tumkur,Arecanut,Rashi,FAQ,47100,48200,47500,2023-05-29
55419,Tumkur,Tumkur,Arecanut,Rashi,FAQ,47100,49050,48100,2022-05-02
55421,Tumkur,Tumkur,Arecanut,Rashi,FAQ,47200,48050,47450,2023-05-17
55422,Tumkur,Tumkur,Arecanut,Rashi,FAQ,47200,48100,47500,2023-05-06
55423,Tumkur,Tumkur,Arecanut,Rashi,FAQ,47200,48200,48000,2023-05-22
55427,Tumkur,Tumkur,Arecanut,Rashi,FAQ,47250,48400,47550,2023-05-30
55429,Tumkur,Tumkur,Arecanut,Rashi,FAQ,47400,49900,48600,2022-05-10
55433,Tumkur,Tumkur,Arecanut,Rashi,FAQ,47800,50100,49100,2022-05-11
55435,Tumkur,Tumkur,Arecanut,Rashi,FAQ,48000,49500,48900,2022-05-24
55438,Tumkur,Tumkur,Arecanut,Rashi,FAQ,48000,49800,49200,2022-05-23
55451,Tumkur,Tumkur,Arecanut,Rashi,FAQ,48200,49600,49100,2022-05-21
55453,Tumkur,Tumkur,Arecanut,Rashi,FAQ,48200,49800,49100,2022-05-19
55467,Tumkur,Tumkur,Arecanut,Rashi,FAQ,48500,51100,49650,2024-05-03
55473,Tumkur,Tumkur,Arecanut,Rashi,FAQ,48600,49900,49100,2022-05-20
55478,Tumkur,Tumkur,Arecanut,Rashi,FAQ,49000,50200,49400,2022-05-17
55482,Tumkur,Tumkur,Arecanut,Rashi,FAQ,49100,50100,49500,2022-05-16
55483,Tumkur,Tumkur,Arecanut,Rashi,FAQ,49100,50200,49600,2022-05-12
55503,Tumkur,Tumkur,Arecanut,Rashi,FAQ,51000,52800,51600,2025-05-21
55505,Tumkur,Tumkur,Arecanut,Rashi,FAQ,51000,53100,52100,2025-05-23
55506,Tumkur,Tumkur,Arecanut,Rashi,FAQ,51000,53500,52500,2025-05-15
55507,Tumkur,Tumkur,Arecanut,Rashi,FAQ,51200,53200,52300,2025-05-22
55509,Tumkur,Tumkur,Arecanut,Rashi,FAQ,51500,53000,52200,2025-05-20
55512,Tumkur,Tumkur,Arecanut,Rashi,FAQ,52000,53600,53100,2025-05-14
55520,Tumkur,Tumkur,Arecanut,Rashi,FAQ,52800,54200,53500,2025-05-27
55525,Tumkur,Tumkur,Arecanut,Rashi,FAQ,53500,54800,54000,2025-05-28
55527,Tumkur,Tumkur,Arecanut,Rashi,FAQ,54000,55200,54500,2025-05-31
54932,Tumkur,Tumkur,Arecanut,Other,FAQ,25000,31000,28000,2020-05-07
54953,Tumkur,Tumkur,Arecanut,Other,FAQ,47000,48200,47600,2023-05-23
54954,Tumkur,Tumkur,Arecanut,Other,FAQ,47100,48200,47400,2023-05-05
54958,Tumkur,Tumkur,Arecanut,Other,FAQ,48800,49950,49100,2022-05-18
55177,Tumkur,Tumkur,Arecanut,Rashi,FAQ,40000,41600,40600,2021-05-24
55178,Tumkur,Tumkur,Arecanut,Rashi,FAQ,40000,41600,40800,2021-05-06
55179,Tumkur,Tumkur,Arecanut,Rashi,FAQ,40000,41800,40500,2021-05-25
55182,Tumkur,Tumkur,Arecanut,Rashi,FAQ,40100,41500,40600,2021-05-04
55183,Tumkur,Tumkur,Arecanut,Rashi,FAQ,40100,41500,40600,2021-05-10
55185,Tumkur,Tumkur,Arecanut,Rashi,FAQ,40200,42000,41200,2021-05-27
55189,Tumkur,Tumkur,Arecanut,Rashi,FAQ,40500,42000,41500,2021-05-28
55208,Tumkur,Tumkur,Arecanut,Rashi,FAQ,41000,41600,41200,2021-05-13
55411,Tumkur,Tumkur,Arecanut,Rashi,FAQ,46500,48100,47100,2023-05-01
55417,Tumkur,Tumkur,Arecanut,Rashi,FAQ,47100,47950,47250,2023-05-20
55418,Tumkur,Tumkur,Arecanut,Rashi,FAQ,47100,48200,47500,2023-05-29
55419,Tumkur,Tumkur,Arecanut,Rashi,FAQ,47100,49050,48100,2022-05-02
55421,Tumkur,Tumkur,Arecanut,Rashi,FAQ,47200,48050,47450,2023-05-17
55422,Tumkur,Tumkur,Arecanut,Rashi,FAQ,47200,48100,47500,2023-05-06
55423,Tumkur,Tumkur,Arecanut,Rashi,FAQ,47200,48200,48000,2023-05-22
55427,Tumkur,Tumkur,Arecanut,Rashi,FAQ,47250,48400,47550,2023-05-30
55429,Tumkur,Tumkur,Arecanut,Rashi,FAQ,47400,49900,48600,2022-05-10
55433,Tumkur,Tumkur,Arecanut,Rashi,FAQ,47800,50100,49100,2022-05-11
55435,Tumkur,Tumkur,Arecanut,Rashi,FAQ,48000,49500,48900,2022-05-24
55438,Tumkur,Tumkur,Arecanut,Rashi,FAQ,48000,49800,49200,2022-05-23
55451,Tumkur,Tumkur,Arecanut,Rashi,FAQ,48200,49600,49100,2022-05-21
55453,Tumkur,Tumkur,Arecanut,Rashi,FAQ,48200,49800,49100,2022-05-19
55467,Tumkur,Tumkur,Arecanut,Rashi,FAQ,48500,51100,49650,2024-05-03
55473,Tumkur,Tumkur,Arecanut,Rashi,FAQ,48600,49900,49100,2022-05-20
55478,Tumkur,Tumkur,Arecanut,Rashi,FAQ,49000,50200,49400,2022-05-17
55482,Tumkur,Tumkur,Arecanut,Rashi,FAQ,49100,50100,49500,2022-05-16
55483,Tumkur,Tumkur,Arecanut,Rashi,FAQ,49100,50200,49600,2022-05-12
55503,Tumkur,Tumkur,Arecanut,Rashi,FAQ,51000,52800,51600,2025-05-21
55505,Tumkur,Tumkur,Arecanut,Rashi,FAQ,51000,53100,52100,2025-05-23
55506,Tumkur,Tumkur,Arecanut,Rashi,FAQ,51000,53500,52500,2025-05-15
55507,Tumkur,Tumkur,Arecanut,Rashi,FAQ,51200,53200,52300,2025-05-22
55509,Tumkur,Tumkur,Arecanut,Rashi,FAQ,51500,53000,52200,2025-05-20
55512,Tumkur,Tumkur,Arecanut,Rashi,FAQ,52000,53600,53100,2025-05-14
55520,Tumkur,Tumkur,Arecanut,Rashi,FAQ,52800,54200,53500,2025-05-27
55525,Tumkur,Tumkur,Arecanut,Rashi,FAQ,53500,54800,54000,2025-05-28
55527,Tumkur,Tumkur,Arecanut,Rashi,FAQ,54000,55200,54500,2025-05-31
