Sl no.,District Name,Market,Commodity,Variety,Grade,Min Price (Rs./Quintal),Max Price (Rs./Quintal),Modal_Price,Arrival_Date
3066,Hassan,Channarayapatna,Coconut,Grade- II,FAQ,9000,9000,9000,2020-06-06
3067,Hassan,Channarayapatna,Coconut,Grade- II,FAQ,10000,10000,10000,2020-08-01
3068,Hassan,Channarayapatna,Coconut,Grade- II,FAQ,10000,10000,10000,2021-08-01
3069,Hassan,Channarayapatna,Coconut,Grade- II,FAQ,10000,10000,10000,2022-02-01
3070,Hassan,Channarayapatna,Coconut,Grade- II,FAQ,10000,10000,10000,2021-01-01
3071,Hassan,Channarayapatna,Coconut,Grade- II,FAQ,10000,10000,10000,2022-01-01
3072,Hassan,Channarayapatna,Coconut,Grade- II,FAQ,10000,10000,10000,2020-07-01
3073,Hassan,Channarayapatna,Coconut,Grade- II,FAQ,10000,10000,10000,2020-06-01
3074,Hassan,Channarayapatna,Coconut,Grade- II,FAQ,10000,10000,10000,2022-10-01
3075,Hassan,Channarayapatna,Coconut,Grade- II,FAQ,10000,10000,10000,2022-08-02
3076,Hassan,Channarayapatna,Coconut,Grade- II,FAQ,10000,10000,10000,2021-12-02
3077,Hassan,Channarayapatna,Coconut,Grade- II,FAQ,10000,10000,10000,2022-01-02
3078,Hassan,Channarayapatna,Coconut,Grade- II,FAQ,10000,10000,10000,2020-06-02
3079,Hassan,Channarayapatna,Coconut,Grade- II,FAQ,10000,10000,10000,2021-05-02
3080,Hassan,Channarayapatna,Coconut,Grade- II,FAQ,10000,10000,10000,2022-09-02
3081,Hassan,Channarayapatna,Coconut,Grade- II,FAQ,10000,10000,10000,2020-04-03
3082,Hassan,Channarayapatna,Coconut,Grade- II,FAQ,10000,10000,10000,2020-08-03
3083,Hassan,Channarayapatna,Coconut,Grade- II,FAQ,10000,10000,10000,2020-07-03
3084,Hassan,Channarayapatna,Coconut,Grade- II,FAQ,10000,10000,10000,2021-07-03
3085,Hassan,Channarayapatna,Coconut,Grade- II,FAQ,10000,10000,10000,2022-07-03
3086,Hassan,Channarayapatna,Coconut,Grade- II,FAQ,10000,10000,10000,2020-08-04
3087,Hassan,Channarayapatna,Coconut,Grade- II,FAQ,10000,10000,10000,2021-08-04
3088,Hassan,Channarayapatna,Coconut,Grade- II,FAQ,10000,10000,10000,2023-02-04
3089,Hassan,Channarayapatna,Coconut,Grade- II,FAQ,10000,10000,10000,2022-01-04
3090,Hassan,Channarayapatna,Coconut,Grade- II,FAQ,10000,10000,10000,2021-07-04
3091,Hassan,Channarayapatna,Coconut,Grade- II,FAQ,10000,10000,10000,2021-11-04
3092,Hassan,Channarayapatna,Coconut,Grade- II,FAQ,10000,10000,10000,2022-10-04
3093,Hassan,Channarayapatna,Coconut,Grade- II,FAQ,10000,10000,10000,2022-04-05
3094,Hassan,Channarayapatna,Coconut,Grade- II,FAQ,10000,10000,10000,2020-08-05
3095,Hassan,Channarayapatna,Coconut,Grade- II,FAQ,10000,10000,10000,2022-02-05
3096,Hassan,Channarayapatna,Coconut,Grade- II,FAQ,10000,10000,10000,2023-02-05
3097,Hassan,Channarayapatna,Coconut,Grade- II,FAQ,10000,10000,10000,2020-07-05
3098,Hassan,Channarayapatna,Coconut,Grade- II,FAQ,10000,10000,10000,2022-07-05
3099,Hassan,Channarayapatna,Coconut,Grade- II,FAQ,10000,10000,10000,2020-06-05
3100,Hassan,Channarayapatna,Coconut,Grade- II,FAQ,10000,10000,10000,2020-08-06
3101,Hassan,Channarayapatna,Coconut,Grade- II,FAQ,10000,10000,10000,2021-12-06
3102,Hassan,Channarayapatna,Coconut,Grade- II,FAQ,10000,10000,10000,2022-02-06
3103,Hassan,Channarayapatna,Coconut,Grade- II,FAQ,10000,10000,10000,2022-01-06
3104,Hassan,Channarayapatna,Coconut,Grade- II,FAQ,10000,10000,10000,2021-11-06
3105,Hassan,Channarayapatna,Coconut,Grade- II,FAQ,10000,10000,10000,2020-09-06
3106,Hassan,Channarayapatna,Coconut,Grade- II,FAQ,10000,10000,10000,2020-12-07
3107,Hassan,Channarayapatna,Coconut,Grade- II,FAQ,10000,10000,10000,2021-02-07
3108,Hassan,Channarayapatna,Coconut,Grade- II,FAQ,10000,10000,10000,2023-02-07
3109,Hassan,Channarayapatna,Coconut,Grade- II,FAQ,10000,10000,10000,2022-01-07
3110,Hassan,Channarayapatna,Coconut,Grade- II,FAQ,10000,10000,10000,2023-01-07
3111,Hassan,Channarayapatna,Coconut,Grade- II,FAQ,10000,10000,10000,2020-07-07
3112,Hassan,Channarayapatna,Coconut,Grade- II,FAQ,10000,10000,10000,2021-06-07
3113,Hassan,Channarayapatna,Coconut,Grade- II,FAQ,10000,10000,10000,2023-03-07
3114,Hassan,Channarayapatna,Coconut,Grade- II,FAQ,10000,10000,10000,2023-04-08
3115,Hassan,Channarayapatna,Coconut,Grade- II,FAQ,10000,10000,10000,2020-08-08
3116,Hassan,Channarayapatna,Coconut,Grade- II,FAQ,10000,10000,10000,2022-02-08
3117,Hassan,Channarayapatna,Coconut,Grade- II,FAQ,10000,10000,10000,2023-01-08
3118,Hassan,Channarayapatna,Coconut,Grade- II,FAQ,10000,10000,10000,2020-07-08
3119,Hassan,Channarayapatna,Coconut,Grade- II,FAQ,10000,10000,10000,2021-07-08
3120,Hassan,Channarayapatna,Coconut,Grade- II,FAQ,10000,10000,10000,2020-06-08
3121,Hassan,Channarayapatna,Coconut,Grade- II,FAQ,10000,10000,10000,2020-04-09
3122,Hassan,Channarayapatna,Coconut,Grade- II,FAQ,10000,10000,10000,2021-04-09
3123,Hassan,Channarayapatna,Coconut,Grade- II,FAQ,10000,10000,10000,2020-08-09
3124,Hassan,Channarayapatna,Coconut,Grade- II,FAQ,10000,10000,10000,2020-07-09
3125,Hassan,Channarayapatna,Coconut,Grade- II,FAQ,10000,10000,10000,2020-06-09
3126,Hassan,Channarayapatna,Coconut,Grade- II,FAQ,10000,10000,10000,2021-06-09
3127,Hassan,Channarayapatna,Coconut,Grade- II,FAQ,10000,10000,10000,2023-05-09
3128,Hassan,Channarayapatna,Coconut,Grade- II,FAQ,10000,10000,10000,2020-04-10
3129,Hassan,Channarayapatna,Coconut,Grade- II,FAQ,10000,10000,10000,2021-07-10
3130,Hassan,Channarayapatna,Coconut,Grade- II,FAQ,10000,10000,10000,2020-06-10
3131,Hassan,Channarayapatna,Coconut,Grade- II,FAQ,10000,10000,10000,2020-04-11
3132,Hassan,Channarayapatna,Coconut,Grade- II,FAQ,10000,10000,10000,2021-04-11
3133,Hassan,Channarayapatna,Coconut,Grade- II,FAQ,10000,10000,10000,2020-08-11
3134,Hassan,Channarayapatna,Coconut,Grade- II,FAQ,10000,10000,10000,2021-08-11
3135,Hassan,Channarayapatna,Coconut,Grade- II,FAQ,10000,10000,10000,2020-12-11
3136,Hassan,Channarayapatna,Coconut,Grade- II,FAQ,10000,10000,10000,2022-12-11
3137,Hassan,Channarayapatna,Coconut,Grade- II,FAQ,10000,10000,10000,2021-01-11
3138,Hassan,Channarayapatna,Coconut,Grade- II,FAQ,10000,10000,10000,2022-06-11
3139,Hassan,Channarayapatna,Coconut,Grade- II,FAQ,10000,10000,10000,2022-05-11
3140,Hassan,Channarayapatna,Coconut,Grade- II,FAQ,10000,10000,10000,2020-04-12
3141,Hassan,Channarayapatna,Coconut,Grade- II,FAQ,10000,10000,10000,2020-08-12
3142,Hassan,Channarayapatna,Coconut,Grade- II,FAQ,10000,10000,10000,2021-02-12
3143,Hassan,Channarayapatna,Coconut,Grade- II,FAQ,10000,10000,10000,2020-07-12
3144,Hassan,Channarayapatna,Coconut,Grade- II,FAQ,10000,10000,10000,2022-07-12
3145,Hassan,Channarayapatna,Coconut,Grade- II,FAQ,10000,10000,10000,2020-11-12
3146,Hassan,Channarayapatna,Coconut,Grade- II,FAQ,10000,10000,10000,2022-11-12
3147,Hassan,Channarayapatna,Coconut,Grade- II,FAQ,10000,10000,10000,2021-10-12
3148,Hassan,Channarayapatna,Coconut,Grade- II,FAQ,10000,10000,10000,2020-04-13
3149,Hassan,Channarayapatna,Coconut,Grade- II,FAQ,10000,10000,10000,2020-08-13
3150,Hassan,Channarayapatna,Coconut,Grade- II,FAQ,10000,10000,10000,2022-12-13
3151,Hassan,Channarayapatna,Coconut,Grade- II,FAQ,10000,10000,10000,2021-07-13
3152,Hassan,Channarayapatna,Coconut,Grade- II,FAQ,10000,10000,10000,2023-06-13
3153,Hassan,Channarayapatna,Coconut,Grade- II,FAQ,10000,10000,10000,2022-03-13
3154,Hassan,Channarayapatna,Coconut,Grade- II,FAQ,10000,10000,10000,2022-11-13
3155,Hassan,Channarayapatna,Coconut,Grade- II,FAQ,10000,10000,10000,2021-10-13
3156,Hassan,Channarayapatna,Coconut,Grade- II,FAQ,10000,10000,10000,2021-09-13
3157,Hassan,Channarayapatna,Coconut,Grade- II,FAQ,10000,10000,10000,2020-04-14
3158,Hassan,Channarayapatna,Coconut,Grade- II,FAQ,10000,10000,10000,2021-12-14
3159,Hassan,Channarayapatna,Coconut,Grade- II,FAQ,10000,10000,10000,2021-02-14
3160,Hassan,Channarayapatna,Coconut,Grade- II,FAQ,10000,10000,10000,2021-01-14
3161,Hassan,Channarayapatna,Coconut,Grade- II,FAQ,10000,10000,10000,2020-06-14
3162,Hassan,Channarayapatna,Coconut,Grade- II,FAQ,10000,10000,10000,2022-06-14
3163,Hassan,Channarayapatna,Coconut,Grade- II,FAQ,10000,10000,10000,2020-09-14
3164,Hassan,Channarayapatna,Coconut,Grade- II,FAQ,10000,10000,10000,2021-08-15
3165,Hassan,Channarayapatna,Coconut,Grade- II,FAQ,10000,10000,10000,2020-07-15
3166,Hassan,Channarayapatna,Coconut,Grade- II,FAQ,10000,10000,10000,2020-06-15
3167,Hassan,Channarayapatna,Coconut,Grade- II,FAQ,10000,10000,10000,2020-05-15
3168,Hassan,Channarayapatna,Coconut,Grade- II,FAQ,10000,10000,10000,2020-11-15
3169,Hassan,Channarayapatna,Coconut,Grade- II,FAQ,10000,10000,10000,2021-09-15
3170,Hassan,Channarayapatna,Coconut,Grade- II,FAQ,10000,10000,10000,2020-08-16
3171,Hassan,Channarayapatna,Coconut,Grade- II,FAQ,10000,10000,10000,2022-07-16
3172,Hassan,Channarayapatna,Coconut,Grade- II,FAQ,10000,10000,10000,2021-06-16
3173,Hassan,Channarayapatna,Coconut,Grade- II,FAQ,10000,10000,10000,2021-03-16
3174,Hassan,Channarayapatna,Coconut,Grade- II,FAQ,10000,10000,10000,2019-10-16
3175,Hassan,Channarayapatna,Coconut,Grade- II,FAQ,10000,10000,10000,2020-08-17
3176,Hassan,Channarayapatna,Coconut,Grade- II,FAQ,10000,10000,10000,2021-12-17
3177,Hassan,Channarayapatna,Coconut,Grade- II,FAQ,10000,10000,10000,2021-02-17
3178,Hassan,Channarayapatna,Coconut,Grade- II,FAQ,10000,10000,10000,2021-04-18
3179,Hassan,Channarayapatna,Coconut,Grade- II,FAQ,10000,10000,10000,2019-12-18
3180,Hassan,Channarayapatna,Coconut,Grade- II,FAQ,10000,10000,10000,2021-12-18
3181,Hassan,Channarayapatna,Coconut,Grade- II,FAQ,10000,10000,10000,2021-02-18
3182,Hassan,Channarayapatna,Coconut,Grade- II,FAQ,10000,10000,10000,2020-06-18
3183,Hassan,Channarayapatna,Coconut,Grade- II,FAQ,10000,10000,10000,2021-06-18
3184,Hassan,Channarayapatna,Coconut,Grade- II,FAQ,10000,10000,10000,2022-03-18
3185,Hassan,Channarayapatna,Coconut,Grade- II,FAQ,10000,10000,10000,2022-10-18
3186,Hassan,Channarayapatna,Coconut,Grade- II,FAQ,10000,10000,10000,2020-09-18
3187,Hassan,Channarayapatna,Coconut,Grade- II,FAQ,10000,10000,10000,2020-08-19
3188,Hassan,Channarayapatna,Coconut,Grade- II,FAQ,10000,10000,10000,2023-08-19
3189,Hassan,Channarayapatna,Coconut,Grade- II,FAQ,10000,10000,10000,2021-12-19
3190,Hassan,Channarayapatna,Coconut,Grade- II,FAQ,10000,10000,10000,2020-07-19
3191,Hassan,Channarayapatna,Coconut,Grade- II,FAQ,10000,10000,10000,2021-07-19
3192,Hassan,Channarayapatna,Coconut,Grade- II,FAQ,10000,10000,10000,2022-07-19
3193,Hassan,Channarayapatna,Coconut,Grade- II,FAQ,10000,10000,10000,2020-06-19
3194,Hassan,Channarayapatna,Coconut,Grade- II,FAQ,10000,10000,10000,2020-04-20
3195,Hassan,Channarayapatna,Coconut,Grade- II,FAQ,10000,10000,10000,2021-04-20
3196,Hassan,Channarayapatna,Coconut,Grade- II,FAQ,10000,10000,10000,2022-08-20
3197,Hassan,Channarayapatna,Coconut,Grade- II,FAQ,10000,10000,10000,2019-12-20
3198,Hassan,Channarayapatna,Coconut,Grade- II,FAQ,10000,10000,10000,2022-02-20
3199,Hassan,Channarayapatna,Coconut,Grade- II,FAQ,10000,10000,10000,2021-07-20
3200,Hassan,Channarayapatna,Coconut,Grade- II,FAQ,10000,10000,10000,2023-02-21
3201,Hassan,Channarayapatna,Coconut,Grade- II,FAQ,10000,10000,10000,2023-01-21
3202,Hassan,Channarayapatna,Coconut,Grade- II,FAQ,10000,10000,10000,2020-07-21
3203,Hassan,Channarayapatna,Coconut,Grade- II,FAQ,10000,10000,10000,2021-03-21
3204,Hassan,Channarayapatna,Coconut,Grade- II,FAQ,10000,10000,10000,2022-01-22
3205,Hassan,Channarayapatna,Coconut,Grade- II,FAQ,10000,10000,10000,2021-07-22
3206,Hassan,Channarayapatna,Coconut,Grade- II,FAQ,10000,10000,10000,2020-06-22
3207,Hassan,Channarayapatna,Coconut,Grade- II,FAQ,10000,10000,10000,2022-10-22
3208,Hassan,Channarayapatna,Coconut,Grade- II,FAQ,10000,10000,10000,2021-09-22
3209,Hassan,Channarayapatna,Coconut,Grade- II,FAQ,10000,10000,10000,2020-08-23
3210,Hassan,Channarayapatna,Coconut,Grade- II,FAQ,10000,10000,10000,2021-07-23
3211,Hassan,Channarayapatna,Coconut,Grade- II,FAQ,10000,10000,10000,2022-07-23
3212,Hassan,Channarayapatna,Coconut,Grade- II,FAQ,10000,10000,10000,2020-06-23
3213,Hassan,Channarayapatna,Coconut,Grade- II,FAQ,10000,10000,10000,2020-05-23
3214,Hassan,Channarayapatna,Coconut,Grade- II,FAQ,10000,10000,10000,2023-05-23
3215,Hassan,Channarayapatna,Coconut,Grade- II,FAQ,10000,10000,10000,2022-10-23
3216,Hassan,Channarayapatna,Coconut,Grade- II,FAQ,10000,10000,10000,2020-04-24
3217,Hassan,Channarayapatna,Coconut,Grade- II,FAQ,10000,10000,10000,2020-08-24
3218,Hassan,Channarayapatna,Coconut,Grade- II,FAQ,10000,10000,10000,2020-07-24
3219,Hassan,Channarayapatna,Coconut,Grade- II,FAQ,10000,10000,10000,2021-07-24
3220,Hassan,Channarayapatna,Coconut,Grade- II,FAQ,10000,10000,10000,2020-06-24
3221,Hassan,Channarayapatna,Coconut,Grade- II,FAQ,10000,10000,10000,2021-06-24
3222,Hassan,Channarayapatna,Coconut,Grade- II,FAQ,10000,10000,10000,2023-06-24
3223,Hassan,Channarayapatna,Coconut,Grade- II,FAQ,10000,10000,10000,2022-05-24
3224,Hassan,Channarayapatna,Coconut,Grade- II,FAQ,10000,10000,10000,2021-12-25
3225,Hassan,Channarayapatna,Coconut,Grade- II,FAQ,10000,10000,10000,2020-06-25
3226,Hassan,Channarayapatna,Coconut,Grade- II,FAQ,10000,10000,10000,2022-06-25
3227,Hassan,Channarayapatna,Coconut,Grade- II,FAQ,10000,10000,10000,2020-05-25
3228,Hassan,Channarayapatna,Coconut,Grade- II,FAQ,10000,10000,10000,2021-11-25
3229,Hassan,Channarayapatna,Coconut,Grade- II,FAQ,10000,10000,10000,2020-10-25
3230,Hassan,Channarayapatna,Coconut,Grade- II,FAQ,10000,10000,10000,2021-12-26
3231,Hassan,Channarayapatna,Coconut,Grade- II,FAQ,10000,10000,10000,2022-07-26
3232,Hassan,Channarayapatna,Coconut,Grade- II,FAQ,10000,10000,10000,2022-06-26
3233,Hassan,Channarayapatna,Coconut,Grade- II,FAQ,10000,10000,10000,2022-08-27
3234,Hassan,Channarayapatna,Coconut,Grade- II,FAQ,10000,10000,10000,2021-12-27
3235,Hassan,Channarayapatna,Coconut,Grade- II,FAQ,10000,10000,10000,2021-05-27
3236,Hassan,Channarayapatna,Coconut,Grade- II,FAQ,10000,10000,10000,2022-11-27
3237,Hassan,Channarayapatna,Coconut,Grade- II,FAQ,10000,10000,10000,2020-08-28
3238,Hassan,Channarayapatna,Coconut,Grade- II,FAQ,10000,10000,10000,2022-08-28
3239,Hassan,Channarayapatna,Coconut,Grade- II,FAQ,10000,10000,10000,2021-12-28
3240,Hassan,Channarayapatna,Coconut,Grade- II,FAQ,10000,10000,10000,2021-02-28
3241,Hassan,Channarayapatna,Coconut,Grade- II,FAQ,10000,10000,10000,2023-01-28
3242,Hassan,Channarayapatna,Coconut,Grade- II,FAQ,10000,10000,10000,2020-07-28
3243,Hassan,Channarayapatna,Coconut,Grade- II,FAQ,10000,10000,10000,2020-06-28
3244,Hassan,Channarayapatna,Coconut,Grade- II,FAQ,10000,10000,10000,2022-06-28
3245,Hassan,Channarayapatna,Coconut,Grade- II,FAQ,10000,10000,10000,2021-03-28
3246,Hassan,Channarayapatna,Coconut,Grade- II,FAQ,10000,10000,10000,2023-03-28
3247,Hassan,Channarayapatna,Coconut,Grade- II,FAQ,10000,10000,10000,2019-08-29
3248,Hassan,Channarayapatna,Coconut,Grade- II,FAQ,10000,10000,10000,2021-08-29
3249,Hassan,Channarayapatna,Coconut,Grade- II,FAQ,10000,10000,10000,2022-01-29
3250,Hassan,Channarayapatna,Coconut,Grade- II,FAQ,10000,10000,10000,2023-01-29
3251,Hassan,Channarayapatna,Coconut,Grade- II,FAQ,10000,10000,10000,2020-07-29
3252,Hassan,Channarayapatna,Coconut,Grade- II,FAQ,10000,10000,10000,2022-08-30
3253,Hassan,Channarayapatna,Coconut,Grade- II,FAQ,10000,10000,10000,2022-07-30
3254,Hassan,Channarayapatna,Coconut,Grade- II,FAQ,10000,10000,10000,2020-06-30
3255,Hassan,Channarayapatna,Coconut,Grade- II,FAQ,10000,10000,10000,2020-03-30
3256,Hassan,Channarayapatna,Coconut,Grade- II,FAQ,10000,10000,10000,2020-07-31
3257,Hassan,Channarayapatna,Coconut,Grade- II,FAQ,10000,10000,10000,2022-07-31
3258,Hassan,Channarayapatna,Coconut,Grade- II,FAQ,10000,10000,10000,2020-03-31
3259,Hassan,Channarayapatna,Coconut,Grade- II,FAQ,10000,10000,10000,2021-03-31
3260,Hassan,Channarayapatna,Coconut,Grade- II,FAQ,10000,10000,10000,2021-05-31
3261,Hassan,Channarayapatna,Coconut,Grade- II,FAQ,10000,11000,10000,2022-05-03
3262,Hassan,Channarayapatna,Coconut,Grade- II,FAQ,10000,11000,10000,2022-11-08
3263,Hassan,Channarayapatna,Coconut,Grade- II,FAQ,10000,11000,10000,2022-01-11
3264,Hassan,Channarayapatna,Coconut,Grade- II,FAQ,10000,11000,10000,2022-04-12
3265,Hassan,Channarayapatna,Coconut,Grade- II,FAQ,10000,11000,10000,2022-11-22
3266,Hassan,Channarayapatna,Coconut,Grade- II,FAQ,10000,11000,10000,2020-11-29
3267,Hassan,Channarayapatna,Coconut,Grade- II,FAQ,10000,11000,11000,2022-03-01
3268,Hassan,Channarayapatna,Coconut,Grade- II,FAQ,10000,11000,11000,2021-01-03
3269,Hassan,Channarayapatna,Coconut,Grade- II,FAQ,10000,11000,11000,2021-11-07
3270,Hassan,Channarayapatna,Coconut,Grade- II,FAQ,10000,11000,11000,2022-03-08
3271,Hassan,Channarayapatna,Coconut,Grade- II,FAQ,10000,11000,11000,2022-02-22
3272,Hassan,Channarayapatna,Coconut,Grade- II,FAQ,10000,11500,10000,2022-11-26
3273,Hassan,Channarayapatna,Coconut,Grade- II,FAQ,10000,12000,10000,2022-07-02
3274,Hassan,Channarayapatna,Coconut,Grade- II,FAQ,10000,12000,10000,2021-11-02
3275,Hassan,Channarayapatna,Coconut,Grade- II,FAQ,10000,12000,10000,2021-08-03
3276,Hassan,Channarayapatna,Coconut,Grade- II,FAQ,10000,12000,10000,2020-11-04
3277,Hassan,Channarayapatna,Coconut,Grade- II,FAQ,10000,12000,10000,2020-02-05
3278,Hassan,Channarayapatna,Coconut,Grade- II,FAQ,10000,12000,10000,2022-03-05
3279,Hassan,Channarayapatna,Coconut,Grade- II,FAQ,10000,12000,10000,2022-12-06
3280,Hassan,Channarayapatna,Coconut,Grade- II,FAQ,10000,12000,10000,2022-06-07
3281,Hassan,Channarayapatna,Coconut,Grade- II,FAQ,10000,12000,10000,2021-09-07
3282,Hassan,Channarayapatna,Coconut,Grade- II,FAQ,10000,12000,10000,2022-04-09
3283,Hassan,Channarayapatna,Coconut,Grade- II,FAQ,10000,12000,10000,2021-01-10
3284,Hassan,Channarayapatna,Coconut,Grade- II,FAQ,10000,12000,10000,2022-03-12
3285,Hassan,Channarayapatna,Coconut,Grade- II,FAQ,10000,12000,10000,2023-01-14
3286,Hassan,Channarayapatna,Coconut,Grade- II,FAQ,10000,12000,10000,2022-05-14
3287,Hassan,Channarayapatna,Coconut,Grade- II,FAQ,10000,12000,10000,2021-09-14
3288,Hassan,Channarayapatna,Coconut,Grade- II,FAQ,10000,12000,10000,2021-12-15
3289,Hassan,Channarayapatna,Coconut,Grade- II,FAQ,10000,12000,10000,2022-03-15
3290,Hassan,Channarayapatna,Coconut,Grade- II,FAQ,10000,12000,10000,2022-08-16
3291,Hassan,Channarayapatna,Coconut,Grade- II,FAQ,10000,12000,10000,2021-02-16
3292,Hassan,Channarayapatna,Coconut,Grade- II,FAQ,10000,12000,10000,2021-01-17
3293,Hassan,Channarayapatna,Coconut,Grade- II,FAQ,10000,12000,10000,2022-05-17
3294,Hassan,Channarayapatna,Coconut,Grade- II,FAQ,10000,12000,10000,2022-09-17
3295,Hassan,Channarayapatna,Coconut,Grade- II,FAQ,10000,12000,10000,2022-06-18
3296,Hassan,Channarayapatna,Coconut,Grade- II,FAQ,10000,12000,10000,2021-09-18
3297,Hassan,Channarayapatna,Coconut,Grade- II,FAQ,10000,12000,10000,2022-03-19
3298,Hassan,Channarayapatna,Coconut,Grade- II,FAQ,10000,12000,10000,2021-10-19
3299,Hassan,Channarayapatna,Coconut,Grade- II,FAQ,10000,12000,10000,2021-08-21
3300,Hassan,Channarayapatna,Coconut,Grade- II,FAQ,10000,12000,10000,2020-06-21
3301,Hassan,Channarayapatna,Coconut,Grade- II,FAQ,10000,12000,10000,2022-06-21
3302,Hassan,Channarayapatna,Coconut,Grade- II,FAQ,10000,12000,10000,2022-05-21
3303,Hassan,Channarayapatna,Coconut,Grade- II,FAQ,10000,12000,10000,2021-09-21
3304,Hassan,Channarayapatna,Coconut,Grade- II,FAQ,10000,12000,10000,2022-03-22
3305,Hassan,Channarayapatna,Coconut,Grade- II,FAQ,10000,12000,10000,2021-08-24
3306,Hassan,Channarayapatna,Coconut,Grade- II,FAQ,10000,12000,10000,2022-12-24
3307,Hassan,Channarayapatna,Coconut,Grade- II,FAQ,10000,12000,10000,2022-10-25
3308,Hassan,Channarayapatna,Coconut,Grade- II,FAQ,10000,12000,10000,2022-04-26
3309,Hassan,Channarayapatna,Coconut,Grade- II,FAQ,10000,12000,10000,2022-02-26
3310,Hassan,Channarayapatna,Coconut,Grade- II,FAQ,10000,12000,10000,2022-03-26
3311,Hassan,Channarayapatna,Coconut,Grade- II,FAQ,10000,12000,10000,2021-09-26
3312,Hassan,Channarayapatna,Coconut,Grade- II,FAQ,10000,12000,10000,2022-12-27
3313,Hassan,Channarayapatna,Coconut,Grade- II,FAQ,10000,12000,10000,2024-01-27
3314,Hassan,Channarayapatna,Coconut,Grade- II,FAQ,10000,12000,10000,2021-07-27
3315,Hassan,Channarayapatna,Coconut,Grade- II,FAQ,10000,12000,10000,2022-03-29
3316,Hassan,Channarayapatna,Coconut,Grade- II,FAQ,10000,12000,10000,2022-04-30
3317,Hassan,Channarayapatna,Coconut,Grade- II,FAQ,10000,12000,10000,2021-08-31
3318,Hassan,Channarayapatna,Coconut,Grade- II,FAQ,10000,12000,11000,2020-11-01
3319,Hassan,Channarayapatna,Coconut,Grade- II,FAQ,10000,12000,11000,2020-11-08
3320,Hassan,Channarayapatna,Coconut,Grade- II,FAQ,10000,12000,11000,2022-02-15
3321,Hassan,Channarayapatna,Coconut,Grade- II,FAQ,10000,12000,11000,2022-02-19
3322,Hassan,Channarayapatna,Coconut,Grade- II,FAQ,10000,12000,12000,2021-12-05
3323,Hassan,Channarayapatna,Coconut,Grade- II,FAQ,10000,12000,12000,2020-04-08
3324,Hassan,Channarayapatna,Coconut,Grade- II,FAQ,10000,12000,12000,2021-11-09
3325,Hassan,Channarayapatna,Coconut,Grade- II,FAQ,10000,12000,12000,2020-12-10
3326,Hassan,Channarayapatna,Coconut,Grade- II,FAQ,10000,12000,12000,2021-10-16
3327,Hassan,Channarayapatna,Coconut,Grade- II,FAQ,10000,12000,12000,2020-08-18
3328,Hassan,Channarayapatna,Coconut,Grade- II,FAQ,10000,12000,12000,2020-12-20
3329,Hassan,Channarayapatna,Coconut,Grade- II,FAQ,10000,12000,12000,2021-11-20
3330,Hassan,Channarayapatna,Coconut,Grade- II,FAQ,10000,12000,12000,2021-11-23
3331,Hassan,Channarayapatna,Coconut,Grade- II,FAQ,10000,12000,12000,2021-07-29
3332,Hassan,Channarayapatna,Coconut,Grade- II,FAQ,10000,12500,10000,2021-12-04
3333,Hassan,Channarayapatna,Coconut,Grade- II,FAQ,10000,12500,10000,2022-09-13
3334,Hassan,Channarayapatna,Coconut,Grade- II,FAQ,10000,13000,10000,2021-01-05
3335,Hassan,Channarayapatna,Coconut,Grade- II,FAQ,10000,13000,10000,2021-03-13
3336,Hassan,Channarayapatna,Coconut,Grade- II,FAQ,10000,13000,10000,2021-10-30
3337,Hassan,Channarayapatna,Coconut,Grade- II,FAQ,10000,13000,11000,2020-09-13
3338,Hassan,Channarayapatna,Coconut,Grade- II,FAQ,10000,13000,12000,2021-08-10
3339,Hassan,Channarayapatna,Coconut,Grade- II,FAQ,10000,13000,13000,2021-02-01
3340,Hassan,Channarayapatna,Coconut,Grade- II,FAQ,10000,13000,13000,2021-03-15
3341,Hassan,Channarayapatna,Coconut,Grade- II,FAQ,10000,13000,13000,2021-12-16
3342,Hassan,Channarayapatna,Coconut,Grade- II,FAQ,10000,14000,10000,2021-02-09
3343,Hassan,Channarayapatna,Coconut,Grade- II,FAQ,10000,14000,10000,2021-03-09
3344,Hassan,Channarayapatna,Coconut,Grade- II,FAQ,10000,14000,10000,2020-12-13
3345,Hassan,Channarayapatna,Coconut,Grade- II,FAQ,10000,14000,10000,2021-03-27
3346,Hassan,Channarayapatna,Coconut,Grade- II,FAQ,10000,14000,14000,2021-02-02
3347,Hassan,Channarayapatna,Coconut,Grade- II,FAQ,10000,14000,14000,2021-03-02
3348,Hassan,Channarayapatna,Coconut,Grade- II,FAQ,10000,14000,14000,2021-02-23
3349,Hassan,Channarayapatna,Coconut,Grade- II,FAQ,10000,14000,14000,2020-12-27
3350,Hassan,Channarayapatna,Coconut,Grade- II,FAQ,10000,14000,14000,2021-03-30
3351,Hassan,Channarayapatna,Coconut,Grade- II,FAQ,10000,14400,10000,2020-08-30
3352,Hassan,Channarayapatna,Coconut,Grade- II,FAQ,10000,15000,10000,2021-04-03
3353,Hassan,Channarayapatna,Coconut,Grade- II,FAQ,10000,15000,10000,2021-10-05
3354,Hassan,Channarayapatna,Coconut,Grade- II,FAQ,10000,15000,10000,2021-03-06
3355,Hassan,Channarayapatna,Coconut,Grade- II,FAQ,10000,15000,10000,2021-04-10
3356,Hassan,Channarayapatna,Coconut,Grade- II,FAQ,10000,15000,10000,2022-02-12
3357,Hassan,Channarayapatna,Coconut,Grade- II,FAQ,10000,15000,10000,2021-02-13
3358,Hassan,Channarayapatna,Coconut,Grade- II,FAQ,10000,15000,10000,2021-07-15
3359,Hassan,Channarayapatna,Coconut,Grade- II,FAQ,10000,15000,10000,2021-12-21
3360,Hassan,Channarayapatna,Coconut,Grade- II,FAQ,10000,15000,10000,2021-02-27
3361,Hassan,Channarayapatna,Coconut,Grade- II,FAQ,10000,15000,12000,2021-04-06
3362,Hassan,Channarayapatna,Coconut,Grade- II,FAQ,10000,15000,12000,2021-11-30
3363,Hassan,Channarayapatna,Coconut,Grade- II,FAQ,10000,15000,15000,2024-02-03
3364,Hassan,Channarayapatna,Coconut,Grade- II,FAQ,10000,15000,15000,2024-02-06
3365,Hassan,Channarayapatna,Coconut,Grade- II,FAQ,10000,15000,15000,2021-05-11
3366,Hassan,Channarayapatna,Coconut,Grade- II,FAQ,10000,15000,15000,2021-04-17
3367,Hassan,Channarayapatna,Coconut,Grade- II,FAQ,10000,15000,15000,2021-11-28
3368,Hassan,Channarayapatna,Coconut,Grade- II,FAQ,10000,15630,10000,2023-04-01
3369,Hassan,Channarayapatna,Coconut,Grade- II,FAQ,10000,16000,12000,2020-05-31
3370,Hassan,Channarayapatna,Coconut,Grade- II,FAQ,10000,16500,10000,2022-08-23
3371,Hassan,Channarayapatna,Coconut,Grade- II,FAQ,10000,17000,16000,2020-06-12
3372,Hassan,Channarayapatna,Coconut,Grade- II,FAQ,10000,17500,15000,2024-01-30
3373,Hassan,Channarayapatna,Coconut,Grade- II,FAQ,10000,17500,17500,2024-07-02
3374,Hassan,Channarayapatna,Coconut,Grade- II,FAQ,10000,18000,10000,2022-01-18
3375,Hassan,Channarayapatna,Coconut,Grade- II,FAQ,10000,18000,10000,2020-04-19
3376,Hassan,Channarayapatna,Coconut,Grade- II,FAQ,10000,18000,10000,2022-01-25
3377,Hassan,Channarayapatna,Coconut,Grade- II,FAQ,10000,18000,10000,2020-06-29
3378,Hassan,Channarayapatna,Coconut,Grade- II,FAQ,10000,18500,10000,2021-11-13
3379,Hassan,Channarayapatna,Coconut,Grade- II,FAQ,10000,18700,10000,2021-11-16
3380,Hassan,Channarayapatna,Coconut,Grade- II,FAQ,10000,20000,10000,2021-02-21
3381,Hassan,Channarayapatna,Coconut,Grade- II,FAQ,10000,22000,22000,2020-09-20
3382,Hassan,Channarayapatna,Coconut,Grade- II,FAQ,10000,22000,22000,2021-01-24
3383,Hassan,Channarayapatna,Coconut,Grade- II,FAQ,11000,11000,11000,2020-11-05
3384,Hassan,Channarayapatna,Coconut,Grade- II,FAQ,11000,11000,11000,2021-08-08
3385,Hassan,Channarayapatna,Coconut,Grade- II,FAQ,11000,11000,11000,2022-02-13
3386,Hassan,Channarayapatna,Coconut,Grade- II,FAQ,11000,11000,11000,2020-11-13
3387,Hassan,Channarayapatna,Coconut,Grade- II,FAQ,11000,11000,11000,2022-02-18
3388,Hassan,Channarayapatna,Coconut,Grade- II,FAQ,11000,11000,11000,2021-02-19
3389,Hassan,Channarayapatna,Coconut,Grade- II,FAQ,11000,11000,11000,2022-02-25
3390,Hassan,Channarayapatna,Coconut,Grade- II,FAQ,11000,11000,11000,2022-02-27
3391,Hassan,Channarayapatna,Coconut,Grade- II,FAQ,11000,11000,11000,2021-10-31
3392,Hassan,Channarayapatna,Coconut,Grade- II,FAQ,11000,12000,11000,2020-10-29
3393,Hassan,Channarayapatna,Coconut,Grade- II,FAQ,11000,12000,12000,2020-08-22
3394,Hassan,Channarayapatna,Coconut,Grade- II,FAQ,11000,13500,12000,2020-12-06
3395,Hassan,Channarayapatna,Coconut,Grade- II,FAQ,11000,14000,14000,2022-02-11
3396,Hassan,Channarayapatna,Coconut,Grade- II,FAQ,11000,15000,12000,2020-09-22
3397,Hassan,Channarayapatna,Coconut,Grade- II,FAQ,11000,15000,15000,2020-10-15
3398,Hassan,Channarayapatna,Coconut,Grade- II,FAQ,11100,11100,11100,2020-04-27
3399,Hassan,Channarayapatna,Coconut,Grade- II,FAQ,11500,14000,12000,2020-12-29
3400,Hassan,Channarayapatna,Coconut,Grade- II,FAQ,12000,12000,12000,2020-09-04
3401,Hassan,Channarayapatna,Coconut,Grade- II,FAQ,12000,12000,12000,2022-08-05
3402,Hassan,Channarayapatna,Coconut,Grade- II,FAQ,12000,12000,12000,2021-01-06
3403,Hassan,Channarayapatna,Coconut,Grade- II,FAQ,12000,12000,12000,2021-09-06
3404,Hassan,Channarayapatna,Coconut,Grade- II,FAQ,12000,12000,12000,2020-06-07
3405,Hassan,Channarayapatna,Coconut,Grade- II,FAQ,12000,12000,12000,2020-11-09
3406,Hassan,Channarayapatna,Coconut,Grade- II,FAQ,12000,12000,12000,2021-01-13
3407,Hassan,Channarayapatna,Coconut,Grade- II,FAQ,12000,12000,12000,2020-10-14
3408,Hassan,Channarayapatna,Coconut,Grade- II,FAQ,12000,12000,12000,2020-11-16
3409,Hassan,Channarayapatna,Coconut,Grade- II,FAQ,12000,12000,12000,2020-09-16
3410,Hassan,Channarayapatna,Coconut,Grade- II,FAQ,12000,12000,12000,2020-06-17
3411,Hassan,Channarayapatna,Coconut,Grade- II,FAQ,12000,12000,12000,2020-12-21
3412,Hassan,Channarayapatna,Coconut,Grade- II,FAQ,12000,12000,12000,2020-10-21
3413,Hassan,Channarayapatna,Coconut,Grade- II,FAQ,12000,12000,12000,2020-12-23
3414,Hassan,Channarayapatna,Coconut,Grade- II,FAQ,12000,12000,12000,2021-03-23
3415,Hassan,Channarayapatna,Coconut,Grade- II,FAQ,12000,12000,12000,2020-09-23
3416,Hassan,Channarayapatna,Coconut,Grade- II,FAQ,12000,12000,12000,2021-12-29
3417,Hassan,Channarayapatna,Coconut,Grade- II,FAQ,12000,12000,12000,2020-11-30
3418,Hassan,Channarayapatna,Coconut,Grade- II,FAQ,12000,13000,12000,2020-12-02
3419,Hassan,Channarayapatna,Coconut,Grade- II,FAQ,12000,15000,15000,2021-07-14
3420,Hassan,Channarayapatna,Coconut,Grade- II,FAQ,12000,15000,15000,2020-12-18
3421,Hassan,Channarayapatna,Coconut,Grade- II,FAQ,12700,12700,12700,2020-10-08
3422,Hassan,Channarayapatna,Coconut,Grade- II,FAQ,13000,13000,13000,2021-10-01
3423,Hassan,Channarayapatna,Coconut,Grade- II,FAQ,13000,13000,13000,2020-12-04
3424,Hassan,Channarayapatna,Coconut,Grade- II,FAQ,13000,13000,13000,2020-10-07
3425,Hassan,Channarayapatna,Coconut,Grade- II,FAQ,13000,13000,13000,2020-12-24
3426,Hassan,Channarayapatna,Coconut,Grade- II,FAQ,13000,13000,13000,2021-08-26
3427,Hassan,Channarayapatna,Coconut,Grade- II,FAQ,13000,13000,13000,2021-10-27
3428,Hassan,Channarayapatna,Coconut,Grade- II,FAQ,13000,14000,14000,2020-10-18
3429,Hassan,Channarayapatna,Coconut,Grade- II,FAQ,13120,13120,13120,2021-09-03
3430,Hassan,Channarayapatna,Coconut,Grade- II,FAQ,14000,14000,14000,2020-11-19
3431,Hassan,Channarayapatna,Coconut,Grade- II,FAQ,14000,14000,14000,2021-08-30
3432,Hassan,Channarayapatna,Coconut,Grade- II,FAQ,14000,18770,14500,2024-09-01
3433,Hassan,Channarayapatna,Coconut,Grade- II,FAQ,14400,14400,14400,2020-09-03
3434,Hassan,Channarayapatna,Coconut,Grade- II,FAQ,14450,14450,14450,2024-06-12
3435,Hassan,Channarayapatna,Coconut,Grade- II,FAQ,14500,14500,14500,2020-06-16
3436,Hassan,Channarayapatna,Coconut,Grade- II,FAQ,15000,15000,15000,2020-10-05
3437,Hassan,Channarayapatna,Coconut,Grade- II,FAQ,15000,15000,15000,2020-10-12
3438,Hassan,Channarayapatna,Coconut,Grade- II,FAQ,15000,15000,15000,2020-05-21
3439,Hassan,Channarayapatna,Coconut,Grade- II,FAQ,15000,15000,15000,2021-11-21
3440,Hassan,Channarayapatna,Coconut,Grade- II,FAQ,15000,15000,15000,2020-10-22
3441,Hassan,Channarayapatna,Coconut,Grade- II,FAQ,15000,15000,15000,2020-11-26
3442,Hassan,Channarayapatna,Coconut,Grade- II,FAQ,15000,15000,15000,2024-03-30
3443,Hassan,Channarayapatna,Coconut,Grade- II,FAQ,16000,16000,16000,2021-05-04
3444,Hassan,Channarayapatna,Coconut,Grade- II,FAQ,16000,16000,16000,2020-09-07
3445,Hassan,Channarayapatna,Coconut,Grade- II,FAQ,16000,17000,16000,2020-05-09
3446,Hassan,Channarayapatna,Coconut,Grade- II,FAQ,17750,17750,17750,2024-08-19
3447,Hassan,Channarayapatna,Coconut,Grade- II,FAQ,18340,19350,18340,2020-10-16
3448,Hassan,Channarayapatna,Coconut,Grade- II,FAQ,19000,19000,19000,2024-09-06
3449,Hassan,Channarayapatna,Coconut,Grade- II,FAQ,19500,19500,19500,2024-12-20
3450,Hassan,Channarayapatna,Coconut,Grade- II,FAQ,20000,20000,20000,2021-08-06
3451,Hassan,Channarayapatna,Coconut,Grade- II,FAQ,20000,20000,20000,2025-02-06
3452,Hassan,Channarayapatna,Coconut,Grade- II,FAQ,20000,20000,20000,2025-02-07
3453,Hassan,Channarayapatna,Coconut,Grade- II,FAQ,20000,20000,20000,2024-12-12
3454,Hassan,Channarayapatna,Coconut,Grade- II,FAQ,20000,20000,20000,2025-03-14
3455,Hassan,Channarayapatna,Coconut,Grade- II,FAQ,20000,20000,20000,2025-01-15
3456,Hassan,Channarayapatna,Coconut,Grade- II,FAQ,20000,20000,20000,2024-12-16
3457,Hassan,Channarayapatna,Coconut,Grade- II,FAQ,20000,20000,20000,2025-01-16
3458,Hassan,Channarayapatna,Coconut,Grade- II,FAQ,20000,20000,20000,2024-12-19
3459,Hassan,Channarayapatna,Coconut,Grade- II,FAQ,20000,20000,20000,2025-01-24
3460,Hassan,Channarayapatna,Coconut,Grade- II,FAQ,20000,20000,20000,2022-12-28
3461,Hassan,Channarayapatna,Coconut,Grade- II,FAQ,20000,20000,20000,2025-01-29
3462,Hassan,Channarayapatna,Coconut,Grade- II,FAQ,20000,25000,20000,2025-01-20
3463,Hassan,Channarayapatna,Coconut,Grade- II,FAQ,20000,25000,25000,2025-02-15
3464,Hassan,Channarayapatna,Coconut,Grade- II,FAQ,20000,27000,20000,2025-04-05
3465,Hassan,Channarayapatna,Coconut,Grade- II,FAQ,20000,34000,20000,2025-03-15
3466,Hassan,Channarayapatna,Coconut,Grade- II,FAQ,21000,25000,25000,2025-02-16
3467,Hassan,Channarayapatna,Coconut,Grade- II,FAQ,21500,36000,24000,2025-01-22
3468,Hassan,Channarayapatna,Coconut,Grade- II,FAQ,22000,22000,22000,2025-03-26
3469,Hassan,Channarayapatna,Coconut,Grade- II,FAQ,24000,24000,24000,2025-04-16
3470,Hassan,Channarayapatna,Coconut,Grade- II,FAQ,25000,25000,25000,2025-06-02
3471,Hassan,Channarayapatna,Coconut,Grade- II,FAQ,25000,25000,25000,2025-04-22
3472,Hassan,Channarayapatna,Coconut,Grade- II,FAQ,25000,25000,25000,2025-01-27
3473,Hassan,Channarayapatna,Coconut,Grade- II,FAQ,25000,31000,31000,2025-02-11
3474,Hassan,Channarayapatna,Coconut,Grade- II,FAQ,26500,26500,26500,2024-07-12
3475,Hassan,Channarayapatna,Coconut,Grade- II,FAQ,38000,38000,38000,2025-04-24
3476,Hassan,Channarayapatna,Coconut,Grade- II,Ref grade-1,20000,20000,20000,2025-01-30
3477,Hassan,Channarayapatna,Coconut,Grade- II,Ref grade-1,20000,20000,20000,2025-01-31
3478,Hassan,Channarayapatna,Coconut,Grade- II,Ref grade-1,20000,22000,20000,2025-02-03
3479,Hassan,Channarayapatna,Coconut,Grade- II,Ref grade-1,20000,23000,23000,2025-02-05
3480,Hassan,Channarayapatna,Coconut,Grade- II,Ref grade-1,20000,25000,20000,2025-02-04
3481,Hassan,Channarayapatna,Coconut,Grade-III,FAQ,10000,10000,10000,2019-08-01
3482,Hassan,Channarayapatna,Coconut,Grade-III,FAQ,10000,10000,10000,2023-08-01
3483,Hassan,Channarayapatna,Coconut,Grade-III,FAQ,10000,10000,10000,2023-01-01
3484,Hassan,Channarayapatna,Coconut,Grade-III,FAQ,10000,10000,10000,2023-07-01
3485,Hassan,Channarayapatna,Coconut,Grade-III,FAQ,10000,10000,10000,2024-06-01
3486,Hassan,Channarayapatna,Coconut,Grade-III,FAQ,10000,10000,10000,2022-11-01
3487,Hassan,Channarayapatna,Coconut,Grade-III,FAQ,10000,10000,10000,2020-01-02
3488,Hassan,Channarayapatna,Coconut,Grade-III,FAQ,10000,10000,10000,2023-05-02
3489,Hassan,Channarayapatna,Coconut,Grade-III,FAQ,10000,10000,10000,2023-09-02
3490,Hassan,Channarayapatna,Coconut,Grade-III,FAQ,10000,10000,10000,2020-01-03
3491,Hassan,Channarayapatna,Coconut,Grade-III,FAQ,10000,10000,10000,2023-01-03
3492,Hassan,Channarayapatna,Coconut,Grade-III,FAQ,10000,10000,10000,2023-06-03
3493,Hassan,Channarayapatna,Coconut,Grade-III,FAQ,10000,10000,10000,2024-03-03
3494,Hassan,Channarayapatna,Coconut,Grade-III,FAQ,10000,10000,10000,2023-10-03
3495,Hassan,Channarayapatna,Coconut,Grade-III,FAQ,10000,10000,10000,2019-09-03
3496,Hassan,Channarayapatna,Coconut,Grade-III,FAQ,10000,10000,10000,2023-04-04
3497,Hassan,Channarayapatna,Coconut,Grade-III,FAQ,10000,10000,10000,2019-12-04
3498,Hassan,Channarayapatna,Coconut,Grade-III,FAQ,10000,10000,10000,2023-12-04
3499,Hassan,Channarayapatna,Coconut,Grade-III,FAQ,10000,10000,10000,2023-07-04
3500,Hassan,Channarayapatna,Coconut,Grade-III,FAQ,10000,10000,10000,2023-03-04
3501,Hassan,Channarayapatna,Coconut,Grade-III,FAQ,10000,10000,10000,2019-10-04
3502,Hassan,Channarayapatna,Coconut,Grade-III,FAQ,10000,10000,10000,2019-08-05
3503,Hassan,Channarayapatna,Coconut,Grade-III,FAQ,10000,10000,10000,2019-12-05
3504,Hassan,Channarayapatna,Coconut,Grade-III,FAQ,10000,10000,10000,2020-03-05
3505,Hassan,Channarayapatna,Coconut,Grade-III,FAQ,10000,10000,10000,2023-09-05
3506,Hassan,Channarayapatna,Coconut,Grade-III,FAQ,10000,10000,10000,2022-08-06
3507,Hassan,Channarayapatna,Coconut,Grade-III,FAQ,10000,10000,10000,2020-02-06
3508,Hassan,Channarayapatna,Coconut,Grade-III,FAQ,10000,10000,10000,2023-06-06
3509,Hassan,Channarayapatna,Coconut,Grade-III,FAQ,10000,10000,10000,2020-03-06
3510,Hassan,Channarayapatna,Coconut,Grade-III,FAQ,10000,10000,10000,2023-05-06
3511,Hassan,Channarayapatna,Coconut,Grade-III,FAQ,10000,10000,10000,2022-11-06
3512,Hassan,Channarayapatna,Coconut,Grade-III,FAQ,10000,10000,10000,2020-02-07
3513,Hassan,Channarayapatna,Coconut,Grade-III,FAQ,10000,10000,10000,2019-11-07
3514,Hassan,Channarayapatna,Coconut,Grade-III,FAQ,10000,10000,10000,2019-08-08
3515,Hassan,Channarayapatna,Coconut,Grade-III,FAQ,10000,10000,10000,2023-08-08
3516,Hassan,Channarayapatna,Coconut,Grade-III,FAQ,10000,10000,10000,2020-01-08
3517,Hassan,Channarayapatna,Coconut,Grade-III,FAQ,10000,10000,10000,2023-07-08
3518,Hassan,Channarayapatna,Coconut,Grade-III,FAQ,10000,10000,10000,2019-11-08
3519,Hassan,Channarayapatna,Coconut,Grade-III,FAQ,10000,10000,10000,2019-10-08
3520,Hassan,Channarayapatna,Coconut,Grade-III,FAQ,10000,10000,10000,2022-10-08
3521,Hassan,Channarayapatna,Coconut,Grade-III,FAQ,10000,10000,10000,2022-08-09
3522,Hassan,Channarayapatna,Coconut,Grade-III,FAQ,10000,10000,10000,2019-12-09
3523,Hassan,Channarayapatna,Coconut,Grade-III,FAQ,10000,10000,10000,2022-07-09
3524,Hassan,Channarayapatna,Coconut,Grade-III,FAQ,10000,10000,10000,2020-03-09
3525,Hassan,Channarayapatna,Coconut,Grade-III,FAQ,10000,10000,10000,2020-01-10
3526,Hassan,Channarayapatna,Coconut,Grade-III,FAQ,10000,10000,10000,2023-01-10
3527,Hassan,Channarayapatna,Coconut,Grade-III,FAQ,10000,10000,10000,2022-09-10
3528,Hassan,Channarayapatna,Coconut,Grade-III,FAQ,10000,10000,10000,2023-04-11
3529,Hassan,Channarayapatna,Coconut,Grade-III,FAQ,10000,10000,10000,2019-08-11
3530,Hassan,Channarayapatna,Coconut,Grade-III,FAQ,10000,10000,10000,2023-07-11
3531,Hassan,Channarayapatna,Coconut,Grade-III,FAQ,10000,10000,10000,2020-03-11
3532,Hassan,Channarayapatna,Coconut,Grade-III,FAQ,10000,10000,10000,2023-03-11
3533,Hassan,Channarayapatna,Coconut,Grade-III,FAQ,10000,10000,10000,2022-10-11
3534,Hassan,Channarayapatna,Coconut,Grade-III,FAQ,10000,10000,10000,2023-08-12
3535,Hassan,Channarayapatna,Coconut,Grade-III,FAQ,10000,10000,10000,2019-12-12
3536,Hassan,Channarayapatna,Coconut,Grade-III,FAQ,10000,10000,10000,2021-12-12
3537,Hassan,Channarayapatna,Coconut,Grade-III,FAQ,10000,10000,10000,2023-02-12
3538,Hassan,Channarayapatna,Coconut,Grade-III,FAQ,10000,10000,10000,2019-07-12
3539,Hassan,Channarayapatna,Coconut,Grade-III,FAQ,10000,10000,10000,2022-09-12
3540,Hassan,Channarayapatna,Coconut,Grade-III,FAQ,10000,10000,10000,2023-09-12
3541,Hassan,Channarayapatna,Coconut,Grade-III,FAQ,10000,10000,10000,2022-08-13
3542,Hassan,Channarayapatna,Coconut,Grade-III,FAQ,10000,10000,10000,2019-12-13
3543,Hassan,Channarayapatna,Coconut,Grade-III,FAQ,10000,10000,10000,2021-12-13
3544,Hassan,Channarayapatna,Coconut,Grade-III,FAQ,10000,10000,10000,2023-05-13
3545,Hassan,Channarayapatna,Coconut,Grade-III,FAQ,10000,10000,10000,2022-08-14
3546,Hassan,Channarayapatna,Coconut,Grade-III,FAQ,10000,10000,10000,2023-12-14
3547,Hassan,Channarayapatna,Coconut,Grade-III,FAQ,10000,10000,10000,2019-11-14
3548,Hassan,Channarayapatna,Coconut,Grade-III,FAQ,10000,10000,10000,2023-10-14
3549,Hassan,Channarayapatna,Coconut,Grade-III,FAQ,10000,10000,10000,2023-04-15
3550,Hassan,Channarayapatna,Coconut,Grade-III,FAQ,10000,10000,10000,2020-01-15
3551,Hassan,Channarayapatna,Coconut,Grade-III,FAQ,10000,10000,10000,2023-07-15
3552,Hassan,Channarayapatna,Coconut,Grade-III,FAQ,10000,10000,10000,2019-11-15
3553,Hassan,Channarayapatna,Coconut,Grade-III,FAQ,10000,10000,10000,2022-11-15
3554,Hassan,Channarayapatna,Coconut,Grade-III,FAQ,10000,10000,10000,2022-10-15
3555,Hassan,Channarayapatna,Coconut,Grade-III,FAQ,10000,10000,10000,2019-09-15
3556,Hassan,Channarayapatna,Coconut,Grade-III,FAQ,10000,10000,10000,2022-04-16
3557,Hassan,Channarayapatna,Coconut,Grade-III,FAQ,10000,10000,10000,2023-08-16
3558,Hassan,Channarayapatna,Coconut,Grade-III,FAQ,10000,10000,10000,2023-05-16
3559,Hassan,Channarayapatna,Coconut,Grade-III,FAQ,10000,10000,10000,2019-09-16
3560,Hassan,Channarayapatna,Coconut,Grade-III,FAQ,10000,10000,10000,2020-01-17
3561,Hassan,Channarayapatna,Coconut,Grade-III,FAQ,10000,10000,10000,2023-01-17
3562,Hassan,Channarayapatna,Coconut,Grade-III,FAQ,10000,10000,10000,2023-06-17
3563,Hassan,Channarayapatna,Coconut,Grade-III,FAQ,10000,10000,10000,2023-10-17
3564,Hassan,Channarayapatna,Coconut,Grade-III,FAQ,10000,10000,10000,2023-04-18
3565,Hassan,Channarayapatna,Coconut,Grade-III,FAQ,10000,10000,10000,2019-08-18
3566,Hassan,Channarayapatna,Coconut,Grade-III,FAQ,10000,10000,10000,2022-12-18
3567,Hassan,Channarayapatna,Coconut,Grade-III,FAQ,10000,10000,10000,2023-07-18
3568,Hassan,Channarayapatna,Coconut,Grade-III,FAQ,10000,10000,10000,2019-10-18
3569,Hassan,Channarayapatna,Coconut,Grade-III,FAQ,10000,10000,10000,2020-02-19
3570,Hassan,Channarayapatna,Coconut,Grade-III,FAQ,10000,10000,10000,2019-09-19
3571,Hassan,Channarayapatna,Coconut,Grade-III,FAQ,10000,10000,10000,2022-12-20
3572,Hassan,Channarayapatna,Coconut,Grade-III,FAQ,10000,10000,10000,2023-06-20
3573,Hassan,Channarayapatna,Coconut,Grade-III,FAQ,10000,10000,10000,2019-11-20
3574,Hassan,Channarayapatna,Coconut,Grade-III,FAQ,10000,10000,10000,2022-11-20
3575,Hassan,Channarayapatna,Coconut,Grade-III,FAQ,10000,10000,10000,2019-09-20
3576,Hassan,Channarayapatna,Coconut,Grade-III,FAQ,10000,10000,10000,2019-08-21
3577,Hassan,Channarayapatna,Coconut,Grade-III,FAQ,10000,10000,10000,2020-02-21
3578,Hassan,Channarayapatna,Coconut,Grade-III,FAQ,10000,10000,10000,2019-07-21
3579,Hassan,Channarayapatna,Coconut,Grade-III,FAQ,10000,10000,10000,2023-03-21
3580,Hassan,Channarayapatna,Coconut,Grade-III,FAQ,10000,10000,10000,2023-11-21
3581,Hassan,Channarayapatna,Coconut,Grade-III,FAQ,10000,10000,10000,2022-09-21
3582,Hassan,Channarayapatna,Coconut,Grade-III,FAQ,10000,10000,10000,2023-08-22
3583,Hassan,Channarayapatna,Coconut,Grade-III,FAQ,10000,10000,10000,2019-07-22
3584,Hassan,Channarayapatna,Coconut,Grade-III,FAQ,10000,10000,10000,2023-07-22
3585,Hassan,Channarayapatna,Coconut,Grade-III,FAQ,10000,10000,10000,2019-11-22
3586,Hassan,Channarayapatna,Coconut,Grade-III,FAQ,10000,10000,10000,2020-02-23
3587,Hassan,Channarayapatna,Coconut,Grade-III,FAQ,10000,10000,10000,2019-10-23
3588,Hassan,Channarayapatna,Coconut,Grade-III,FAQ,10000,10000,10000,2023-01-24
3589,Hassan,Channarayapatna,Coconut,Grade-III,FAQ,10000,10000,10000,2024-05-24
3590,Hassan,Channarayapatna,Coconut,Grade-III,FAQ,10000,10000,10000,2019-10-24
3591,Hassan,Channarayapatna,Coconut,Grade-III,FAQ,10000,10000,10000,2023-10-24
3592,Hassan,Channarayapatna,Coconut,Grade-III,FAQ,10000,10000,10000,2023-04-25
3593,Hassan,Channarayapatna,Coconut,Grade-III,FAQ,10000,10000,10000,2023-02-25
3594,Hassan,Channarayapatna,Coconut,Grade-III,FAQ,10000,10000,10000,2023-07-25
3595,Hassan,Channarayapatna,Coconut,Grade-III,FAQ,10000,10000,10000,2023-03-25
3596,Hassan,Channarayapatna,Coconut,Grade-III,FAQ,10000,10000,10000,2022-09-25
3597,Hassan,Channarayapatna,Coconut,Grade-III,FAQ,10000,10000,10000,2019-08-26
3598,Hassan,Channarayapatna,Coconut,Grade-III,FAQ,10000,10000,10000,2019-12-26
3599,Hassan,Channarayapatna,Coconut,Grade-III,FAQ,10000,10000,10000,2023-12-26
3600,Hassan,Channarayapatna,Coconut,Grade-III,FAQ,10000,10000,10000,2023-09-26
3601,Hassan,Channarayapatna,Coconut,Grade-III,FAQ,10000,10000,10000,2019-12-27
3602,Hassan,Channarayapatna,Coconut,Grade-III,FAQ,10000,10000,10000,2023-06-27
3603,Hassan,Channarayapatna,Coconut,Grade-III,FAQ,10000,10000,10000,2023-05-27
3604,Hassan,Channarayapatna,Coconut,Grade-III,FAQ,10000,10000,10000,2019-11-27
3605,Hassan,Channarayapatna,Coconut,Grade-III,FAQ,10000,10000,10000,2022-09-27
3606,Hassan,Channarayapatna,Coconut,Grade-III,FAQ,10000,10000,10000,2019-08-28
3607,Hassan,Channarayapatna,Coconut,Grade-III,FAQ,10000,10000,10000,2023-02-28
3608,Hassan,Channarayapatna,Coconut,Grade-III,FAQ,10000,10000,10000,2020-03-28
3609,Hassan,Channarayapatna,Coconut,Grade-III,FAQ,10000,10000,10000,2022-05-28
3610,Hassan,Channarayapatna,Coconut,Grade-III,FAQ,10000,10000,10000,2024-05-28
3611,Hassan,Channarayapatna,Coconut,Grade-III,FAQ,10000,10000,10000,2023-11-28
3612,Hassan,Channarayapatna,Coconut,Grade-III,FAQ,10000,10000,10000,2023-10-28
3613,Hassan,Channarayapatna,Coconut,Grade-III,FAQ,10000,10000,10000,2023-04-29
3614,Hassan,Channarayapatna,Coconut,Grade-III,FAQ,10000,10000,10000,2023-08-29
3615,Hassan,Channarayapatna,Coconut,Grade-III,FAQ,10000,10000,10000,2019-12-29
3616,Hassan,Channarayapatna,Coconut,Grade-III,FAQ,10000,10000,10000,2019-11-29
3617,Hassan,Channarayapatna,Coconut,Grade-III,FAQ,10000,10000,10000,2022-10-29
3618,Hassan,Channarayapatna,Coconut,Grade-III,FAQ,10000,10000,10000,2019-09-29
3619,Hassan,Channarayapatna,Coconut,Grade-III,FAQ,10000,10000,10000,2023-05-30
3620,Hassan,Channarayapatna,Coconut,Grade-III,FAQ,10000,10000,10000,2023-01-31
3621,Hassan,Channarayapatna,Coconut,Grade-III,FAQ,10000,10200,10000,2019-10-13
3622,Hassan,Channarayapatna,Coconut,Grade-III,FAQ,10000,10500,10500,2019-10-06
3623,Hassan,Channarayapatna,Coconut,Grade-III,FAQ,10000,10750,10000,2019-09-01
3624,Hassan,Channarayapatna,Coconut,Grade-III,FAQ,10000,10750,10000,2019-09-09
3625,Hassan,Channarayapatna,Coconut,Grade-III,FAQ,10000,10750,10000,2019-10-20
3626,Hassan,Channarayapatna,Coconut,Grade-III,FAQ,10000,11000,10000,2022-09-06
3627,Hassan,Channarayapatna,Coconut,Grade-III,FAQ,10000,11000,10000,2022-05-07
3628,Hassan,Channarayapatna,Coconut,Grade-III,FAQ,10000,11000,11000,2020-01-20
3629,Hassan,Channarayapatna,Coconut,Grade-III,FAQ,10000,11000,11000,2023-11-23
3630,Hassan,Channarayapatna,Coconut,Grade-III,FAQ,10000,11000,11000,2019-10-30
3631,Hassan,Channarayapatna,Coconut,Grade-III,FAQ,10000,11500,10000,2020-02-26
3632,Hassan,Channarayapatna,Coconut,Grade-III,FAQ,10000,11500,10000,2020-01-27
3633,Hassan,Channarayapatna,Coconut,Grade-III,FAQ,10000,12000,10000,2019-12-02
3634,Hassan,Channarayapatna,Coconut,Grade-III,FAQ,10000,12000,10000,2019-10-03
3635,Hassan,Channarayapatna,Coconut,Grade-III,FAQ,10000,12000,10000,2022-09-03
3636,Hassan,Channarayapatna,Coconut,Grade-III,FAQ,10000,12000,10000,2022-06-04
3637,Hassan,Channarayapatna,Coconut,Grade-III,FAQ,10000,12000,10000,2022-11-05
3638,Hassan,Channarayapatna,Coconut,Grade-III,FAQ,10000,12000,10000,2019-09-08
3639,Hassan,Channarayapatna,Coconut,Grade-III,FAQ,10000,12000,10000,2021-12-11
3640,Hassan,Channarayapatna,Coconut,Grade-III,FAQ,10000,12000,10000,2023-02-14
3641,Hassan,Channarayapatna,Coconut,Grade-III,FAQ,10000,12000,10000,2023-02-15
3642,Hassan,Channarayapatna,Coconut,Grade-III,FAQ,10000,12000,10000,2022-12-17
3643,Hassan,Channarayapatna,Coconut,Grade-III,FAQ,10000,12000,10000,2019-11-17
3644,Hassan,Channarayapatna,Coconut,Grade-III,FAQ,10000,12000,10000,2023-02-18
3645,Hassan,Channarayapatna,Coconut,Grade-III,FAQ,10000,12000,10000,2023-03-18
3646,Hassan,Channarayapatna,Coconut,Grade-III,FAQ,10000,12000,10000,2022-04-19
3647,Hassan,Channarayapatna,Coconut,Grade-III,FAQ,10000,12000,10000,2020-03-20
3648,Hassan,Channarayapatna,Coconut,Grade-III,FAQ,10000,12000,10000,2022-09-20
3649,Hassan,Channarayapatna,Coconut,Grade-III,FAQ,10000,12000,10000,2019-10-21
3650,Hassan,Channarayapatna,Coconut,Grade-III,FAQ,10000,12000,10000,2022-04-23
3651,Hassan,Channarayapatna,Coconut,Grade-III,FAQ,10000,12000,10000,2019-12-23
3652,Hassan,Channarayapatna,Coconut,Grade-III,FAQ,10000,12000,10000,2019-11-24
3653,Hassan,Channarayapatna,Coconut,Grade-III,FAQ,10000,12000,10000,2022-12-31
3654,Hassan,Channarayapatna,Coconut,Grade-III,FAQ,10000,12000,10000,2020-01-31
3655,Hassan,Channarayapatna,Coconut,Grade-III,FAQ,10000,12000,10000,2024-05-31
3656,Hassan,Channarayapatna,Coconut,Grade-III,FAQ,10000,12000,12000,2023-08-05
3657,Hassan,Channarayapatna,Coconut,Grade-III,FAQ,10000,12000,12000,2024-07-13
3658,Hassan,Channarayapatna,Coconut,Grade-III,FAQ,10000,12000,12000,2023-03-14
3659,Hassan,Channarayapatna,Coconut,Grade-III,FAQ,10000,12000,12000,2024-06-18
3660,Hassan,Channarayapatna,Coconut,Grade-III,FAQ,10000,12000,12000,2019-11-25
3661,Hassan,Channarayapatna,Coconut,Grade-III,FAQ,10000,12000,12000,2023-07-29
3662,Hassan,Channarayapatna,Coconut,Grade-III,FAQ,10000,13000,10000,2023-11-07
3663,Hassan,Channarayapatna,Coconut,Grade-III,FAQ,10000,13000,10000,2020-01-16
3664,Hassan,Channarayapatna,Coconut,Grade-III,FAQ,10000,13000,10000,2023-11-18
3665,Hassan,Channarayapatna,Coconut,Grade-III,FAQ,10000,13000,10000,2019-11-28
3666,Hassan,Channarayapatna,Coconut,Grade-III,FAQ,10000,13000,12000,2020-01-30
3667,Hassan,Channarayapatna,Coconut,Grade-III,FAQ,10000,13000,13000,2024-06-11
3668,Hassan,Channarayapatna,Coconut,Grade-III,FAQ,10000,14000,10000,2024-01-02
3669,Hassan,Channarayapatna,Coconut,Grade-III,FAQ,10000,14000,10000,2020-01-06
3670,Hassan,Channarayapatna,Coconut,Grade-III,FAQ,10000,14000,10000,2024-03-12
3671,Hassan,Channarayapatna,Coconut,Grade-III,FAQ,10000,14000,10000,2024-01-16
3672,Hassan,Channarayapatna,Coconut,Grade-III,FAQ,10000,14000,10000,2019-08-19
3673,Hassan,Channarayapatna,Coconut,Grade-III,FAQ,10000,14000,12000,2019-10-29
3674,Hassan,Channarayapatna,Coconut,Grade-III,FAQ,10000,14900,10000,2020-02-03
3675,Hassan,Channarayapatna,Coconut,Grade-III,FAQ,10000,15000,10000,2024-04-02
3676,Hassan,Channarayapatna,Coconut,Grade-III,FAQ,10000,15000,10000,2024-03-05
3677,Hassan,Channarayapatna,Coconut,Grade-III,FAQ,10000,15000,10000,2024-02-13
3678,Hassan,Channarayapatna,Coconut,Grade-III,FAQ,10000,15000,10000,2024-02-20
3679,Hassan,Channarayapatna,Coconut,Grade-III,FAQ,10000,15000,10000,2021-10-23
3680,Hassan,Channarayapatna,Coconut,Grade-III,FAQ,10000,15000,10000,2024-03-26
3681,Hassan,Channarayapatna,Coconut,Grade-III,FAQ,10000,15000,12000,2019-11-02
3682,Hassan,Channarayapatna,Coconut,Grade-III,FAQ,10000,15000,15000,2024-03-02
3683,Hassan,Channarayapatna,Coconut,Grade-III,FAQ,10000,15000,15000,2024-05-04
3684,Hassan,Channarayapatna,Coconut,Grade-III,FAQ,10000,15000,15000,2024-03-16
3685,Hassan,Channarayapatna,Coconut,Grade-III,FAQ,10000,15000,15000,2024-02-17
3686,Hassan,Channarayapatna,Coconut,Grade-III,FAQ,10000,15000,15000,2024-02-27
3687,Hassan,Channarayapatna,Coconut,Grade-III,FAQ,10000,15000,15000,2019-10-27
3688,Hassan,Channarayapatna,Coconut,Grade-III,FAQ,10000,15033,15033,2024-07-05
3689,Hassan,Channarayapatna,Coconut,Grade-III,FAQ,10000,15037,15037,2024-05-18
3690,Hassan,Channarayapatna,Coconut,Grade-III,FAQ,10000,15200,15200,2019-11-06
3691,Hassan,Channarayapatna,Coconut,Grade-III,FAQ,10000,15625,10000,2019-11-03
3692,Hassan,Channarayapatna,Coconut,Grade-III,FAQ,10000,15670,10000,2023-06-10
3693,Hassan,Channarayapatna,Coconut,Grade-III,FAQ,10000,16000,16000,2019-09-27
3694,Hassan,Channarayapatna,Coconut,Grade-III,FAQ,10000,16500,10000,2019-11-01
3695,Hassan,Channarayapatna,Coconut,Grade-III,FAQ,10000,16600,16600,2023-04-22
3696,Hassan,Channarayapatna,Coconut,Grade-III,FAQ,10000,17000,10000,2020-02-12
3697,Hassan,Channarayapatna,Coconut,Grade-III,FAQ,10000,17000,17000,2020-11-22
3698,Hassan,Channarayapatna,Coconut,Grade-III,FAQ,10000,17500,10000,2023-02-11
3699,Hassan,Channarayapatna,Coconut,Grade-III,FAQ,10000,17800,10000,2019-11-21
3700,Hassan,Channarayapatna,Coconut,Grade-III,FAQ,10000,18500,12000,2019-12-06
3701,Hassan,Channarayapatna,Coconut,Grade-III,FAQ,10000,18900,12000,2020-02-10
3702,Hassan,Channarayapatna,Coconut,Grade-III,FAQ,10000,18950,10000,2019-12-16
3703,Hassan,Channarayapatna,Coconut,Grade-III,FAQ,10000,19000,10000,2019-12-28
3704,Hassan,Channarayapatna,Coconut,Grade-III,FAQ,10000,19000,10000,2024-06-29
3705,Hassan,Channarayapatna,Coconut,Grade-III,FAQ,10000,19000,12000,2019-07-14
3706,Hassan,Channarayapatna,Coconut,Grade-III,FAQ,10000,19250,10000,2020-02-14
3707,Hassan,Channarayapatna,Coconut,Grade-III,FAQ,10000,19710,10000,2020-01-29
3708,Hassan,Channarayapatna,Coconut,Grade-III,FAQ,10000,19850,10000,2023-05-20
3709,Hassan,Channarayapatna,Coconut,Grade-III,FAQ,10000,20000,10000,2020-02-20
3710,Hassan,Channarayapatna,Coconut,Grade-III,FAQ,10000,20000,20000,2019-07-31
3711,Hassan,Channarayapatna,Coconut,Grade-III,FAQ,10000,21000,10000,2020-01-09
3712,Hassan,Channarayapatna,Coconut,Grade-III,FAQ,10000,21750,11500,2020-01-24
3713,Hassan,Channarayapatna,Coconut,Grade-III,FAQ,10000,21800,21800,2019-08-14
3714,Hassan,Channarayapatna,Coconut,Grade-III,FAQ,10000,22500,22500,2020-03-18
3715,Hassan,Channarayapatna,Coconut,Grade-III,FAQ,10200,10200,10200,2019-10-14
3716,Hassan,Channarayapatna,Coconut,Grade-III,FAQ,10750,10750,10750,2019-10-02
3717,Hassan,Channarayapatna,Coconut,Grade-III,FAQ,10750,10750,10750,2019-10-11
3718,Hassan,Channarayapatna,Coconut,Grade-III,FAQ,10750,10750,10750,2019-09-18
3719,Hassan,Channarayapatna,Coconut,Grade-III,FAQ,10750,10750,10750,2019-10-25
3720,Hassan,Channarayapatna,Coconut,Grade-III,FAQ,11000,11000,11000,2019-09-06
3721,Hassan,Channarayapatna,Coconut,Grade-III,FAQ,11000,14000,14000,2024-09-04
3722,Hassan,Channarayapatna,Coconut,Grade-III,FAQ,11000,15700,15700,2019-08-15
3723,Hassan,Channarayapatna,Coconut,Grade-III,FAQ,11500,11500,11500,2020-01-13
3724,Hassan,Channarayapatna,Coconut,Grade-III,FAQ,11500,12000,11500,2019-09-12
3725,Hassan,Channarayapatna,Coconut,Grade-III,FAQ,12000,12000,12000,2023-03-05
3726,Hassan,Channarayapatna,Coconut,Grade-III,FAQ,12000,12000,12000,2019-09-11
3727,Hassan,Channarayapatna,Coconut,Grade-III,FAQ,12000,12000,12000,2023-03-12
3728,Hassan,Channarayapatna,Coconut,Grade-III,FAQ,12000,12000,12000,2024-05-13
3729,Hassan,Channarayapatna,Coconut,Grade-III,FAQ,12000,12000,12000,2020-02-17
3730,Hassan,Channarayapatna,Coconut,Grade-III,FAQ,12000,12000,12000,2019-11-18
3731,Hassan,Channarayapatna,Coconut,Grade-III,FAQ,12000,12000,12000,2021-09-20
3732,Hassan,Channarayapatna,Coconut,Grade-III,FAQ,12000,12000,12000,2020-02-28
3733,Hassan,Channarayapatna,Coconut,Grade-III,FAQ,12000,15000,12000,2024-09-18
3734,Hassan,Channarayapatna,Coconut,Grade-III,FAQ,12000,16250,16250,2019-08-22
3735,Hassan,Channarayapatna,Coconut,Grade-III,FAQ,12000,20000,20000,2020-03-04
3736,Hassan,Channarayapatna,Coconut,Grade-III,FAQ,12500,15000,15000,2024-10-17
3737,Hassan,Channarayapatna,Coconut,Grade-III,FAQ,12500,19000,14000,2024-11-07
3738,Hassan,Channarayapatna,Coconut,Grade-III,FAQ,13000,13000,13000,2020-10-09
3739,Hassan,Channarayapatna,Coconut,Grade-III,FAQ,13000,13000,13000,2019-08-30
3740,Hassan,Channarayapatna,Coconut,Grade-III,FAQ,13000,13000,13000,2019-12-30
3741,Hassan,Channarayapatna,Coconut,Grade-III,FAQ,13000,14000,13000,2024-07-23
3742,Hassan,Channarayapatna,Coconut,Grade-III,FAQ,14000,14000,14000,2024-08-04
3743,Hassan,Channarayapatna,Coconut,Grade-III,FAQ,14000,14000,14000,2023-12-07
3744,Hassan,Channarayapatna,Coconut,Grade-III,FAQ,14000,14000,14000,2024-07-10
3745,Hassan,Channarayapatna,Coconut,Grade-III,FAQ,14000,14000,14000,2024-08-28
3746,Hassan,Channarayapatna,Coconut,Grade-III,FAQ,14000,14000,14000,2024-08-30
3747,Hassan,Channarayapatna,Coconut,Grade-III,FAQ,14000,18000,14000,2024-10-04
3748,Hassan,Channarayapatna,Coconut,Grade-III,FAQ,14290,20000,14290,2024-08-29
3749,Hassan,Channarayapatna,Coconut,Grade-III,FAQ,15000,15000,15000,2020-03-02
3750,Hassan,Channarayapatna,Coconut,Grade-III,FAQ,15000,15000,15000,2019-11-04
3751,Hassan,Channarayapatna,Coconut,Grade-III,FAQ,15000,15000,15000,2024-08-07
3752,Hassan,Channarayapatna,Coconut,Grade-III,FAQ,15000,15000,15000,2025-06-12
3753,Hassan,Channarayapatna,Coconut,Grade-III,FAQ,15000,15000,15000,2024-04-13
3754,Hassan,Channarayapatna,Coconut,Grade-III,FAQ,15000,15000,15000,2024-04-16
3755,Hassan,Channarayapatna,Coconut,Grade-III,FAQ,15000,15000,15000,2020-03-19
3756,Hassan,Channarayapatna,Coconut,Grade-III,FAQ,15000,15000,15000,2024-10-24
3757,Hassan,Channarayapatna,Coconut,Grade-III,FAQ,15000,15000,15000,2023-10-26
3758,Hassan,Channarayapatna,Coconut,Grade-III,FAQ,15000,16500,16500,2024-10-23
3759,Hassan,Channarayapatna,Coconut,Grade-III,FAQ,15000,19500,19500,2024-10-02
3760,Hassan,Channarayapatna,Coconut,Grade-III,FAQ,15200,15200,15200,2019-08-09
3761,Hassan,Channarayapatna,Coconut,Grade-III,FAQ,16000,16000,16000,2020-02-24
3762,Hassan,Channarayapatna,Coconut,Grade-III,FAQ,16000,16000,16000,2024-09-25
3763,Hassan,Channarayapatna,Coconut,Grade-III,FAQ,17000,17000,17000,2019-09-13
3764,Hassan,Channarayapatna,Coconut,Grade-III,FAQ,18000,18000,18000,2019-10-17
3765,Hassan,Channarayapatna,Coconut,Grade-III,FAQ,19000,29500,29500,2024-11-14
3766,Hassan,Channarayapatna,Coconut,Grade-III,FAQ,20000,20000,20000,2020-03-16
3767,Hassan,Channarayapatna,Coconut,Grade-III,FAQ,20000,30000,26000,2025-06-28
3768,Hassan,Channarayapatna,Coconut,Grade-III,FAQ,20075,20075,20075,2019-08-07
3769,Hassan,Channarayapatna,Coconut,Grade-III,FAQ,20081,20081,20081,2024-09-30
3770,Hassan,Channarayapatna,Coconut,Grade-III,FAQ,21875,21875,21875,2020-02-27
3771,Hassan,Channarayapatna,Coconut,Grade-III,FAQ,22000,22000,22000,2020-03-29
3772,Hassan,Channarayapatna,Coconut,Grade-III,FAQ,25000,25000,25000,2024-04-14
3773,Hassan,Channarayapatna,Coconut,Grade-III,FAQ,28000,28000,28000,2025-06-10
3774,Hassan,Channarayapatna,Coconut,Grade-III,FAQ,30000,30000,30000,2025-06-11
3775,Hassan,Channarayapatna,Coconut,Grade-III,FAQ,30000,31000,30000,2025-06-20
