Sl no.,District Name,Market,Commodity,Variety,Grade,Min Price (Rs./Quintal),Max Price (Rs./Quintal),Modal_Price,Arrival_Date
63,Hassan,Arasikere,Coconut,Grade- II,FAQ,10920,17500,14412,2023-04-27
64,Hassan,Arasikere,Coconut,Grade-III,FAQ,1600,1600,1600,2022-08-26
65,Hassan,Arasikere,Coconut,Grade-III,FAQ,1650,1650,1650,2020-11-11
66,Hassan,Arasikere,Coconut,Grade-III,FAQ,1900,1900,1900,2023-02-20
67,Hassan,Arasikere,Coconut,Grade-III,FAQ,2000,2000,2000,2024-05-14
68,Hassan,Arasikere,Coconut,Grade-III,FAQ,2300,2300,2300,2024-09-21
69,Hassan,Arasikere,Coconut,Grade-III,FAQ,8000,17000,15000,2019-09-27
70,Hassan,Arasikere,Coconut,Grade-III,FAQ,8000,18500,10000,2022-10-17
71,Hassan,Arasikere,Coconut,Grade-III,FAQ,8000,18500,13800,2023-08-31
72,Hassan,Arasikere,Coconut,Grade-III,FAQ,8000,19000,13000,2022-07-19
73,Hassan,Arasikere,Coconut,Grade-III,FAQ,8000,21500,20000,2022-05-30
74,Hassan,Arasikere,Coconut,Grade-III,FAQ,9000,10000,9500,2022-11-19
75,Hassan,Arasikere,Coconut,Grade-III,FAQ,9000,10000,9500,2022-02-25
76,Hassan,Arasikere,Coconut,Grade-III,FAQ,9000,19000,17000,2022-10-18
77,Hassan,Arasikere,Coconut,Grade-III,FAQ,9000,20000,15000,2022-04-16
78,Hassan,Arasikere,Coconut,Grade-III,FAQ,10000,10000,10000,2022-02-04
79,Hassan,Arasikere,Coconut,Grade-III,FAQ,10000,10000,10000,2022-03-04
80,Hassan,Arasikere,Coconut,Grade-III,FAQ,10000,10000,10000,2021-08-06
81,Hassan,Arasikere,Coconut,Grade-III,FAQ,10000,10000,10000,2019-12-06
82,Hassan,Arasikere,Coconut,Grade-III,FAQ,10000,10000,10000,2022-03-11
83,Hassan,Arasikere,Coconut,Grade-III,FAQ,10000,10000,10000,2020-04-13
84,Hassan,Arasikere,Coconut,Grade-III,FAQ,10000,10000,10000,2020-02-14
85,Hassan,Arasikere,Coconut,Grade-III,FAQ,10000,10000,10000,2022-12-16
86,Hassan,Arasikere,Coconut,Grade-III,FAQ,10000,10000,10000,2020-01-16
87,Hassan,Arasikere,Coconut,Grade-III,FAQ,10000,10000,10000,2019-11-16
88,Hassan,Arasikere,Coconut,Grade-III,FAQ,10000,10000,10000,2021-12-17
89,Hassan,Arasikere,Coconut,Grade-III,FAQ,10000,10000,10000,2022-03-18
90,Hassan,Arasikere,Coconut,Grade-III,FAQ,10000,10000,10000,2019-10-18
91,Hassan,Arasikere,Coconut,Grade-III,FAQ,10000,10000,10000,2021-02-19
92,Hassan,Arasikere,Coconut,Grade-III,FAQ,10000,10000,10000,2022-09-19
93,Hassan,Arasikere,Coconut,Grade-III,FAQ,10000,10000,10000,2019-08-20
94,Hassan,Arasikere,Coconut,Grade-III,FAQ,10000,10000,10000,2021-03-20
95,Hassan,Arasikere,Coconut,Grade-III,FAQ,10000,10000,10000,2022-10-21
96,Hassan,Arasikere,Coconut,Grade-III,FAQ,10000,10000,10000,2021-10-22
97,Hassan,Arasikere,Coconut,Grade-III,FAQ,10000,10000,10000,2020-01-23
98,Hassan,Arasikere,Coconut,Grade-III,FAQ,10000,10000,10000,2023-02-24
99,Hassan,Arasikere,Coconut,Grade-III,FAQ,10000,10000,10000,2022-03-25
100,Hassan,Arasikere,Coconut,Grade-III,FAQ,10000,10000,10000,2019-10-25
101,Hassan,Arasikere,Coconut,Grade-III,FAQ,10000,10000,10000,2021-02-26
102,Hassan,Arasikere,Coconut,Grade-III,FAQ,10000,10000,10000,2021-11-26
103,Hassan,Arasikere,Coconut,Grade-III,FAQ,10000,10000,10000,2020-11-27
104,Hassan,Arasikere,Coconut,Grade-III,FAQ,10000,10000,10000,2019-08-29
105,Hassan,Arasikere,Coconut,Grade-III,FAQ,10000,10000,10000,2023-12-29
106,Hassan,Arasikere,Coconut,Grade-III,FAQ,10000,10000,10000,2021-01-29
107,Hassan,Arasikere,Coconut,Grade-III,FAQ,10000,10000,10000,2019-11-29
108,Hassan,Arasikere,Coconut,Grade-III,FAQ,10000,10000,10000,2021-12-31
109,Hassan,Arasikere,Coconut,Grade-III,FAQ,10000,11000,10000,2020-01-02
110,Hassan,Arasikere,Coconut,Grade-III,FAQ,10000,11000,10000,2021-04-03
111,Hassan,Arasikere,Coconut,Grade-III,FAQ,10000,11000,10000,2020-02-04
112,Hassan,Arasikere,Coconut,Grade-III,FAQ,10000,11000,10000,2020-02-07
113,Hassan,Arasikere,Coconut,Grade-III,FAQ,10000,11000,10000,2019-12-13
114,Hassan,Arasikere,Coconut,Grade-III,FAQ,10000,11000,10000,2021-01-22
115,Hassan,Arasikere,Coconut,Grade-III,FAQ,10000,11000,10000,2020-02-25
116,Hassan,Arasikere,Coconut,Grade-III,FAQ,10000,11000,10000,2021-03-26
117,Hassan,Arasikere,Coconut,Grade-III,FAQ,10000,11000,10405,2020-11-06
118,Hassan,Arasikere,Coconut,Grade-III,FAQ,10000,11000,11000,2019-08-02
119,Hassan,Arasikere,Coconut,Grade-III,FAQ,10000,11000,11000,2020-12-28
120,Hassan,Arasikere,Coconut,Grade-III,FAQ,10000,12000,10000,2019-07-19
121,Hassan,Arasikere,Coconut,Grade-III,FAQ,10000,12000,10000,2020-01-21
122,Hassan,Arasikere,Coconut,Grade-III,FAQ,10000,12000,11000,2021-01-01
123,Hassan,Arasikere,Coconut,Grade-III,FAQ,10000,12000,11000,2022-02-18
124,Hassan,Arasikere,Coconut,Grade-III,FAQ,10000,12000,11300,2023-02-10
125,Hassan,Arasikere,Coconut,Grade-III,FAQ,10000,12139,11000,2019-12-24
126,Hassan,Arasikere,Coconut,Grade-III,FAQ,10000,12443,10000,2020-04-15
127,Hassan,Arasikere,Coconut,Grade-III,FAQ,10000,12480,10000,2019-12-23
128,Hassan,Arasikere,Coconut,Grade-III,FAQ,10000,12480,12000,2019-11-12
129,Hassan,Arasikere,Coconut,Grade-III,FAQ,10000,12489,12000,2019-12-09
130,Hassan,Arasikere,Coconut,Grade-III,FAQ,10000,12490,10000,2020-02-03
131,Hassan,Arasikere,Coconut,Grade-III,FAQ,10000,12490,10000,2020-03-05
132,Hassan,Arasikere,Coconut,Grade-III,FAQ,10000,12490,10000,2020-02-06
133,Hassan,Arasikere,Coconut,Grade-III,FAQ,10000,12490,12000,2020-01-17
134,Hassan,Arasikere,Coconut,Grade-III,FAQ,10000,13000,10000,2019-12-31
135,Hassan,Arasikere,Coconut,Grade-III,FAQ,10000,13000,11000,2021-12-03
136,Hassan,Arasikere,Coconut,Grade-III,FAQ,10000,13000,12000,2020-01-06
137,Hassan,Arasikere,Coconut,Grade-III,FAQ,10000,13700,11000,2022-04-01
138,Hassan,Arasikere,Coconut,Grade-III,FAQ,10000,14000,11000,2021-01-16
139,Hassan,Arasikere,Coconut,Grade-III,FAQ,10000,14278,14278,2019-08-24
140,Hassan,Arasikere,Coconut,Grade-III,FAQ,10000,14280,13000,2019-10-28
141,Hassan,Arasikere,Coconut,Grade-III,FAQ,10000,14280,13325,2019-11-21
142,Hassan,Arasikere,Coconut,Grade-III,FAQ,10000,14280,14280,2020-05-27
143,Hassan,Arasikere,Coconut,Grade-III,FAQ,10000,15000,10000,2019-12-11
144,Hassan,Arasikere,Coconut,Grade-III,FAQ,10000,15000,10000,2019-11-22
145,Hassan,Arasikere,Coconut,Grade-III,FAQ,10000,15000,12000,2019-12-16
146,Hassan,Arasikere,Coconut,Grade-III,FAQ,10000,15000,12480,2019-09-03
147,Hassan,Arasikere,Coconut,Grade-III,FAQ,10000,15000,12490,2020-03-06
148,Hassan,Arasikere,Coconut,Grade-III,FAQ,10000,15000,12490,2020-01-22
149,Hassan,Arasikere,Coconut,Grade-III,FAQ,10000,15000,13000,2021-02-05
150,Hassan,Arasikere,Coconut,Grade-III,FAQ,10000,15000,14000,2019-10-14
151,Hassan,Arasikere,Coconut,Grade-III,FAQ,10000,15000,14278,2019-08-27
152,Hassan,Arasikere,Coconut,Grade-III,FAQ,10000,15000,14280,2020-01-13
153,Hassan,Arasikere,Coconut,Grade-III,FAQ,10000,15000,15000,2020-06-19
154,Hassan,Arasikere,Coconut,Grade-III,FAQ,10000,16000,10000,2021-03-12
155,Hassan,Arasikere,Coconut,Grade-III,FAQ,10000,16000,10000,2019-12-20
156,Hassan,Arasikere,Coconut,Grade-III,FAQ,10000,16000,10000,2019-09-20
157,Hassan,Arasikere,Coconut,Grade-III,FAQ,10000,16000,10000,2020-01-27
158,Hassan,Arasikere,Coconut,Grade-III,FAQ,10000,16000,11000,2020-01-24
159,Hassan,Arasikere,Coconut,Grade-III,FAQ,10000,16000,12000,2021-02-12
160,Hassan,Arasikere,Coconut,Grade-III,FAQ,10000,16000,13000,2020-02-05
161,Hassan,Arasikere,Coconut,Grade-III,FAQ,10000,16500,10000,2019-11-13
162,Hassan,Arasikere,Coconut,Grade-III,FAQ,10000,16500,16500,2019-08-31
163,Hassan,Arasikere,Coconut,Grade-III,FAQ,10000,16667,10000,2020-02-28
164,Hassan,Arasikere,Coconut,Grade-III,FAQ,10000,17000,10000,2019-09-13
165,Hassan,Arasikere,Coconut,Grade-III,FAQ,10000,17000,10000,2020-01-18
166,Hassan,Arasikere,Coconut,Grade-III,FAQ,10000,17000,14000,2019-09-26
167,Hassan,Arasikere,Coconut,Grade-III,FAQ,10000,17000,14280,2020-06-11
168,Hassan,Arasikere,Coconut,Grade-III,FAQ,10000,17000,15000,2021-12-13
169,Hassan,Arasikere,Coconut,Grade-III,FAQ,10000,17000,15000,2020-11-20
170,Hassan,Arasikere,Coconut,Grade-III,FAQ,10000,17000,15000,2022-09-26
171,Hassan,Arasikere,Coconut,Grade-III,FAQ,10000,17000,17000,2019-11-25
172,Hassan,Arasikere,Coconut,Grade-III,FAQ,10000,18000,14000,2022-01-28
173,Hassan,Arasikere,Coconut,Grade-III,FAQ,10000,18000,16000,2021-10-01
174,Hassan,Arasikere,Coconut,Grade-III,FAQ,10000,18000,18000,2024-02-06
175,Hassan,Arasikere,Coconut,Grade-III,FAQ,10000,18500,11670,2023-02-03
176,Hassan,Arasikere,Coconut,Grade-III,FAQ,10000,18500,13000,2022-10-25
177,Hassan,Arasikere,Coconut,Grade-III,FAQ,10000,18500,15000,2022-11-28
178,Hassan,Arasikere,Coconut,Grade-III,FAQ,10000,19000,13100,2023-02-17
179,Hassan,Arasikere,Coconut,Grade-III,FAQ,10000,19000,16000,2022-07-22
180,Hassan,Arasikere,Coconut,Grade-III,FAQ,10000,19000,16500,2022-12-20
181,Hassan,Arasikere,Coconut,Grade-III,FAQ,10000,19500,13000,2021-01-15
182,Hassan,Arasikere,Coconut,Grade-III,FAQ,10000,19500,16000,2023-10-25
183,Hassan,Arasikere,Coconut,Grade-III,FAQ,10000,19500,18000,2022-09-30
184,Hassan,Arasikere,Coconut,Grade-III,FAQ,10000,20000,10000,2021-09-24
185,Hassan,Arasikere,Coconut,Grade-III,FAQ,10000,20000,11000,2021-03-05
186,Hassan,Arasikere,Coconut,Grade-III,FAQ,10000,20000,11000,2020-12-18
187,Hassan,Arasikere,Coconut,Grade-III,FAQ,10000,20000,15000,2022-12-02
188,Hassan,Arasikere,Coconut,Grade-III,FAQ,10000,20000,18000,2021-12-10
189,Hassan,Arasikere,Coconut,Grade-III,FAQ,10000,21000,10000,2024-01-26
190,Hassan,Arasikere,Coconut,Grade-III,FAQ,10000,21500,16000,2024-09-11
191,Hassan,Arasikere,Coconut,Grade-III,FAQ,10000,21500,16000,2022-04-27
192,Hassan,Arasikere,Coconut,Grade-III,FAQ,10000,22000,15000,2022-04-08
193,Hassan,Arasikere,Coconut,Grade-III,FAQ,10000,22000,19000,2024-02-02
194,Hassan,Arasikere,Coconut,Grade-III,FAQ,10000,23000,10000,2024-02-08
195,Hassan,Arasikere,Coconut,Grade-III,FAQ,10000,23200,23000,2020-04-09
196,Hassan,Arasikere,Coconut,Grade-III,FAQ,10000,26000,11000,2020-12-11
197,Hassan,Arasikere,Coconut,Grade-III,FAQ,10730,12000,10730,2024-10-24
198,Hassan,Arasikere,Coconut,Grade-III,FAQ,11000,11000,11000,2023-09-04
199,Hassan,Arasikere,Coconut,Grade-III,FAQ,11000,11000,11000,2022-12-05
200,Hassan,Arasikere,Coconut,Grade-III,FAQ,11000,11000,11000,2020-03-09
201,Hassan,Arasikere,Coconut,Grade-III,FAQ,11000,11000,11000,2023-01-16
202,Hassan,Arasikere,Coconut,Grade-III,FAQ,11000,11000,11000,2019-12-18
203,Hassan,Arasikere,Coconut,Grade-III,FAQ,11000,11000,11000,2023-08-28
204,Hassan,Arasikere,Coconut,Grade-III,FAQ,11000,12490,11000,2020-01-29
205,Hassan,Arasikere,Coconut,Grade-III,FAQ,11000,12500,11000,2021-01-08
206,Hassan,Arasikere,Coconut,Grade-III,FAQ,11000,14280,12000,2020-03-13
207,Hassan,Arasikere,Coconut,Grade-III,FAQ,11000,16000,11000,2020-03-12
208,Hassan,Arasikere,Coconut,Grade-III,FAQ,11000,16000,11000,2020-02-13
209,Hassan,Arasikere,Coconut,Grade-III,FAQ,11000,16500,11000,2020-03-10
210,Hassan,Arasikere,Coconut,Grade-III,FAQ,11000,17000,12000,2020-03-19
211,Hassan,Arasikere,Coconut,Grade-III,FAQ,11000,17000,16000,2020-01-30
212,Hassan,Arasikere,Coconut,Grade-III,FAQ,11000,17500,13500,2023-07-25
213,Hassan,Arasikere,Coconut,Grade-III,FAQ,11000,18000,11000,2020-05-28
214,Hassan,Arasikere,Coconut,Grade-III,FAQ,11000,19000,15000,2022-11-02
215,Hassan,Arasikere,Coconut,Grade-III,FAQ,11100,21500,18000,2022-05-27
216,Hassan,Arasikere,Coconut,Grade-III,FAQ,11484,11484,11484,2020-05-14
217,Hassan,Arasikere,Coconut,Grade-III,FAQ,11801,15060,11801,2019-10-01
218,Hassan,Arasikere,Coconut,Grade-III,FAQ,12000,12000,12000,2021-12-01
219,Hassan,Arasikere,Coconut,Grade-III,FAQ,12000,12000,12000,2020-02-01
220,Hassan,Arasikere,Coconut,Grade-III,FAQ,12000,12000,12000,2023-03-04
221,Hassan,Arasikere,Coconut,Grade-III,FAQ,12000,12000,12000,2020-11-07
222,Hassan,Arasikere,Coconut,Grade-III,FAQ,12000,12000,12000,2022-03-08
223,Hassan,Arasikere,Coconut,Grade-III,FAQ,12000,12000,12000,2023-06-16
224,Hassan,Arasikere,Coconut,Grade-III,FAQ,12000,12000,12000,2024-03-16
225,Hassan,Arasikere,Coconut,Grade-III,FAQ,12000,12000,12000,2020-03-17
226,Hassan,Arasikere,Coconut,Grade-III,FAQ,12000,12000,12000,2023-07-19
227,Hassan,Arasikere,Coconut,Grade-III,FAQ,12000,12000,12000,2023-01-20
228,Hassan,Arasikere,Coconut,Grade-III,FAQ,12000,12000,12000,2023-02-23
229,Hassan,Arasikere,Coconut,Grade-III,FAQ,12000,12000,12000,2023-01-24
230,Hassan,Arasikere,Coconut,Grade-III,FAQ,12000,12000,12000,2019-07-27
231,Hassan,Arasikere,Coconut,Grade-III,FAQ,12000,12000,12000,2019-11-27
232,Hassan,Arasikere,Coconut,Grade-III,FAQ,12000,12000,12000,2021-11-29
233,Hassan,Arasikere,Coconut,Grade-III,FAQ,12000,12000,12000,2022-12-31
234,Hassan,Arasikere,Coconut,Grade-III,FAQ,12000,12480,12000,2019-08-23
235,Hassan,Arasikere,Coconut,Grade-III,FAQ,12000,13000,12500,2023-07-31
236,Hassan,Arasikere,Coconut,Grade-III,FAQ,12000,15000,12000,2019-11-19
237,Hassan,Arasikere,Coconut,Grade-III,FAQ,12000,17000,12000,2019-12-17
238,Hassan,Arasikere,Coconut,Grade-III,FAQ,12000,17000,12000,2020-03-23
239,Hassan,Arasikere,Coconut,Grade-III,FAQ,12000,17000,15000,2023-07-03
240,Hassan,Arasikere,Coconut,Grade-III,FAQ,12000,18000,13000,2023-08-08
241,Hassan,Arasikere,Coconut,Grade-III,FAQ,12000,18000,14000,2023-09-11
242,Hassan,Arasikere,Coconut,Grade-III,FAQ,12000,18000,15700,2023-01-30
243,Hassan,Arasikere,Coconut,Grade-III,FAQ,12000,18500,14500,2023-05-22
244,Hassan,Arasikere,Coconut,Grade-III,FAQ,12000,18500,16000,2023-01-10
245,Hassan,Arasikere,Coconut,Grade-III,FAQ,12000,19000,14740,2023-02-13
246,Hassan,Arasikere,Coconut,Grade-III,FAQ,12000,19000,15000,2024-07-02
247,Hassan,Arasikere,Coconut,Grade-III,FAQ,12000,19000,15280,2023-03-03
248,Hassan,Arasikere,Coconut,Grade-III,FAQ,12000,20000,12000,2020-03-21
249,Hassan,Arasikere,Coconut,Grade-III,FAQ,12000,23000,16000,2024-02-21
250,Hassan,Arasikere,Coconut,Grade-III,FAQ,12106,12106,12106,2020-06-20
251,Hassan,Arasikere,Coconut,Grade-III,FAQ,12350,19000,15000,2024-07-22
252,Hassan,Arasikere,Coconut,Grade-III,FAQ,12400,12400,12400,2019-07-31
253,Hassan,Arasikere,Coconut,Grade-III,FAQ,12417,12480,12417,2019-12-19
254,Hassan,Arasikere,Coconut,Grade-III,FAQ,12450,14280,13500,2020-11-09
255,Hassan,Arasikere,Coconut,Grade-III,FAQ,12450,19000,12450,2024-06-07
256,Hassan,Arasikere,Coconut,Grade-III,FAQ,12450,20100,15000,2024-06-13
257,Hassan,Arasikere,Coconut,Grade-III,FAQ,12450,20400,18000,2024-08-31
258,Hassan,Arasikere,Coconut,Grade-III,FAQ,12470,12470,12470,2019-11-06
259,Hassan,Arasikere,Coconut,Grade-III,FAQ,12480,12480,12480,2020-01-08
260,Hassan,Arasikere,Coconut,Grade-III,FAQ,12480,12480,12480,2019-10-24
261,Hassan,Arasikere,Coconut,Grade-III,FAQ,12480,19409,12480,2019-11-28
262,Hassan,Arasikere,Coconut,Grade-III,FAQ,12489,12489,12489,2019-11-14
263,Hassan,Arasikere,Coconut,Grade-III,FAQ,12489,17000,16382,2019-11-18
264,Hassan,Arasikere,Coconut,Grade-III,FAQ,12490,12490,12490,2020-01-01
265,Hassan,Arasikere,Coconut,Grade-III,FAQ,12490,12490,12490,2020-03-02
266,Hassan,Arasikere,Coconut,Grade-III,FAQ,12490,12490,12490,2019-08-07
267,Hassan,Arasikere,Coconut,Grade-III,FAQ,12490,12490,12490,2019-08-13
268,Hassan,Arasikere,Coconut,Grade-III,FAQ,12490,12490,12490,2020-06-18
269,Hassan,Arasikere,Coconut,Grade-III,FAQ,12490,12490,12490,2020-05-20
270,Hassan,Arasikere,Coconut,Grade-III,FAQ,12490,12490,12490,2020-04-21
271,Hassan,Arasikere,Coconut,Grade-III,FAQ,12490,12490,12490,2020-03-24
272,Hassan,Arasikere,Coconut,Grade-III,FAQ,12490,14000,12490,2020-06-22
273,Hassan,Arasikere,Coconut,Grade-III,FAQ,12490,15000,12490,2019-07-18
274,Hassan,Arasikere,Coconut,Grade-III,FAQ,12490,18500,15626,2023-04-10
275,Hassan,Arasikere,Coconut,Grade-III,FAQ,12500,12500,12500,2022-12-13
276,Hassan,Arasikere,Coconut,Grade-III,FAQ,12500,12500,12500,2024-11-16
277,Hassan,Arasikere,Coconut,Grade-III,FAQ,12500,12500,12500,2023-10-18
278,Hassan,Arasikere,Coconut,Grade-III,FAQ,12500,13786,12500,2020-02-20
279,Hassan,Arasikere,Coconut,Grade-III,FAQ,12500,18100,15000,2022-11-18
280,Hassan,Arasikere,Coconut,Grade-III,FAQ,12840,25000,12840,2024-03-30
281,Hassan,Arasikere,Coconut,Grade-III,FAQ,12878,15000,12878,2019-09-23
282,Hassan,Arasikere,Coconut,Grade-III,FAQ,13000,13000,13000,2019-10-21
283,Hassan,Arasikere,Coconut,Grade-III,FAQ,13000,15000,13000,2020-07-31
284,Hassan,Arasikere,Coconut,Grade-III,FAQ,13000,15000,14000,2020-08-28
285,Hassan,Arasikere,Coconut,Grade-III,FAQ,13000,16000,13000,2019-11-26
286,Hassan,Arasikere,Coconut,Grade-III,FAQ,13000,16000,13230,2020-02-10
287,Hassan,Arasikere,Coconut,Grade-III,FAQ,13000,17000,13000,2020-08-03
288,Hassan,Arasikere,Coconut,Grade-III,FAQ,13000,20000,14000,2023-12-22
289,Hassan,Arasikere,Coconut,Grade-III,FAQ,13000,21500,16000,2024-09-06
290,Hassan,Arasikere,Coconut,Grade-III,FAQ,13430,13430,13430,2021-03-08
291,Hassan,Arasikere,Coconut,Grade-III,FAQ,13500,16500,14600,2023-10-04
292,Hassan,Arasikere,Coconut,Grade-III,FAQ,13900,13900,13900,2022-03-30
293,Hassan,Arasikere,Coconut,Grade-III,FAQ,14000,14000,14000,2024-07-03
294,Hassan,Arasikere,Coconut,Grade-III,FAQ,14000,14000,14000,2021-01-05
295,Hassan,Arasikere,Coconut,Grade-III,FAQ,14000,14000,14000,2020-09-05
296,Hassan,Arasikere,Coconut,Grade-III,FAQ,14000,14000,14000,2022-09-05
297,Hassan,Arasikere,Coconut,Grade-III,FAQ,14000,14000,14000,2020-06-09
298,Hassan,Arasikere,Coconut,Grade-III,FAQ,14000,14000,14000,2022-02-10
299,Hassan,Arasikere,Coconut,Grade-III,FAQ,14000,14000,14000,2021-07-15
300,Hassan,Arasikere,Coconut,Grade-III,FAQ,14000,14000,14000,2019-07-17
301,Hassan,Arasikere,Coconut,Grade-III,FAQ,14000,14000,14000,2024-05-17
302,Hassan,Arasikere,Coconut,Grade-III,FAQ,14000,14000,14000,2020-12-23
303,Hassan,Arasikere,Coconut,Grade-III,FAQ,14000,14280,14100,2021-09-17
304,Hassan,Arasikere,Coconut,Grade-III,FAQ,14000,15000,14000,2024-07-15
305,Hassan,Arasikere,Coconut,Grade-III,FAQ,14000,15000,14000,2024-06-15
306,Hassan,Arasikere,Coconut,Grade-III,FAQ,14000,15000,14000,2019-10-15
307,Hassan,Arasikere,Coconut,Grade-III,FAQ,14000,15000,15000,2024-05-21
308,Hassan,Arasikere,Coconut,Grade-III,FAQ,14000,16000,14000,2020-07-02
309,Hassan,Arasikere,Coconut,Grade-III,FAQ,14000,16000,14000,2019-12-10
310,Hassan,Arasikere,Coconut,Grade-III,FAQ,14000,17000,14000,2020-08-26
311,Hassan,Arasikere,Coconut,Grade-III,FAQ,14000,19000,14000,2024-07-11
312,Hassan,Arasikere,Coconut,Grade-III,FAQ,14000,19000,15000,2024-07-09
313,Hassan,Arasikere,Coconut,Grade-III,FAQ,14000,19000,15000,2024-06-12
314,Hassan,Arasikere,Coconut,Grade-III,FAQ,14000,19000,16770,2020-11-30
315,Hassan,Arasikere,Coconut,Grade-III,FAQ,14000,19000,18000,2022-12-27
316,Hassan,Arasikere,Coconut,Grade-III,FAQ,14000,19100,14000,2020-09-09
317,Hassan,Arasikere,Coconut,Grade-III,FAQ,14000,20000,14000,2024-11-06
318,Hassan,Arasikere,Coconut,Grade-III,FAQ,14000,20000,15000,2024-06-28
319,Hassan,Arasikere,Coconut,Grade-III,FAQ,14000,20000,17000,2020-12-07
320,Hassan,Arasikere,Coconut,Grade-III,FAQ,14000,20000,20000,2024-05-24
321,Hassan,Arasikere,Coconut,Grade-III,FAQ,14000,21100,15000,2024-08-09
322,Hassan,Arasikere,Coconut,Grade-III,FAQ,14100,19500,17500,2024-06-29
323,Hassan,Arasikere,Coconut,Grade-III,FAQ,14240,15000,14240,2020-06-24
324,Hassan,Arasikere,Coconut,Grade-III,FAQ,14275,14275,14275,2019-08-03
325,Hassan,Arasikere,Coconut,Grade-III,FAQ,14278,14278,14278,2019-09-12
326,Hassan,Arasikere,Coconut,Grade-III,FAQ,14278,14278,14278,2019-08-19
327,Hassan,Arasikere,Coconut,Grade-III,FAQ,14278,15000,14278,2019-09-06
328,Hassan,Arasikere,Coconut,Grade-III,FAQ,14278,17000,14278,2019-09-19
329,Hassan,Arasikere,Coconut,Grade-III,FAQ,14280,14280,14280,2021-02-02
330,Hassan,Arasikere,Coconut,Grade-III,FAQ,14280,14280,14280,2020-08-04
331,Hassan,Arasikere,Coconut,Grade-III,FAQ,14280,14280,14280,2021-03-04
332,Hassan,Arasikere,Coconut,Grade-III,FAQ,14280,14280,14280,2021-02-11
333,Hassan,Arasikere,Coconut,Grade-III,FAQ,14280,14280,14280,2020-01-14
334,Hassan,Arasikere,Coconut,Grade-III,FAQ,14280,14280,14280,2019-07-15
335,Hassan,Arasikere,Coconut,Grade-III,FAQ,14280,14280,14280,2019-07-24
336,Hassan,Arasikere,Coconut,Grade-III,FAQ,14280,14663,14280,2020-07-04
337,Hassan,Arasikere,Coconut,Grade-III,FAQ,14280,17000,14280,2019-09-07
338,Hassan,Arasikere,Coconut,Grade-III,FAQ,14280,17000,15000,2019-11-11
339,Hassan,Arasikere,Coconut,Grade-III,FAQ,14280,17000,16000,2020-11-17
340,Hassan,Arasikere,Coconut,Grade-III,FAQ,14280,17500,15000,2020-03-07
341,Hassan,Arasikere,Coconut,Grade-III,FAQ,14280,19000,18000,2022-02-17
342,Hassan,Arasikere,Coconut,Grade-III,FAQ,14280,21500,18000,2024-09-05
343,Hassan,Arasikere,Coconut,Grade-III,FAQ,14500,14500,14500,2023-11-23
344,Hassan,Arasikere,Coconut,Grade-III,FAQ,14500,20000,17000,2024-02-23
345,Hassan,Arasikere,Coconut,Grade-III,FAQ,15000,15000,15000,2019-08-01
346,Hassan,Arasikere,Coconut,Grade-III,FAQ,15000,15000,15000,2024-08-01
347,Hassan,Arasikere,Coconut,Grade-III,FAQ,15000,15000,15000,2019-10-03
348,Hassan,Arasikere,Coconut,Grade-III,FAQ,15000,15000,15000,2021-09-03
349,Hassan,Arasikere,Coconut,Grade-III,FAQ,15000,15000,15000,2020-06-04
350,Hassan,Arasikere,Coconut,Grade-III,FAQ,15000,15000,15000,2021-11-04
351,Hassan,Arasikere,Coconut,Grade-III,FAQ,15000,15000,15000,2020-06-05
352,Hassan,Arasikere,Coconut,Grade-III,FAQ,15000,15000,15000,2024-06-05
353,Hassan,Arasikere,Coconut,Grade-III,FAQ,15000,15000,15000,2023-05-05
354,Hassan,Arasikere,Coconut,Grade-III,FAQ,15000,15000,15000,2020-07-06
355,Hassan,Arasikere,Coconut,Grade-III,FAQ,15000,15000,15000,2023-09-07
356,Hassan,Arasikere,Coconut,Grade-III,FAQ,15000,15000,15000,2019-10-10
357,Hassan,Arasikere,Coconut,Grade-III,FAQ,15000,15000,15000,2020-06-12
358,Hassan,Arasikere,Coconut,Grade-III,FAQ,15000,15000,15000,2019-08-14
359,Hassan,Arasikere,Coconut,Grade-III,FAQ,15000,15000,15000,2020-06-15
360,Hassan,Arasikere,Coconut,Grade-III,FAQ,15000,15000,15000,2019-08-16
361,Hassan,Arasikere,Coconut,Grade-III,FAQ,15000,15000,15000,2023-10-16
362,Hassan,Arasikere,Coconut,Grade-III,FAQ,15000,15000,15000,2020-05-18
363,Hassan,Arasikere,Coconut,Grade-III,FAQ,15000,15000,15000,2021-07-20
364,Hassan,Arasikere,Coconut,Grade-III,FAQ,15000,15000,15000,2019-11-20
365,Hassan,Arasikere,Coconut,Grade-III,FAQ,15000,15000,15000,2021-10-21
366,Hassan,Arasikere,Coconut,Grade-III,FAQ,15000,15000,15000,2023-08-23
367,Hassan,Arasikere,Coconut,Grade-III,FAQ,15000,15000,15000,2020-02-26
368,Hassan,Arasikere,Coconut,Grade-III,FAQ,15000,15000,15000,2021-01-27
369,Hassan,Arasikere,Coconut,Grade-III,FAQ,15000,15000,15000,2024-11-27
370,Hassan,Arasikere,Coconut,Grade-III,FAQ,15000,15000,15000,2019-08-28
371,Hassan,Arasikere,Coconut,Grade-III,FAQ,15000,15000,15000,2025-01-29
372,Hassan,Arasikere,Coconut,Grade-III,FAQ,15000,15000,15000,2023-08-30
373,Hassan,Arasikere,Coconut,Grade-III,FAQ,15000,15000,15000,2021-01-30
374,Hassan,Arasikere,Coconut,Grade-III,FAQ,15000,15766,15125,2019-09-24
375,Hassan,Arasikere,Coconut,Grade-III,FAQ,15000,16000,15000,2020-05-30
376,Hassan,Arasikere,Coconut,Grade-III,FAQ,15000,17000,15000,2019-10-23
377,Hassan,Arasikere,Coconut,Grade-III,FAQ,15000,18000,15000,2021-02-06
378,Hassan,Arasikere,Coconut,Grade-III,FAQ,15000,18000,15000,2024-06-18
379,Hassan,Arasikere,Coconut,Grade-III,FAQ,15000,18000,16000,2023-09-25
380,Hassan,Arasikere,Coconut,Grade-III,FAQ,15000,18000,18000,2024-07-08
381,Hassan,Arasikere,Coconut,Grade-III,FAQ,15000,18100,16000,2019-09-09
382,Hassan,Arasikere,Coconut,Grade-III,FAQ,15000,18500,15700,2023-08-18
383,Hassan,Arasikere,Coconut,Grade-III,FAQ,15000,19000,19000,2024-06-06
384,Hassan,Arasikere,Coconut,Grade-III,FAQ,15000,19900,19900,2025-01-17
385,Hassan,Arasikere,Coconut,Grade-III,FAQ,15000,20000,15000,2024-05-23
386,Hassan,Arasikere,Coconut,Grade-III,FAQ,15000,20000,17000,2021-10-04
387,Hassan,Arasikere,Coconut,Grade-III,FAQ,15000,20000,17000,2019-07-23
388,Hassan,Arasikere,Coconut,Grade-III,FAQ,15000,21500,19000,2024-09-12
389,Hassan,Arasikere,Coconut,Grade-III,FAQ,15000,22000,22000,2024-05-06
390,Hassan,Arasikere,Coconut,Grade-III,FAQ,15000,24000,15000,2019-12-04
391,Hassan,Arasikere,Coconut,Grade-III,FAQ,15000,25000,15000,2024-04-01
392,Hassan,Arasikere,Coconut,Grade-III,FAQ,15000,25000,16000,2024-04-08
393,Hassan,Arasikere,Coconut,Grade-III,FAQ,15000,25000,16000,2024-04-16
394,Hassan,Arasikere,Coconut,Grade-III,FAQ,15000,25000,20000,2025-01-04
395,Hassan,Arasikere,Coconut,Grade-III,FAQ,15000,25000,25000,2024-12-06
396,Hassan,Arasikere,Coconut,Grade-III,FAQ,15000,26140,26140,2024-12-10
397,Hassan,Arasikere,Coconut,Grade-III,FAQ,15000,28000,15000,2024-10-03
398,Hassan,Arasikere,Coconut,Grade-III,FAQ,15000,28000,28000,2025-01-03
399,Hassan,Arasikere,Coconut,Grade-III,FAQ,15000,28000,28000,2024-10-07
400,Hassan,Arasikere,Coconut,Grade-III,FAQ,15000,30000,15000,2024-12-31
401,Hassan,Arasikere,Coconut,Grade-III,FAQ,15000,30000,20000,2024-10-18
402,Hassan,Arasikere,Coconut,Grade-III,FAQ,15000,30000,30000,2025-01-13
403,Hassan,Arasikere,Coconut,Grade-III,FAQ,15000,31000,15000,2024-12-04
404,Hassan,Arasikere,Coconut,Grade-III,FAQ,15000,31000,15000,2024-12-12
405,Hassan,Arasikere,Coconut,Grade-III,FAQ,15000,31000,15000,2024-11-28
406,Hassan,Arasikere,Coconut,Grade-III,FAQ,15000,31000,17000,2024-12-07
407,Hassan,Arasikere,Coconut,Grade-III,FAQ,16000,16000,16000,2021-08-03
408,Hassan,Arasikere,Coconut,Grade-III,FAQ,16000,16000,16000,2022-06-03
409,Hassan,Arasikere,Coconut,Grade-III,FAQ,16000,16000,16000,2021-03-03
410,Hassan,Arasikere,Coconut,Grade-III,FAQ,16000,16000,16000,2019-12-05
411,Hassan,Arasikere,Coconut,Grade-III,FAQ,16000,16000,16000,2021-12-07
412,Hassan,Arasikere,Coconut,Grade-III,FAQ,16000,16000,16000,2020-01-09
413,Hassan,Arasikere,Coconut,Grade-III,FAQ,16000,16000,16000,2021-09-13
414,Hassan,Arasikere,Coconut,Grade-III,FAQ,16000,16000,16000,2023-09-14
415,Hassan,Arasikere,Coconut,Grade-III,FAQ,16000,16000,16000,2021-11-15
416,Hassan,Arasikere,Coconut,Grade-III,FAQ,16000,16000,16000,2024-11-15
417,Hassan,Arasikere,Coconut,Grade-III,FAQ,16000,16000,16000,2023-06-17
418,Hassan,Arasikere,Coconut,Grade-III,FAQ,16000,16000,16000,2023-05-17
419,Hassan,Arasikere,Coconut,Grade-III,FAQ,16000,16000,16000,2023-10-17
420,Hassan,Arasikere,Coconut,Grade-III,FAQ,16000,16000,16000,2022-09-17
421,Hassan,Arasikere,Coconut,Grade-III,FAQ,16000,16000,16000,2021-02-18
422,Hassan,Arasikere,Coconut,Grade-III,FAQ,16000,16000,16000,2020-02-19
423,Hassan,Arasikere,Coconut,Grade-III,FAQ,16000,16000,16000,2023-12-20
424,Hassan,Arasikere,Coconut,Grade-III,FAQ,16000,16000,16000,2020-07-20
425,Hassan,Arasikere,Coconut,Grade-III,FAQ,16000,16000,16000,2024-07-23
426,Hassan,Arasikere,Coconut,Grade-III,FAQ,16000,16000,16000,2021-07-26
427,Hassan,Arasikere,Coconut,Grade-III,FAQ,16000,17000,16000,2019-07-20
428,Hassan,Arasikere,Coconut,Grade-III,FAQ,16000,17000,17000,2019-09-21
429,Hassan,Arasikere,Coconut,Grade-III,FAQ,16000,17500,16300,2023-07-18
430,Hassan,Arasikere,Coconut,Grade-III,FAQ,16000,18000,16345,2023-09-29
431,Hassan,Arasikere,Coconut,Grade-III,FAQ,16000,18000,17000,2023-09-13
432,Hassan,Arasikere,Coconut,Grade-III,FAQ,16000,18500,16850,2023-06-09
433,Hassan,Arasikere,Coconut,Grade-III,FAQ,16000,19000,16500,2023-05-29
434,Hassan,Arasikere,Coconut,Grade-III,FAQ,16000,19000,18000,2022-01-12
435,Hassan,Arasikere,Coconut,Grade-III,FAQ,16000,19000,19000,2024-05-29
436,Hassan,Arasikere,Coconut,Grade-III,FAQ,16000,20000,16000,2024-08-05
437,Hassan,Arasikere,Coconut,Grade-III,FAQ,16000,20000,16700,2023-11-04
438,Hassan,Arasikere,Coconut,Grade-III,FAQ,16000,20000,18000,2024-07-12
439,Hassan,Arasikere,Coconut,Grade-III,FAQ,16000,20000,18000,2022-07-25
440,Hassan,Arasikere,Coconut,Grade-III,FAQ,16000,20000,18000,2022-08-30
441,Hassan,Arasikere,Coconut,Grade-III,FAQ,16000,20500,16773,2023-12-02
442,Hassan,Arasikere,Coconut,Grade-III,FAQ,16000,21000,18000,2022-05-24
443,Hassan,Arasikere,Coconut,Grade-III,FAQ,16000,22000,16000,2024-01-31
444,Hassan,Arasikere,Coconut,Grade-III,FAQ,16000,22000,17000,2023-03-08
445,Hassan,Arasikere,Coconut,Grade-III,FAQ,16000,22000,18000,2024-01-30
446,Hassan,Arasikere,Coconut,Grade-III,FAQ,16500,16500,16500,2022-10-01
447,Hassan,Arasikere,Coconut,Grade-III,FAQ,16500,16500,16500,2024-01-05
448,Hassan,Arasikere,Coconut,Grade-III,FAQ,16500,16500,16500,2022-10-11
449,Hassan,Arasikere,Coconut,Grade-III,FAQ,16500,16500,16500,2019-08-17
450,Hassan,Arasikere,Coconut,Grade-III,FAQ,16500,19500,17100,2021-07-27
451,Hassan,Arasikere,Coconut,Grade-III,FAQ,16500,20000,16500,2024-01-01
452,Hassan,Arasikere,Coconut,Grade-III,FAQ,16500,20000,16500,2024-01-17
453,Hassan,Arasikere,Coconut,Grade-III,FAQ,16500,20000,16500,2023-03-18
454,Hassan,Arasikere,Coconut,Grade-III,FAQ,16500,20000,17000,2023-11-16
455,Hassan,Arasikere,Coconut,Grade-III,FAQ,16500,20000,17357,2023-03-13
456,Hassan,Arasikere,Coconut,Grade-III,FAQ,16500,24000,19000,2022-12-12
457,Hassan,Arasikere,Coconut,Grade-III,FAQ,16550,30000,19000,2024-09-26
458,Hassan,Arasikere,Coconut,Grade-III,FAQ,16900,17200,17000,2019-10-05
459,Hassan,Arasikere,Coconut,Grade-III,FAQ,17000,17000,17000,2021-02-01
460,Hassan,Arasikere,Coconut,Grade-III,FAQ,17000,17000,17000,2023-07-04
461,Hassan,Arasikere,Coconut,Grade-III,FAQ,17000,17000,17000,2023-06-05
462,Hassan,Arasikere,Coconut,Grade-III,FAQ,17000,17000,17000,2023-07-06
463,Hassan,Arasikere,Coconut,Grade-III,FAQ,17000,17000,17000,2023-07-07
464,Hassan,Arasikere,Coconut,Grade-III,FAQ,17000,17000,17000,2022-10-07
465,Hassan,Arasikere,Coconut,Grade-III,FAQ,17000,17000,17000,2020-06-08
466,Hassan,Arasikere,Coconut,Grade-III,FAQ,17000,17000,17000,2024-10-10
467,Hassan,Arasikere,Coconut,Grade-III,FAQ,17000,17000,17000,2021-07-12
468,Hassan,Arasikere,Coconut,Grade-III,FAQ,17000,17000,17000,2023-07-12
469,Hassan,Arasikere,Coconut,Grade-III,FAQ,17000,17000,17000,2021-07-13
470,Hassan,Arasikere,Coconut,Grade-III,FAQ,17000,17000,17000,2021-12-14
471,Hassan,Arasikere,Coconut,Grade-III,FAQ,17000,17000,17000,2023-07-14
472,Hassan,Arasikere,Coconut,Grade-III,FAQ,17000,17000,17000,2021-09-14
473,Hassan,Arasikere,Coconut,Grade-III,FAQ,17000,17000,17000,2021-02-16
474,Hassan,Arasikere,Coconut,Grade-III,FAQ,17000,17000,17000,2022-06-17
475,Hassan,Arasikere,Coconut,Grade-III,FAQ,17000,17000,17000,2022-03-17
476,Hassan,Arasikere,Coconut,Grade-III,FAQ,17000,17000,17000,2022-11-17
477,Hassan,Arasikere,Coconut,Grade-III,FAQ,17000,17000,17000,2023-04-18
478,Hassan,Arasikere,Coconut,Grade-III,FAQ,17000,17000,17000,2021-03-18
479,Hassan,Arasikere,Coconut,Grade-III,FAQ,17000,17000,17000,2024-07-19
480,Hassan,Arasikere,Coconut,Grade-III,FAQ,17000,17000,17000,2022-08-20
481,Hassan,Arasikere,Coconut,Grade-III,FAQ,17000,17000,17000,2023-06-20
482,Hassan,Arasikere,Coconut,Grade-III,FAQ,17000,17000,17000,2022-04-21
483,Hassan,Arasikere,Coconut,Grade-III,FAQ,17000,17000,17000,2023-06-21
484,Hassan,Arasikere,Coconut,Grade-III,FAQ,17000,17000,17000,2024-05-22
485,Hassan,Arasikere,Coconut,Grade-III,FAQ,17000,17000,17000,2019-10-22
486,Hassan,Arasikere,Coconut,Grade-III,FAQ,17000,17000,17000,2021-09-27
487,Hassan,Arasikere,Coconut,Grade-III,FAQ,17000,17000,17000,2022-06-28
488,Hassan,Arasikere,Coconut,Grade-III,FAQ,17000,17000,17000,2020-02-29
489,Hassan,Arasikere,Coconut,Grade-III,FAQ,17000,17000,17000,2023-06-30
490,Hassan,Arasikere,Coconut,Grade-III,FAQ,17000,17000,17000,2023-03-31
491,Hassan,Arasikere,Coconut,Grade-III,FAQ,17000,17600,17300,2019-07-12
492,Hassan,Arasikere,Coconut,Grade-III,FAQ,17000,18000,17000,2020-02-27
493,Hassan,Arasikere,Coconut,Grade-III,FAQ,17000,18000,17180,2023-09-20
494,Hassan,Arasikere,Coconut,Grade-III,FAQ,17000,19000,18000,2022-09-01
495,Hassan,Arasikere,Coconut,Grade-III,FAQ,17000,19000,18000,2022-09-03
496,Hassan,Arasikere,Coconut,Grade-III,FAQ,17000,19000,18000,2022-08-19
497,Hassan,Arasikere,Coconut,Grade-III,FAQ,17000,19500,18000,2022-11-07
498,Hassan,Arasikere,Coconut,Grade-III,FAQ,17000,20000,17000,2024-09-13
499,Hassan,Arasikere,Coconut,Grade-III,FAQ,17000,20000,17000,2024-05-15
500,Hassan,Arasikere,Coconut,Grade-III,FAQ,17000,20000,17000,2024-07-16
501,Hassan,Arasikere,Coconut,Grade-III,FAQ,17000,20000,19000,2022-05-09
502,Hassan,Arasikere,Coconut,Grade-III,FAQ,17000,20500,18000,2022-07-30
503,Hassan,Arasikere,Coconut,Grade-III,FAQ,17000,21000,18000,2024-09-03
504,Hassan,Arasikere,Coconut,Grade-III,FAQ,17000,21000,18000,2024-08-27
505,Hassan,Arasikere,Coconut,Grade-III,FAQ,17000,22000,20000,2022-04-25
506,Hassan,Arasikere,Coconut,Grade-III,FAQ,17000,25000,17000,2024-02-26
507,Hassan,Arasikere,Coconut,Grade-III,FAQ,17000,26000,17000,2025-01-28
508,Hassan,Arasikere,Coconut,Grade-III,FAQ,17200,18000,18000,2020-09-02
509,Hassan,Arasikere,Coconut,Grade-III,FAQ,17200,23000,17200,2024-09-18
510,Hassan,Arasikere,Coconut,Grade-III,FAQ,17300,17600,17417,2019-07-16
511,Hassan,Arasikere,Coconut,Grade-III,FAQ,17300,17600,17600,2019-08-08
512,Hassan,Arasikere,Coconut,Grade-III,FAQ,17400,17600,17600,2019-07-09
513,Hassan,Arasikere,Coconut,Grade-III,FAQ,17400,18000,17600,2019-07-02
514,Hassan,Arasikere,Coconut,Grade-III,FAQ,17500,17500,17500,2021-09-01
515,Hassan,Arasikere,Coconut,Grade-III,FAQ,17500,17500,17500,2023-08-02
516,Hassan,Arasikere,Coconut,Grade-III,FAQ,17500,17500,17500,2023-05-02
517,Hassan,Arasikere,Coconut,Grade-III,FAQ,17500,17500,17500,2023-08-03
518,Hassan,Arasikere,Coconut,Grade-III,FAQ,17500,17500,17500,2023-05-04
519,Hassan,Arasikere,Coconut,Grade-III,FAQ,17500,17500,17500,2020-02-12
520,Hassan,Arasikere,Coconut,Grade-III,FAQ,17500,17500,17500,2023-06-14
521,Hassan,Arasikere,Coconut,Grade-III,FAQ,17500,17500,17500,2023-06-19
522,Hassan,Arasikere,Coconut,Grade-III,FAQ,17500,17500,17500,2023-04-26
523,Hassan,Arasikere,Coconut,Grade-III,FAQ,17500,17500,17500,2023-06-27
524,Hassan,Arasikere,Coconut,Grade-III,FAQ,17500,17500,17500,2021-06-28
525,Hassan,Arasikere,Coconut,Grade-III,FAQ,17500,17500,17500,2023-04-29
526,Hassan,Arasikere,Coconut,Grade-III,FAQ,17500,19000,17500,2024-06-24
527,Hassan,Arasikere,Coconut,Grade-III,FAQ,17500,23000,17500,2024-02-13
528,Hassan,Arasikere,Coconut,Grade-III,FAQ,17500,25000,17500,2024-03-08
529,Hassan,Arasikere,Coconut,Grade-III,FAQ,17900,18100,18000,2020-08-25
530,Hassan,Arasikere,Coconut,Grade-III,FAQ,17900,18400,18000,2019-09-11
531,Hassan,Arasikere,Coconut,Grade-III,FAQ,18000,18000,18000,2020-06-02
532,Hassan,Arasikere,Coconut,Grade-III,FAQ,18000,18000,18000,2021-12-04
533,Hassan,Arasikere,Coconut,Grade-III,FAQ,18000,18000,18000,2021-05-04
534,Hassan,Arasikere,Coconut,Grade-III,FAQ,18000,18000,18000,2022-01-06
535,Hassan,Arasikere,Coconut,Grade-III,FAQ,18000,18000,18000,2021-07-06
536,Hassan,Arasikere,Coconut,Grade-III,FAQ,18000,18000,18000,2023-09-06
537,Hassan,Arasikere,Coconut,Grade-III,FAQ,18000,18000,18000,2020-07-08
538,Hassan,Arasikere,Coconut,Grade-III,FAQ,18000,18000,18000,2023-05-08
539,Hassan,Arasikere,Coconut,Grade-III,FAQ,18000,18000,18000,2023-09-08
540,Hassan,Arasikere,Coconut,Grade-III,FAQ,18000,18000,18000,2023-08-09
541,Hassan,Arasikere,Coconut,Grade-III,FAQ,18000,18000,18000,2021-07-09
542,Hassan,Arasikere,Coconut,Grade-III,FAQ,18000,18000,18000,2023-08-10
543,Hassan,Arasikere,Coconut,Grade-III,FAQ,18000,18000,18000,2020-06-10
544,Hassan,Arasikere,Coconut,Grade-III,FAQ,18000,18000,18000,2023-08-11
545,Hassan,Arasikere,Coconut,Grade-III,FAQ,18000,18000,18000,2021-11-11
546,Hassan,Arasikere,Coconut,Grade-III,FAQ,18000,18000,18000,2021-10-13
547,Hassan,Arasikere,Coconut,Grade-III,FAQ,18000,18000,18000,2022-11-15
548,Hassan,Arasikere,Coconut,Grade-III,FAQ,18000,18000,18000,2023-09-15
549,Hassan,Arasikere,Coconut,Grade-III,FAQ,18000,18000,18000,2020-06-16
550,Hassan,Arasikere,Coconut,Grade-III,FAQ,18000,18000,18000,2023-05-16
551,Hassan,Arasikere,Coconut,Grade-III,FAQ,18000,18000,18000,2022-11-16
552,Hassan,Arasikere,Coconut,Grade-III,FAQ,18000,18000,18000,2021-10-16
553,Hassan,Arasikere,Coconut,Grade-III,FAQ,18000,18000,18000,2023-09-16
554,Hassan,Arasikere,Coconut,Grade-III,FAQ,18000,18000,18000,2020-12-17
555,Hassan,Arasikere,Coconut,Grade-III,FAQ,18000,18000,18000,2023-01-17
556,Hassan,Arasikere,Coconut,Grade-III,FAQ,18000,18000,18000,2020-06-17
557,Hassan,Arasikere,Coconut,Grade-III,FAQ,18000,18000,18000,2023-01-18
558,Hassan,Arasikere,Coconut,Grade-III,FAQ,18000,18000,18000,2021-09-18
559,Hassan,Arasikere,Coconut,Grade-III,FAQ,18000,18000,18000,2021-06-19
560,Hassan,Arasikere,Coconut,Grade-III,FAQ,18000,18000,18000,2024-06-19
561,Hassan,Arasikere,Coconut,Grade-III,FAQ,18000,18000,18000,2023-09-19
562,Hassan,Arasikere,Coconut,Grade-III,FAQ,18000,18000,18000,2023-04-20
563,Hassan,Arasikere,Coconut,Grade-III,FAQ,18000,18000,18000,2024-04-20
564,Hassan,Arasikere,Coconut,Grade-III,FAQ,18000,18000,18000,2021-01-20
565,Hassan,Arasikere,Coconut,Grade-III,FAQ,18000,18000,18000,2022-12-21
566,Hassan,Arasikere,Coconut,Grade-III,FAQ,18000,18000,18000,2023-09-21
567,Hassan,Arasikere,Coconut,Grade-III,FAQ,18000,18000,18000,2023-01-23
568,Hassan,Arasikere,Coconut,Grade-III,FAQ,18000,18000,18000,2020-06-23
569,Hassan,Arasikere,Coconut,Grade-III,FAQ,18000,18000,18000,2023-04-24
570,Hassan,Arasikere,Coconut,Grade-III,FAQ,18000,18000,18000,2022-11-24
571,Hassan,Arasikere,Coconut,Grade-III,FAQ,18000,18000,18000,2021-08-25
572,Hassan,Arasikere,Coconut,Grade-III,FAQ,18000,18000,18000,2023-01-25
573,Hassan,Arasikere,Coconut,Grade-III,FAQ,18000,18000,18000,2020-06-25
574,Hassan,Arasikere,Coconut,Grade-III,FAQ,18000,18000,18000,2022-11-25
575,Hassan,Arasikere,Coconut,Grade-III,FAQ,18000,18000,18000,2023-01-27
576,Hassan,Arasikere,Coconut,Grade-III,FAQ,18000,18000,18000,2021-10-27
577,Hassan,Arasikere,Coconut,Grade-III,FAQ,18000,18000,18000,2020-10-28
578,Hassan,Arasikere,Coconut,Grade-III,FAQ,18000,18000,18000,2021-10-28
579,Hassan,Arasikere,Coconut,Grade-III,FAQ,18000,18000,18000,2023-03-29
580,Hassan,Arasikere,Coconut,Grade-III,FAQ,18000,18000,18000,2021-09-29
581,Hassan,Arasikere,Coconut,Grade-III,FAQ,18000,18000,18000,2019-10-31
582,Hassan,Arasikere,Coconut,Grade-III,FAQ,18000,18200,18000,2020-08-27
583,Hassan,Arasikere,Coconut,Grade-III,FAQ,18000,19000,18000,2023-04-05
584,Hassan,Arasikere,Coconut,Grade-III,FAQ,18000,19000,18500,2021-08-10
585,Hassan,Arasikere,Coconut,Grade-III,FAQ,18000,19000,18500,2020-11-25
586,Hassan,Arasikere,Coconut,Grade-III,FAQ,18000,19700,19000,2020-10-13
587,Hassan,Arasikere,Coconut,Grade-III,FAQ,18000,20000,19000,2022-05-16
588,Hassan,Arasikere,Coconut,Grade-III,FAQ,18000,20000,19000,2024-06-25
589,Hassan,Arasikere,Coconut,Grade-III,FAQ,18000,20000,20000,2024-05-02
590,Hassan,Arasikere,Coconut,Grade-III,FAQ,18000,20000,20000,2024-12-21
591,Hassan,Arasikere,Coconut,Grade-III,FAQ,18000,21000,18000,2024-08-26
592,Hassan,Arasikere,Coconut,Grade-III,FAQ,18000,21500,18000,2024-08-20
593,Hassan,Arasikere,Coconut,Grade-III,FAQ,18000,21500,21500,2024-08-12
594,Hassan,Arasikere,Coconut,Grade-III,FAQ,18000,22000,20000,2022-04-11
595,Hassan,Arasikere,Coconut,Grade-III,FAQ,18000,23000,19000,2022-11-21
596,Hassan,Arasikere,Coconut,Grade-III,FAQ,18000,24000,20000,2024-04-04
597,Hassan,Arasikere,Coconut,Grade-III,FAQ,18000,25000,18000,2024-06-11
598,Hassan,Arasikere,Coconut,Grade-III,FAQ,18000,25000,19000,2024-07-30
599,Hassan,Arasikere,Coconut,Grade-III,FAQ,18000,25000,22000,2024-04-17
600,Hassan,Arasikere,Coconut,Grade-III,FAQ,18150,35000,35000,2025-02-19
601,Hassan,Arasikere,Coconut,Grade-III,FAQ,18300,20000,19000,2019-09-04
602,Hassan,Arasikere,Coconut,Grade-III,FAQ,18500,18500,18500,2023-02-02
603,Hassan,Arasikere,Coconut,Grade-III,FAQ,18500,18500,18500,2023-10-03
604,Hassan,Arasikere,Coconut,Grade-III,FAQ,18500,18500,18500,2023-06-06
605,Hassan,Arasikere,Coconut,Grade-III,FAQ,18500,18500,18500,2023-02-07
606,Hassan,Arasikere,Coconut,Grade-III,FAQ,18500,18500,18500,2020-01-07
607,Hassan,Arasikere,Coconut,Grade-III,FAQ,18500,18500,18500,2023-06-07
608,Hassan,Arasikere,Coconut,Grade-III,FAQ,18500,18500,18500,2023-02-09
609,Hassan,Arasikere,Coconut,Grade-III,FAQ,18500,18500,18500,2023-01-09
610,Hassan,Arasikere,Coconut,Grade-III,FAQ,18500,18500,18500,2023-06-12
611,Hassan,Arasikere,Coconut,Grade-III,FAQ,18500,18500,18500,2021-05-15
612,Hassan,Arasikere,Coconut,Grade-III,FAQ,18500,18500,18500,2023-05-15
613,Hassan,Arasikere,Coconut,Grade-III,FAQ,18500,18500,18500,2021-05-18
614,Hassan,Arasikere,Coconut,Grade-III,FAQ,18500,18500,18500,2024-08-19
615,Hassan,Arasikere,Coconut,Grade-III,FAQ,18500,18500,18500,2022-10-19
616,Hassan,Arasikere,Coconut,Grade-III,FAQ,18500,18500,18500,2023-08-22
617,Hassan,Arasikere,Coconut,Grade-III,FAQ,18500,18500,18500,2023-08-24
618,Hassan,Arasikere,Coconut,Grade-III,FAQ,18500,18500,18500,2023-08-25
619,Hassan,Arasikere,Coconut,Grade-III,FAQ,18500,18500,18500,2023-08-29
620,Hassan,Arasikere,Coconut,Grade-III,FAQ,18500,18500,18500,2022-12-29
621,Hassan,Arasikere,Coconut,Grade-III,FAQ,18500,18500,18500,2022-11-29
622,Hassan,Arasikere,Coconut,Grade-III,FAQ,18500,18500,18500,2023-01-31
623,Hassan,Arasikere,Coconut,Grade-III,FAQ,18500,23000,19000,2024-02-19
624,Hassan,Arasikere,Coconut,Grade-III,FAQ,18500,24000,19000,2024-03-12
625,Hassan,Arasikere,Coconut,Grade-III,FAQ,18500,30000,18500,2024-07-24
626,Hassan,Arasikere,Coconut,Grade-III,FAQ,18900,18900,18900,2019-07-26
627,Hassan,Arasikere,Coconut,Grade-III,FAQ,18900,19100,19000,2019-10-16
628,Hassan,Arasikere,Coconut,Grade-III,FAQ,18900,19100,19000,2020-09-16
629,Hassan,Arasikere,Coconut,Grade-III,FAQ,18900,19100,19000,2019-09-18
630,Hassan,Arasikere,Coconut,Grade-III,FAQ,18900,19200,19000,2019-10-30
631,Hassan,Arasikere,Coconut,Grade-III,FAQ,18900,20000,20000,2020-09-18
632,Hassan,Arasikere,Coconut,Grade-III,FAQ,19000,19000,19000,2024-02-01
633,Hassan,Arasikere,Coconut,Grade-III,FAQ,19000,19000,19000,2023-06-01
634,Hassan,Arasikere,Coconut,Grade-III,FAQ,19000,19000,19000,2022-02-02
635,Hassan,Arasikere,Coconut,Grade-III,FAQ,19000,19000,19000,2021-01-02
636,Hassan,Arasikere,Coconut,Grade-III,FAQ,19000,19000,19000,2023-06-02
637,Hassan,Arasikere,Coconut,Grade-III,FAQ,19000,19000,19000,2022-09-02
638,Hassan,Arasikere,Coconut,Grade-III,FAQ,19000,19000,19000,2022-07-04
639,Hassan,Arasikere,Coconut,Grade-III,FAQ,19000,19000,19000,2024-07-04
640,Hassan,Arasikere,Coconut,Grade-III,FAQ,19000,19000,19000,2021-06-04
641,Hassan,Arasikere,Coconut,Grade-III,FAQ,19000,19000,19000,2024-06-04
642,Hassan,Arasikere,Coconut,Grade-III,FAQ,19000,19000,19000,2022-11-04
643,Hassan,Arasikere,Coconut,Grade-III,FAQ,19000,19000,19000,2021-04-05
644,Hassan,Arasikere,Coconut,Grade-III,FAQ,19000,19000,19000,2020-12-05
645,Hassan,Arasikere,Coconut,Grade-III,FAQ,19000,19000,19000,2023-01-05
646,Hassan,Arasikere,Coconut,Grade-III,FAQ,19000,19000,19000,2022-07-05
647,Hassan,Arasikere,Coconut,Grade-III,FAQ,19000,19000,19000,2023-10-05
648,Hassan,Arasikere,Coconut,Grade-III,FAQ,19000,19000,19000,2022-07-06
649,Hassan,Arasikere,Coconut,Grade-III,FAQ,19000,19000,19000,2024-07-06
650,Hassan,Arasikere,Coconut,Grade-III,FAQ,19000,19000,19000,2021-11-06
651,Hassan,Arasikere,Coconut,Grade-III,FAQ,19000,19000,19000,2023-10-06
652,Hassan,Arasikere,Coconut,Grade-III,FAQ,19000,19000,19000,2022-09-06
653,Hassan,Arasikere,Coconut,Grade-III,FAQ,19000,19000,19000,2022-09-08
654,Hassan,Arasikere,Coconut,Grade-III,FAQ,19000,19000,19000,2022-10-10
655,Hassan,Arasikere,Coconut,Grade-III,FAQ,19000,19000,19000,2022-07-11
656,Hassan,Arasikere,Coconut,Grade-III,FAQ,19000,19000,19000,2023-10-11
657,Hassan,Arasikere,Coconut,Grade-III,FAQ,19000,19000,19000,2021-11-12
658,Hassan,Arasikere,Coconut,Grade-III,FAQ,19000,19000,19000,2022-09-12
659,Hassan,Arasikere,Coconut,Grade-III,FAQ,19000,19000,19000,2024-05-13
660,Hassan,Arasikere,Coconut,Grade-III,FAQ,19000,19000,19000,2023-10-13
661,Hassan,Arasikere,Coconut,Grade-III,FAQ,19000,19000,19000,2022-09-13
662,Hassan,Arasikere,Coconut,Grade-III,FAQ,19000,19000,19000,2022-12-14
663,Hassan,Arasikere,Coconut,Grade-III,FAQ,19000,19000,19000,2023-02-14
664,Hassan,Arasikere,Coconut,Grade-III,FAQ,19000,19000,19000,2022-07-14
665,Hassan,Arasikere,Coconut,Grade-III,FAQ,19000,19000,19000,2024-06-14
666,Hassan,Arasikere,Coconut,Grade-III,FAQ,19000,19000,19000,2022-11-14
667,Hassan,Arasikere,Coconut,Grade-III,FAQ,19000,19000,19000,2022-09-14
668,Hassan,Arasikere,Coconut,Grade-III,FAQ,19000,19000,19000,2022-06-15
669,Hassan,Arasikere,Coconut,Grade-III,FAQ,19000,19000,19000,2022-10-15
670,Hassan,Arasikere,Coconut,Grade-III,FAQ,19000,19000,19000,2022-06-16
671,Hassan,Arasikere,Coconut,Grade-III,FAQ,19000,19000,19000,2022-07-18
672,Hassan,Arasikere,Coconut,Grade-III,FAQ,19000,19000,19000,2022-02-19
673,Hassan,Arasikere,Coconut,Grade-III,FAQ,19000,19000,19000,2023-10-19
674,Hassan,Arasikere,Coconut,Grade-III,FAQ,19000,19000,19000,2021-04-20
675,Hassan,Arasikere,Coconut,Grade-III,FAQ,19000,19000,19000,2024-07-20
676,Hassan,Arasikere,Coconut,Grade-III,FAQ,19000,19000,19000,2024-05-20
677,Hassan,Arasikere,Coconut,Grade-III,FAQ,19000,19000,19000,2023-02-21
678,Hassan,Arasikere,Coconut,Grade-III,FAQ,19000,19000,19000,2023-10-21
679,Hassan,Arasikere,Coconut,Grade-III,FAQ,19000,19000,19000,2021-12-22
680,Hassan,Arasikere,Coconut,Grade-III,FAQ,19000,19000,19000,2022-02-22
681,Hassan,Arasikere,Coconut,Grade-III,FAQ,19000,19000,19000,2020-11-23
682,Hassan,Arasikere,Coconut,Grade-III,FAQ,19000,19000,19000,2022-08-24
683,Hassan,Arasikere,Coconut,Grade-III,FAQ,19000,19000,19000,2022-06-24
684,Hassan,Arasikere,Coconut,Grade-III,FAQ,19000,19000,19000,2023-05-24
685,Hassan,Arasikere,Coconut,Grade-III,FAQ,19000,19000,19000,2023-05-25
686,Hassan,Arasikere,Coconut,Grade-III,FAQ,19000,19000,19000,2022-12-26
687,Hassan,Arasikere,Coconut,Grade-III,FAQ,19000,19000,19000,2024-06-26
688,Hassan,Arasikere,Coconut,Grade-III,FAQ,19000,19000,19000,2023-10-26
689,Hassan,Arasikere,Coconut,Grade-III,FAQ,19000,19000,19000,2023-02-27
690,Hassan,Arasikere,Coconut,Grade-III,FAQ,19000,19000,19000,2024-05-27
691,Hassan,Arasikere,Coconut,Grade-III,FAQ,19000,19000,19000,2022-10-27
692,Hassan,Arasikere,Coconut,Grade-III,FAQ,19000,19000,19000,2022-12-28
693,Hassan,Arasikere,Coconut,Grade-III,FAQ,19000,19000,19000,2023-02-28
694,Hassan,Arasikere,Coconut,Grade-III,FAQ,19000,19000,19000,2024-05-28
695,Hassan,Arasikere,Coconut,Grade-III,FAQ,19000,19000,19000,2022-08-29
696,Hassan,Arasikere,Coconut,Grade-III,FAQ,19000,19000,19000,2022-06-29
697,Hassan,Arasikere,Coconut,Grade-III,FAQ,19000,19000,19000,2021-05-29
698,Hassan,Arasikere,Coconut,Grade-III,FAQ,19000,19000,19000,2022-06-30
699,Hassan,Arasikere,Coconut,Grade-III,FAQ,19000,19000,19000,2023-05-30
700,Hassan,Arasikere,Coconut,Grade-III,FAQ,19000,19000,19000,2023-10-30
701,Hassan,Arasikere,Coconut,Grade-III,FAQ,19000,19610,19000,2025-01-23
702,Hassan,Arasikere,Coconut,Grade-III,FAQ,19000,20000,19500,2022-04-04
703,Hassan,Arasikere,Coconut,Grade-III,FAQ,19000,20000,19500,2022-06-13
704,Hassan,Arasikere,Coconut,Grade-III,FAQ,19000,20000,20000,2024-05-31
705,Hassan,Arasikere,Coconut,Grade-III,FAQ,19000,21500,19000,2024-09-09
706,Hassan,Arasikere,Coconut,Grade-III,FAQ,19000,23000,19000,2024-09-20
707,Hassan,Arasikere,Coconut,Grade-III,FAQ,19000,25000,20000,2025-02-10
708,Hassan,Arasikere,Coconut,Grade-III,FAQ,19000,29000,19000,2025-01-30
709,Hassan,Arasikere,Coconut,Grade-III,FAQ,19000,30000,23000,2025-01-27
710,Hassan,Arasikere,Coconut,Grade-III,FAQ,19000,31000,19000,2024-12-05
711,Hassan,Arasikere,Coconut,Grade-III,FAQ,19275,19275,19275,2021-10-05
712,Hassan,Arasikere,Coconut,Grade-III,FAQ,19500,19500,19500,2023-11-02
713,Hassan,Arasikere,Coconut,Grade-III,FAQ,19500,19500,19500,2023-04-03
714,Hassan,Arasikere,Coconut,Grade-III,FAQ,19500,19500,19500,2022-10-03
715,Hassan,Arasikere,Coconut,Grade-III,FAQ,19500,19500,19500,2021-08-05
716,Hassan,Arasikere,Coconut,Grade-III,FAQ,19500,19500,19500,2022-05-06
717,Hassan,Arasikere,Coconut,Grade-III,FAQ,19500,19500,19500,2022-10-06
718,Hassan,Arasikere,Coconut,Grade-III,FAQ,19500,19500,19500,2022-12-09
719,Hassan,Arasikere,Coconut,Grade-III,FAQ,19500,19500,19500,2021-08-12
720,Hassan,Arasikere,Coconut,Grade-III,FAQ,19500,19500,19500,2021-11-18
721,Hassan,Arasikere,Coconut,Grade-III,FAQ,19500,19500,19500,2022-12-19
722,Hassan,Arasikere,Coconut,Grade-III,FAQ,19500,19500,19500,2022-09-28
723,Hassan,Arasikere,Coconut,Grade-III,FAQ,19500,20000,19500,2024-12-24
724,Hassan,Arasikere,Coconut,Grade-III,FAQ,19500,31000,25000,2025-01-09
725,Hassan,Arasikere,Coconut,Grade-III,FAQ,19700,19700,19700,2022-05-05
726,Hassan,Arasikere,Coconut,Grade-III,FAQ,19750,38170,19750,2024-11-26
727,Hassan,Arasikere,Coconut,Grade-III,FAQ,19800,19800,19800,2024-06-03
728,Hassan,Arasikere,Coconut,Grade-III,FAQ,19800,19800,19800,2023-11-18
729,Hassan,Arasikere,Coconut,Grade-III,FAQ,19800,20000,19800,2025-01-24
730,Hassan,Arasikere,Coconut,Grade-III,FAQ,19800,20000,20000,2019-07-30
731,Hassan,Arasikere,Coconut,Grade-III,FAQ,19900,19900,19900,2025-02-28
732,Hassan,Arasikere,Coconut,Grade-III,FAQ,19900,20100,20000,2020-07-07
733,Hassan,Arasikere,Coconut,Grade-III,FAQ,19900,20100,20000,2020-07-09
734,Hassan,Arasikere,Coconut,Grade-III,FAQ,19900,32000,19900,2025-01-15
735,Hassan,Arasikere,Coconut,Grade-III,FAQ,19900,33000,19900,2025-02-11
736,Hassan,Arasikere,Coconut,Grade-III,FAQ,19950,19950,19950,2024-01-06
737,Hassan,Arasikere,Coconut,Grade-III,FAQ,19950,20000,20000,2024-10-05
738,Hassan,Arasikere,Coconut,Grade-III,FAQ,19950,25000,25000,2024-10-30
739,Hassan,Arasikere,Coconut,Grade-III,FAQ,19950,26000,19950,2024-10-14
740,Hassan,Arasikere,Coconut,Grade-III,FAQ,20000,20000,20000,2023-12-01
741,Hassan,Arasikere,Coconut,Grade-III,FAQ,20000,20000,20000,2025-01-01
742,Hassan,Arasikere,Coconut,Grade-III,FAQ,20000,20000,20000,2024-07-01
743,Hassan,Arasikere,Coconut,Grade-III,FAQ,20000,20000,20000,2024-10-01
744,Hassan,Arasikere,Coconut,Grade-III,FAQ,20000,20000,20000,2022-08-02
745,Hassan,Arasikere,Coconut,Grade-III,FAQ,20000,20000,20000,2024-01-02
746,Hassan,Arasikere,Coconut,Grade-III,FAQ,20000,20000,20000,2021-05-03
747,Hassan,Arasikere,Coconut,Grade-III,FAQ,20000,20000,20000,2023-11-03
748,Hassan,Arasikere,Coconut,Grade-III,FAQ,20000,20000,20000,2024-09-04
749,Hassan,Arasikere,Coconut,Grade-III,FAQ,20000,20000,20000,2024-04-05
750,Hassan,Arasikere,Coconut,Grade-III,FAQ,20000,20000,20000,2022-08-05
751,Hassan,Arasikere,Coconut,Grade-III,FAQ,20000,20000,20000,2019-08-06
752,Hassan,Arasikere,Coconut,Grade-III,FAQ,20000,20000,20000,2022-06-06
753,Hassan,Arasikere,Coconut,Grade-III,FAQ,20000,20000,20000,2022-03-07
754,Hassan,Arasikere,Coconut,Grade-III,FAQ,20000,20000,20000,2022-12-08
755,Hassan,Arasikere,Coconut,Grade-III,FAQ,20000,20000,20000,2023-11-08
756,Hassan,Arasikere,Coconut,Grade-III,FAQ,20000,20000,20000,2021-11-09
757,Hassan,Arasikere,Coconut,Grade-III,FAQ,20000,20000,20000,2023-11-09
758,Hassan,Arasikere,Coconut,Grade-III,FAQ,20000,20000,20000,2022-09-09
759,Hassan,Arasikere,Coconut,Grade-III,FAQ,20000,20000,20000,2024-01-10
760,Hassan,Arasikere,Coconut,Grade-III,FAQ,20000,20000,20000,2025-01-10
761,Hassan,Arasikere,Coconut,Grade-III,FAQ,20000,20000,20000,2023-03-10
762,Hassan,Arasikere,Coconut,Grade-III,FAQ,20000,20000,20000,2023-11-10
763,Hassan,Arasikere,Coconut,Grade-III,FAQ,20000,20000,20000,2022-05-11
764,Hassan,Arasikere,Coconut,Grade-III,FAQ,20000,20000,20000,2024-01-12
765,Hassan,Arasikere,Coconut,Grade-III,FAQ,20000,20000,20000,2022-05-12
766,Hassan,Arasikere,Coconut,Grade-III,FAQ,20000,20000,20000,2021-01-13
767,Hassan,Arasikere,Coconut,Grade-III,FAQ,20000,20000,20000,2023-03-14
768,Hassan,Arasikere,Coconut,Grade-III,FAQ,20000,20000,20000,2020-10-14
769,Hassan,Arasikere,Coconut,Grade-III,FAQ,20000,20000,20000,2021-03-15
770,Hassan,Arasikere,Coconut,Grade-III,FAQ,20000,20000,20000,2022-08-16
771,Hassan,Arasikere,Coconut,Grade-III,FAQ,20000,20000,20000,2020-12-16
772,Hassan,Arasikere,Coconut,Grade-III,FAQ,20000,20000,20000,2024-01-16
773,Hassan,Arasikere,Coconut,Grade-III,FAQ,20000,20000,20000,2022-03-16
774,Hassan,Arasikere,Coconut,Grade-III,FAQ,20000,20000,20000,2023-03-16
775,Hassan,Arasikere,Coconut,Grade-III,FAQ,20000,20000,20000,2022-08-17
776,Hassan,Arasikere,Coconut,Grade-III,FAQ,20000,20000,20000,2021-03-17
777,Hassan,Arasikere,Coconut,Grade-III,FAQ,20000,20000,20000,2022-05-17
778,Hassan,Arasikere,Coconut,Grade-III,FAQ,20000,20000,20000,2021-08-18
779,Hassan,Arasikere,Coconut,Grade-III,FAQ,20000,20000,20000,2024-01-18
780,Hassan,Arasikere,Coconut,Grade-III,FAQ,20000,20000,20000,2022-05-18
781,Hassan,Arasikere,Coconut,Grade-III,FAQ,20000,20000,20000,2024-05-18
782,Hassan,Arasikere,Coconut,Grade-III,FAQ,20000,20000,20000,2022-06-20
783,Hassan,Arasikere,Coconut,Grade-III,FAQ,20000,20000,20000,2022-09-20
784,Hassan,Arasikere,Coconut,Grade-III,FAQ,20000,20000,20000,2023-07-21
785,Hassan,Arasikere,Coconut,Grade-III,FAQ,20000,20000,20000,2022-06-21
786,Hassan,Arasikere,Coconut,Grade-III,FAQ,20000,20000,20000,2023-03-21
787,Hassan,Arasikere,Coconut,Grade-III,FAQ,20000,20000,20000,2022-08-22
788,Hassan,Arasikere,Coconut,Grade-III,FAQ,20000,20000,20000,2022-12-22
789,Hassan,Arasikere,Coconut,Grade-III,FAQ,20000,20000,20000,2022-06-22
790,Hassan,Arasikere,Coconut,Grade-III,FAQ,20000,20000,20000,2021-03-22
791,Hassan,Arasikere,Coconut,Grade-III,FAQ,20000,20000,20000,2023-11-22
792,Hassan,Arasikere,Coconut,Grade-III,FAQ,20000,20000,20000,2022-12-23
793,Hassan,Arasikere,Coconut,Grade-III,FAQ,20000,20000,20000,2022-09-23
794,Hassan,Arasikere,Coconut,Grade-III,FAQ,20000,20000,20000,2021-08-24
795,Hassan,Arasikere,Coconut,Grade-III,FAQ,20000,20000,20000,2022-08-25
796,Hassan,Arasikere,Coconut,Grade-III,FAQ,20000,20000,20000,2021-11-25
797,Hassan,Arasikere,Coconut,Grade-III,FAQ,20000,20000,20000,2021-04-26
798,Hassan,Arasikere,Coconut,Grade-III,FAQ,20000,20000,20000,2021-12-27
799,Hassan,Arasikere,Coconut,Grade-III,FAQ,20000,20000,20000,2023-12-27
800,Hassan,Arasikere,Coconut,Grade-III,FAQ,20000,20000,20000,2022-07-27
801,Hassan,Arasikere,Coconut,Grade-III,FAQ,20000,20000,20000,2022-06-27
802,Hassan,Arasikere,Coconut,Grade-III,FAQ,20000,20000,20000,2023-11-27
803,Hassan,Arasikere,Coconut,Grade-III,FAQ,20000,20000,20000,2024-08-29
804,Hassan,Arasikere,Coconut,Grade-III,FAQ,20000,20000,20000,2022-07-29
805,Hassan,Arasikere,Coconut,Grade-III,FAQ,20000,20000,20000,2023-11-29
806,Hassan,Arasikere,Coconut,Grade-III,FAQ,20000,20000,20000,2021-08-30
807,Hassan,Arasikere,Coconut,Grade-III,FAQ,20000,20000,20000,2022-12-30
808,Hassan,Arasikere,Coconut,Grade-III,FAQ,20000,20000,20000,2022-03-31
809,Hassan,Arasikere,Coconut,Grade-III,FAQ,20000,20100,20000,2020-10-16
810,Hassan,Arasikere,Coconut,Grade-III,FAQ,20000,21000,20500,2022-05-21
811,Hassan,Arasikere,Coconut,Grade-III,FAQ,20000,24000,22000,2024-11-12
812,Hassan,Arasikere,Coconut,Grade-III,FAQ,20000,25000,20000,2024-04-06
813,Hassan,Arasikere,Coconut,Grade-III,FAQ,20000,25000,20000,2024-04-18
814,Hassan,Arasikere,Coconut,Grade-III,FAQ,20000,25000,22000,2024-03-21
815,Hassan,Arasikere,Coconut,Grade-III,FAQ,20000,30000,25000,2024-11-14
816,Hassan,Arasikere,Coconut,Grade-III,FAQ,20000,35000,35000,2025-02-14
817,Hassan,Arasikere,Coconut,Grade-III,FAQ,20339,20339,20339,2024-06-01
818,Hassan,Arasikere,Coconut,Grade-III,FAQ,20500,20500,20500,2023-12-05
819,Hassan,Arasikere,Coconut,Grade-III,FAQ,20500,20500,20500,2022-06-07
820,Hassan,Arasikere,Coconut,Grade-III,FAQ,20500,20500,20500,2023-12-12
821,Hassan,Arasikere,Coconut,Grade-III,FAQ,20500,20500,20500,2023-12-13
822,Hassan,Arasikere,Coconut,Grade-III,FAQ,20500,20500,20500,2024-01-20
823,Hassan,Arasikere,Coconut,Grade-III,FAQ,20500,20500,20500,2024-01-22
824,Hassan,Arasikere,Coconut,Grade-III,FAQ,20500,20500,20500,2024-07-25
825,Hassan,Arasikere,Coconut,Grade-III,FAQ,20500,20500,20500,2023-12-26
826,Hassan,Arasikere,Coconut,Grade-III,FAQ,20500,21000,20500,2022-08-04
827,Hassan,Arasikere,Coconut,Grade-III,FAQ,20900,22100,22000,2020-04-28
828,Hassan,Arasikere,Coconut,Grade-III,FAQ,21000,21000,21000,2022-08-01
829,Hassan,Arasikere,Coconut,Grade-III,FAQ,21000,21000,21000,2023-12-04
830,Hassan,Arasikere,Coconut,Grade-III,FAQ,21000,21000,21000,2023-12-07
831,Hassan,Arasikere,Coconut,Grade-III,FAQ,21000,21000,21000,2023-12-08
832,Hassan,Arasikere,Coconut,Grade-III,FAQ,21000,21000,21000,2022-08-10
833,Hassan,Arasikere,Coconut,Grade-III,FAQ,21000,21000,21000,2023-12-11
834,Hassan,Arasikere,Coconut,Grade-III,FAQ,21000,21000,21000,2022-08-12
835,Hassan,Arasikere,Coconut,Grade-III,FAQ,21000,21000,21000,2022-04-18
836,Hassan,Arasikere,Coconut,Grade-III,FAQ,21000,21000,21000,2024-01-23
837,Hassan,Arasikere,Coconut,Grade-III,FAQ,21000,21000,21000,2023-03-23
838,Hassan,Arasikere,Coconut,Grade-III,FAQ,21000,21000,21000,2024-01-24
839,Hassan,Arasikere,Coconut,Grade-III,FAQ,21000,21000,21000,2023-03-24
840,Hassan,Arasikere,Coconut,Grade-III,FAQ,21000,21000,21000,2024-01-25
841,Hassan,Arasikere,Coconut,Grade-III,FAQ,21000,21000,21000,2023-03-27
842,Hassan,Arasikere,Coconut,Grade-III,FAQ,21000,21000,21000,2023-03-28
843,Hassan,Arasikere,Coconut,Grade-III,FAQ,21000,21000,21000,2022-04-29
844,Hassan,Arasikere,Coconut,Grade-III,FAQ,21000,21000,21000,2023-03-30
845,Hassan,Arasikere,Coconut,Grade-III,FAQ,21000,21500,21000,2024-08-13
846,Hassan,Arasikere,Coconut,Grade-III,FAQ,21000,22000,21000,2019-10-19
847,Hassan,Arasikere,Coconut,Grade-III,FAQ,21000,22000,22000,2024-05-04
848,Hassan,Arasikere,Coconut,Grade-III,FAQ,21000,25000,22000,2024-03-28
849,Hassan,Arasikere,Coconut,Grade-III,FAQ,21011,21011,21011,2024-10-09
850,Hassan,Arasikere,Coconut,Grade-III,FAQ,21500,21500,21500,2022-06-02
851,Hassan,Arasikere,Coconut,Grade-III,FAQ,21500,21500,21500,2024-08-03
852,Hassan,Arasikere,Coconut,Grade-III,FAQ,21500,21500,21500,2024-08-07
853,Hassan,Arasikere,Coconut,Grade-III,FAQ,21500,21500,21500,2024-09-10
854,Hassan,Arasikere,Coconut,Grade-III,FAQ,21500,21500,21500,2022-04-12
855,Hassan,Arasikere,Coconut,Grade-III,FAQ,21500,21500,21500,2022-04-20
856,Hassan,Arasikere,Coconut,Grade-III,FAQ,21500,21500,21500,2024-08-21
857,Hassan,Arasikere,Coconut,Grade-III,FAQ,21500,21500,21500,2024-08-22
858,Hassan,Arasikere,Coconut,Grade-III,FAQ,21500,21500,21500,2022-05-26
859,Hassan,Arasikere,Coconut,Grade-III,FAQ,21500,22160,22160,2024-08-08
860,Hassan,Arasikere,Coconut,Grade-III,FAQ,21800,22200,22000,2020-04-02
861,Hassan,Arasikere,Coconut,Grade-III,FAQ,22000,22000,22000,2022-12-03
862,Hassan,Arasikere,Coconut,Grade-III,FAQ,22000,22000,22000,2022-04-05
863,Hassan,Arasikere,Coconut,Grade-III,FAQ,22000,22000,22000,2022-04-06
864,Hassan,Arasikere,Coconut,Grade-III,FAQ,22000,22000,22000,2023-03-06
865,Hassan,Arasikere,Coconut,Grade-III,FAQ,22000,22000,22000,2022-04-07
866,Hassan,Arasikere,Coconut,Grade-III,FAQ,22000,22000,22000,2023-03-07
867,Hassan,Arasikere,Coconut,Grade-III,FAQ,22000,22000,22000,2024-10-08
868,Hassan,Arasikere,Coconut,Grade-III,FAQ,22000,22000,22000,2024-10-25
869,Hassan,Arasikere,Coconut,Grade-III,FAQ,22000,22000,22000,2020-03-27
870,Hassan,Arasikere,Coconut,Grade-III,FAQ,22000,22000,22000,2022-04-28
871,Hassan,Arasikere,Coconut,Grade-III,FAQ,22000,22000,22000,2020-03-31
872,Hassan,Arasikere,Coconut,Grade-III,FAQ,22000,22000,22000,2022-05-31
873,Hassan,Arasikere,Coconut,Grade-III,FAQ,22000,23500,22000,2024-04-24
874,Hassan,Arasikere,Coconut,Grade-III,FAQ,22000,30000,22000,2024-10-23
875,Hassan,Arasikere,Coconut,Grade-III,FAQ,22000,30000,23000,2024-10-19
876,Hassan,Arasikere,Coconut,Grade-III,FAQ,22500,22500,22500,2024-10-16
877,Hassan,Arasikere,Coconut,Grade-III,FAQ,22500,26000,24000,2024-09-24
878,Hassan,Arasikere,Coconut,Grade-III,FAQ,22900,23100,23000,2020-04-08
879,Hassan,Arasikere,Coconut,Grade-III,FAQ,23000,23000,23000,2024-03-05
880,Hassan,Arasikere,Coconut,Grade-III,FAQ,23000,23000,23000,2024-03-06
881,Hassan,Arasikere,Coconut,Grade-III,FAQ,23000,23000,23000,2024-02-07
882,Hassan,Arasikere,Coconut,Grade-III,FAQ,23000,23000,23000,2024-02-12
883,Hassan,Arasikere,Coconut,Grade-III,FAQ,23000,23000,23000,2024-02-14
884,Hassan,Arasikere,Coconut,Grade-III,FAQ,23000,23000,23000,2024-02-15
885,Hassan,Arasikere,Coconut,Grade-III,FAQ,23000,23000,23000,2024-02-17
886,Hassan,Arasikere,Coconut,Grade-III,FAQ,23000,23000,23000,2024-02-22
887,Hassan,Arasikere,Coconut,Grade-III,FAQ,23000,24000,24000,2024-03-04
888,Hassan,Arasikere,Coconut,Grade-III,FAQ,24000,24000,24000,2024-03-14
889,Hassan,Arasikere,Coconut,Grade-III,FAQ,24000,24000,24000,2024-03-15
890,Hassan,Arasikere,Coconut,Grade-III,FAQ,24000,24000,24000,2024-04-22
891,Hassan,Arasikere,Coconut,Grade-III,FAQ,24000,30000,24000,2024-11-07
892,Hassan,Arasikere,Coconut,Grade-III,FAQ,24000,30000,24000,2025-02-17
893,Hassan,Arasikere,Coconut,Grade-III,FAQ,24000,30000,24000,2024-10-21
894,Hassan,Arasikere,Coconut,Grade-III,FAQ,24270,24270,24270,2024-04-19
895,Hassan,Arasikere,Coconut,Grade-III,FAQ,25000,25000,25000,2024-03-02
896,Hassan,Arasikere,Coconut,Grade-III,FAQ,25000,25000,25000,2025-01-07
897,Hassan,Arasikere,Coconut,Grade-III,FAQ,25000,25000,25000,2024-02-27
898,Hassan,Arasikere,Coconut,Grade-III,FAQ,25000,25000,25000,2024-02-28
899,Hassan,Arasikere,Coconut,Grade-III,FAQ,25000,35000,35000,2025-02-15
900,Hassan,Arasikere,Coconut,Grade-III,FAQ,25270,25270,25270,2024-12-19
901,Hassan,Arasikere,Coconut,Grade-III,FAQ,26000,26000,26000,2020-12-22
902,Hassan,Arasikere,Coconut,Grade-III,FAQ,26000,30000,27000,2024-10-29
903,Hassan,Arasikere,Coconut,Grade-III,FAQ,27000,28000,28000,2025-01-02
904,Hassan,Arasikere,Coconut,Grade-III,FAQ,28000,28000,28000,2025-01-16
905,Hassan,Arasikere,Coconut,Grade-III,FAQ,28000,28000,28000,2025-02-21
906,Hassan,Arasikere,Coconut,Grade-III,FAQ,28500,43010,34000,2025-02-20
907,Hassan,Arasikere,Coconut,Grade-III,FAQ,29000,29000,29000,2025-02-06
908,Hassan,Arasikere,Coconut,Grade-III,FAQ,29000,31000,29000,2024-12-18
909,Hassan,Arasikere,Coconut,Grade-III,FAQ,30000,30000,30000,2024-11-05
910,Hassan,Arasikere,Coconut,Grade-III,FAQ,30000,30000,30000,2024-11-08
911,Hassan,Arasikere,Coconut,Grade-III,FAQ,30000,30000,30000,2024-10-22
912,Hassan,Arasikere,Coconut,Grade-III,FAQ,30000,30000,30000,2024-09-25
913,Hassan,Arasikere,Coconut,Grade-III,FAQ,31000,31000,31000,2024-12-03
914,Hassan,Arasikere,Coconut,Grade-III,FAQ,31000,31000,31000,2024-12-17
915,Hassan,Arasikere,Coconut,Grade-III,FAQ,31000,31000,31000,2024-11-20
916,Hassan,Arasikere,Coconut,Grade-III,FAQ,34000,34000,34000,2025-01-18
917,Hassan,Arasikere,Coconut,Grade-III,Medium,10000,16000,12000,2019-12-30
918,Hassan,Arasikere,Coconut,Grade-III,Medium,10000,17000,15000,2019-09-16
919,Hassan,Arasikere,Coconut,Grade-III,Medium,12000,14280,12000,2019-11-04
920,Hassan,Arasikere,Coconut,Grade-III,Medium,12000,16590,15000,2019-07-29
921,Hassan,Arasikere,Coconut,Grade-III,Medium,12000,19900,15000,2019-07-25
922,Hassan,Arasikere,Coconut,Grade-III,Medium,12100,12800,12380,2019-10-11
923,Hassan,Arasikere,Coconut,Grade-III,Medium,14280,14280,14280,2019-11-02
924,Hassan,Arasikere,Coconut,Grade-III,Medium,15000,15000,15000,2019-08-09
925,Hassan,Arasikere,Coconut,Grade-III,Medium,15000,24100,19000,2020-11-02
926,Hassan,Arasikere,Coconut,Grade-III,Medium,16000,20000,17000,2019-07-22
927,Hassan,Arasikere,Coconut,Grade-III,Medium,17900,18100,18000,2019-09-05
928,Hassan,Arasikere,Coconut,Grade-III,Medium,18000,20000,19000,2019-08-05
929,Hassan,Arasikere,Coconut,Grade-III,Medium,18900,20000,20000,2019-10-17
930,Hassan,Arasikere,Coconut,Grade-III,Medium,21800,22200,22000,2020-04-01
931,Hassan,Arasikere,Coconut,Grade-III,Medium,22900,23100,23000,2020-04-07
932,Hassan,Arasikere,Coconut,Grade-III,Ref grade-1,1800,19900,18000,2025-02-01
933,Hassan,Arasikere,Coconut,Grade-III,Ref grade-1,24000,24000,24000,2025-01-31
934,Hassan,Arasikere,Coconut,Grade-III,Ref grade-1,25000,26000,25000,2025-02-04
