Sl no.,District Name,Market,Commodity,Variety,Grade,Min Price (Rs./Quintal),Max Price (Rs./Quintal),Modal_Price,Arrival_Date
10792,Bangalore,Ramanagara,Coconut,Grade-I,FAQ,1100,21200,15800,2021-02-10
10793,Bangalore,Ramanagara,Coconut,Grade-I,FAQ,1600,2000,1800,2020-02-17
10794,Bangalore,Ramanagara,Coconut,Grade-I,FAQ,5800,15800,9600,2021-09-15
10795,Bangalore,Ramanagara,Coconut,Grade-I,FAQ,5800,15900,10300,2021-09-02
10796,Bangalore,Ramanagara,Coconut,Grade-I,FAQ,5800,16000,10200,2021-09-06
10797,Bangalore,Ramanagara,Coconut,Grade-I,FAQ,6000,11000,8500,2019-07-15
10798,Bangalore,Ramanagara,Coconut,Grade-I,FAQ,6000,12000,9000,2019-07-16
10799,Bangalore,Ramanagara,Coconut,Grade-I,FAQ,6000,13200,10000,2020-07-01
10800,Bangalore,Ramanagara,Coconut,Grade-I,FAQ,6000,13800,10100,2020-07-07
10801,Bangalore,Ramanagara,Coconut,Grade-I,FAQ,6000,16200,10000,2021-09-01
10802,Bangalore,Ramanagara,Coconut,Grade-I,FAQ,6000,16200,10200,2021-09-13
10803,Bangalore,Ramanagara,Coconut,Grade-I,FAQ,6000,16300,10200,2021-09-14
10804,Bangalore,Ramanagara,Coconut,Grade-I,FAQ,6100,15600,9800,2021-09-03
10805,Bangalore,Ramanagara,Coconut,Grade-I,FAQ,6200,15800,10400,2021-09-04
10806,Bangalore,Ramanagara,Coconut,Grade-I,FAQ,6200,16200,9800,2021-08-26
10807,Bangalore,Ramanagara,Coconut,Grade-I,FAQ,6200,16200,10100,2021-09-09
10808,Bangalore,Ramanagara,Coconut,Grade-I,FAQ,6200,16400,10200,2021-09-07
10809,Bangalore,Ramanagara,Coconut,Grade-I,FAQ,6200,16400,10200,2021-08-30
10810,Bangalore,Ramanagara,Coconut,Grade-I,FAQ,6300,15800,9900,2021-08-31
10811,Bangalore,Ramanagara,Coconut,Grade-I,FAQ,6500,13100,10200,2023-08-16
10812,Bangalore,Ramanagara,Coconut,Grade-I,FAQ,6500,15600,10100,2021-09-05
10813,Bangalore,Ramanagara,Coconut,Grade-I,FAQ,6500,15600,10500,2021-07-17
10814,Bangalore,Ramanagara,Coconut,Grade-I,FAQ,6500,15800,10800,2021-08-24
10815,Bangalore,Ramanagara,Coconut,Grade-I,FAQ,6500,16500,10500,2021-09-08
10816,Bangalore,Ramanagara,Coconut,Grade-I,FAQ,6600,16200,10200,2021-08-25
10817,Bangalore,Ramanagara,Coconut,Grade-I,FAQ,6800,13200,10000,2020-06-16
10818,Bangalore,Ramanagara,Coconut,Grade-I,FAQ,6800,14900,9800,2021-07-20
10819,Bangalore,Ramanagara,Coconut,Grade-I,FAQ,6800,15600,10000,2021-06-17
10820,Bangalore,Ramanagara,Coconut,Grade-I,FAQ,6800,15600,10200,2021-08-20
10821,Bangalore,Ramanagara,Coconut,Grade-I,FAQ,6800,15600,10500,2021-08-21
10822,Bangalore,Ramanagara,Coconut,Grade-I,FAQ,6800,15900,10100,2021-08-13
10823,Bangalore,Ramanagara,Coconut,Grade-I,FAQ,6800,16200,10200,2021-08-23
10824,Bangalore,Ramanagara,Coconut,Grade-I,FAQ,6800,16200,10400,2021-08-04
10825,Bangalore,Ramanagara,Coconut,Grade-I,FAQ,6900,16400,10200,2021-08-09
10826,Bangalore,Ramanagara,Coconut,Grade-I,FAQ,7000,11000,9000,2019-07-13
10827,Bangalore,Ramanagara,Coconut,Grade-I,FAQ,7000,12000,9000,2019-07-17
10828,Bangalore,Ramanagara,Coconut,Grade-I,FAQ,7000,13000,10000,2019-08-01
10829,Bangalore,Ramanagara,Coconut,Grade-I,FAQ,7000,13000,10000,2019-08-03
10830,Bangalore,Ramanagara,Coconut,Grade-I,FAQ,7000,13000,10000,2019-10-04
10831,Bangalore,Ramanagara,Coconut,Grade-I,FAQ,7000,13000,10000,2019-08-08
10832,Bangalore,Ramanagara,Coconut,Grade-I,FAQ,7000,13000,10000,2019-10-08
10833,Bangalore,Ramanagara,Coconut,Grade-I,FAQ,7000,13000,10000,2019-12-13
10834,Bangalore,Ramanagara,Coconut,Grade-I,FAQ,7000,13000,10000,2019-10-15
10835,Bangalore,Ramanagara,Coconut,Grade-I,FAQ,7000,13000,10000,2019-10-19
10836,Bangalore,Ramanagara,Coconut,Grade-I,FAQ,7000,13000,10000,2019-09-27
10837,Bangalore,Ramanagara,Coconut,Grade-I,FAQ,7000,13000,10000,2019-09-28
10838,Bangalore,Ramanagara,Coconut,Grade-I,FAQ,7000,13000,10000,2019-07-29
10839,Bangalore,Ramanagara,Coconut,Grade-I,FAQ,7000,13000,10100,2019-07-26
10840,Bangalore,Ramanagara,Coconut,Grade-I,FAQ,7000,13200,10000,2023-08-09
10841,Bangalore,Ramanagara,Coconut,Grade-I,FAQ,7000,13200,10000,2019-12-11
10842,Bangalore,Ramanagara,Coconut,Grade-I,FAQ,7000,13200,10100,2020-01-01
10843,Bangalore,Ramanagara,Coconut,Grade-I,FAQ,7000,13200,10100,2020-06-25
10844,Bangalore,Ramanagara,Coconut,Grade-I,FAQ,7000,13200,10100,2019-07-27
10845,Bangalore,Ramanagara,Coconut,Grade-I,FAQ,7000,13200,10100,2019-10-29
10846,Bangalore,Ramanagara,Coconut,Grade-I,FAQ,7000,13200,10100,2019-07-31
10847,Bangalore,Ramanagara,Coconut,Grade-I,FAQ,7000,13400,10200,2020-07-04
10848,Bangalore,Ramanagara,Coconut,Grade-I,FAQ,7000,13400,10200,2019-10-16
10849,Bangalore,Ramanagara,Coconut,Grade-I,FAQ,7000,13400,10200,2020-06-19
10850,Bangalore,Ramanagara,Coconut,Grade-I,FAQ,7000,13400,10200,2020-06-30
10851,Bangalore,Ramanagara,Coconut,Grade-I,FAQ,7000,13500,10200,2020-07-02
10852,Bangalore,Ramanagara,Coconut,Grade-I,FAQ,7000,13600,10300,2020-01-04
10853,Bangalore,Ramanagara,Coconut,Grade-I,FAQ,7000,13600,10300,2019-10-21
10854,Bangalore,Ramanagara,Coconut,Grade-I,FAQ,7000,13600,10300,2019-12-31
10855,Bangalore,Ramanagara,Coconut,Grade-I,FAQ,7000,13800,10000,2020-06-17
10856,Bangalore,Ramanagara,Coconut,Grade-I,FAQ,7000,13800,10200,2020-07-14
10857,Bangalore,Ramanagara,Coconut,Grade-I,FAQ,7000,13800,10200,2020-06-29
10858,Bangalore,Ramanagara,Coconut,Grade-I,FAQ,7000,13800,10400,2019-10-22
10859,Bangalore,Ramanagara,Coconut,Grade-I,FAQ,7000,13800,10400,2019-10-25
10860,Bangalore,Ramanagara,Coconut,Grade-I,FAQ,7000,13800,10500,2020-06-26
10861,Bangalore,Ramanagara,Coconut,Grade-I,FAQ,7000,13900,10500,2020-07-23
10862,Bangalore,Ramanagara,Coconut,Grade-I,FAQ,7000,14000,10000,2020-06-12
10863,Bangalore,Ramanagara,Coconut,Grade-I,FAQ,7000,14000,10400,2020-06-23
10864,Bangalore,Ramanagara,Coconut,Grade-I,FAQ,7000,14000,10500,2019-11-04
10865,Bangalore,Ramanagara,Coconut,Grade-I,FAQ,7000,14000,10500,2020-09-06
10866,Bangalore,Ramanagara,Coconut,Grade-I,FAQ,7000,14000,10500,2020-07-08
10867,Bangalore,Ramanagara,Coconut,Grade-I,FAQ,7000,14000,10500,2019-09-18
10868,Bangalore,Ramanagara,Coconut,Grade-I,FAQ,7000,14000,10500,2019-12-20
10869,Bangalore,Ramanagara,Coconut,Grade-I,FAQ,7000,14000,10500,2020-06-22
10870,Bangalore,Ramanagara,Coconut,Grade-I,FAQ,7000,14000,10500,2020-07-25
10871,Bangalore,Ramanagara,Coconut,Grade-I,FAQ,7000,14000,10500,2020-07-30
10872,Bangalore,Ramanagara,Coconut,Grade-I,FAQ,7000,14000,11500,2019-12-12
10873,Bangalore,Ramanagara,Coconut,Grade-I,FAQ,7000,14000,11500,2020-06-15
10874,Bangalore,Ramanagara,Coconut,Grade-I,FAQ,7000,14000,11500,2020-01-21
10875,Bangalore,Ramanagara,Coconut,Grade-I,FAQ,7000,14100,10200,2020-06-18
10876,Bangalore,Ramanagara,Coconut,Grade-I,FAQ,7000,14100,11000,2020-06-27
10877,Bangalore,Ramanagara,Coconut,Grade-I,FAQ,7000,14200,10100,2020-07-11
10878,Bangalore,Ramanagara,Coconut,Grade-I,FAQ,7000,14200,10200,2020-07-10
10879,Bangalore,Ramanagara,Coconut,Grade-I,FAQ,7000,14200,10500,2020-07-21
10880,Bangalore,Ramanagara,Coconut,Grade-I,FAQ,7000,14200,10600,2020-08-12
10881,Bangalore,Ramanagara,Coconut,Grade-I,FAQ,7000,14200,11000,2020-06-13
10882,Bangalore,Ramanagara,Coconut,Grade-I,FAQ,7000,14400,10600,2020-08-01
10883,Bangalore,Ramanagara,Coconut,Grade-I,FAQ,7000,14500,11000,2020-05-21
10884,Bangalore,Ramanagara,Coconut,Grade-I,FAQ,7000,14600,10500,2020-07-16
10885,Bangalore,Ramanagara,Coconut,Grade-I,FAQ,7000,14800,10400,2020-07-13
10886,Bangalore,Ramanagara,Coconut,Grade-I,FAQ,7000,14800,10400,2020-08-14
10887,Bangalore,Ramanagara,Coconut,Grade-I,FAQ,7000,14800,10800,2020-08-31
10888,Bangalore,Ramanagara,Coconut,Grade-I,FAQ,7000,14800,11000,2020-06-08
10889,Bangalore,Ramanagara,Coconut,Grade-I,FAQ,7000,14800,11600,2020-09-12
10890,Bangalore,Ramanagara,Coconut,Grade-I,FAQ,7000,15000,10500,2020-09-05
10891,Bangalore,Ramanagara,Coconut,Grade-I,FAQ,7000,15000,11000,2020-09-10
10892,Bangalore,Ramanagara,Coconut,Grade-I,FAQ,7000,15000,11000,2020-09-13
10893,Bangalore,Ramanagara,Coconut,Grade-I,FAQ,7000,15000,11000,2020-08-15
10894,Bangalore,Ramanagara,Coconut,Grade-I,FAQ,7000,15000,11000,2020-09-16
10895,Bangalore,Ramanagara,Coconut,Grade-I,FAQ,7000,15000,11000,2020-08-18
10896,Bangalore,Ramanagara,Coconut,Grade-I,FAQ,7000,15000,11000,2020-08-20
10897,Bangalore,Ramanagara,Coconut,Grade-I,FAQ,7000,15000,11000,2020-05-22
10898,Bangalore,Ramanagara,Coconut,Grade-I,FAQ,7000,15000,11500,2020-06-11
10899,Bangalore,Ramanagara,Coconut,Grade-I,FAQ,7000,15000,12000,2020-07-22
10900,Bangalore,Ramanagara,Coconut,Grade-I,FAQ,7000,15200,10800,2020-09-02
10901,Bangalore,Ramanagara,Coconut,Grade-I,FAQ,7000,15200,10800,2020-08-19
10902,Bangalore,Ramanagara,Coconut,Grade-I,FAQ,7000,15200,11000,2020-08-06
10903,Bangalore,Ramanagara,Coconut,Grade-I,FAQ,7000,15200,11000,2020-06-06
10904,Bangalore,Ramanagara,Coconut,Grade-I,FAQ,7000,15200,11000,2020-09-08
10905,Bangalore,Ramanagara,Coconut,Grade-I,FAQ,7000,15200,11000,2020-06-09
10906,Bangalore,Ramanagara,Coconut,Grade-I,FAQ,7000,15200,11000,2020-08-13
10907,Bangalore,Ramanagara,Coconut,Grade-I,FAQ,7000,15200,11000,2020-09-14
10908,Bangalore,Ramanagara,Coconut,Grade-I,FAQ,7000,15200,11000,2020-08-26
10909,Bangalore,Ramanagara,Coconut,Grade-I,FAQ,7000,15200,11000,2020-07-28
10910,Bangalore,Ramanagara,Coconut,Grade-I,FAQ,7000,15200,11500,2021-08-19
10911,Bangalore,Ramanagara,Coconut,Grade-I,FAQ,7000,15600,10800,2021-06-15
10912,Bangalore,Ramanagara,Coconut,Grade-I,FAQ,7000,16000,10000,2021-06-03
10913,Bangalore,Ramanagara,Coconut,Grade-I,FAQ,7000,16000,11000,2020-05-27
10914,Bangalore,Ramanagara,Coconut,Grade-I,FAQ,7000,16000,11000,2020-08-28
10915,Bangalore,Ramanagara,Coconut,Grade-I,FAQ,7000,16000,11000,2020-05-28
10916,Bangalore,Ramanagara,Coconut,Grade-I,FAQ,7000,16000,11500,2020-09-04
10917,Bangalore,Ramanagara,Coconut,Grade-I,FAQ,7000,16000,11500,2020-08-25
10918,Bangalore,Ramanagara,Coconut,Grade-I,FAQ,7000,16000,11800,2020-09-26
10919,Bangalore,Ramanagara,Coconut,Grade-I,FAQ,7000,16000,12000,2021-06-04
10920,Bangalore,Ramanagara,Coconut,Grade-I,FAQ,7000,16200,10400,2021-08-02
10921,Bangalore,Ramanagara,Coconut,Grade-I,FAQ,7000,16200,11000,2021-06-12
10922,Bangalore,Ramanagara,Coconut,Grade-I,FAQ,7000,16200,11000,2021-08-14
10923,Bangalore,Ramanagara,Coconut,Grade-I,FAQ,7000,16200,11400,2020-09-22
10924,Bangalore,Ramanagara,Coconut,Grade-I,FAQ,7000,16200,12000,2020-05-09
10925,Bangalore,Ramanagara,Coconut,Grade-I,FAQ,7000,16300,10800,2021-08-17
10926,Bangalore,Ramanagara,Coconut,Grade-I,FAQ,7000,16400,10500,2021-06-22
10927,Bangalore,Ramanagara,Coconut,Grade-I,FAQ,7000,16500,10400,2021-08-12
10928,Bangalore,Ramanagara,Coconut,Grade-I,FAQ,7000,16600,12500,2020-09-21
10929,Bangalore,Ramanagara,Coconut,Grade-I,FAQ,7000,17000,12500,2020-09-24
10930,Bangalore,Ramanagara,Coconut,Grade-I,FAQ,7100,14000,10400,2020-06-24
10931,Bangalore,Ramanagara,Coconut,Grade-I,FAQ,7100,14400,10600,2020-08-10
10932,Bangalore,Ramanagara,Coconut,Grade-I,FAQ,7100,16200,10100,2021-07-13
10933,Bangalore,Ramanagara,Coconut,Grade-I,FAQ,7100,16400,10800,2021-06-11
10934,Bangalore,Ramanagara,Coconut,Grade-I,FAQ,7200,13800,10400,2020-07-03
10935,Bangalore,Ramanagara,Coconut,Grade-I,FAQ,7200,14200,10300,2020-07-18
10936,Bangalore,Ramanagara,Coconut,Grade-I,FAQ,7200,14200,10400,2020-07-15
10937,Bangalore,Ramanagara,Coconut,Grade-I,FAQ,7200,14400,10400,2020-07-31
10938,Bangalore,Ramanagara,Coconut,Grade-I,FAQ,7200,14400,11000,2020-08-07
10939,Bangalore,Ramanagara,Coconut,Grade-I,FAQ,7200,14800,10400,2020-07-17
10940,Bangalore,Ramanagara,Coconut,Grade-I,FAQ,7200,14800,10800,2020-08-03
10941,Bangalore,Ramanagara,Coconut,Grade-I,FAQ,7200,14800,10800,2020-07-09
10942,Bangalore,Ramanagara,Coconut,Grade-I,FAQ,7200,15000,11000,2020-08-04
10943,Bangalore,Ramanagara,Coconut,Grade-I,FAQ,7200,15000,11200,2020-07-27
10944,Bangalore,Ramanagara,Coconut,Grade-I,FAQ,7200,15200,12200,2024-05-25
10945,Bangalore,Ramanagara,Coconut,Grade-I,FAQ,7200,15500,10400,2021-06-16
10946,Bangalore,Ramanagara,Coconut,Grade-I,FAQ,7200,15500,10500,2021-07-16
10947,Bangalore,Ramanagara,Coconut,Grade-I,FAQ,7200,15600,10800,2020-09-18
10948,Bangalore,Ramanagara,Coconut,Grade-I,FAQ,7200,16000,10800,2021-06-19
10949,Bangalore,Ramanagara,Coconut,Grade-I,FAQ,7200,16100,10200,2021-08-18
10950,Bangalore,Ramanagara,Coconut,Grade-I,FAQ,7200,16100,10300,2021-08-05
10951,Bangalore,Ramanagara,Coconut,Grade-I,FAQ,7200,16200,11000,2021-06-18
10952,Bangalore,Ramanagara,Coconut,Grade-I,FAQ,7200,16400,10400,2021-08-11
10953,Bangalore,Ramanagara,Coconut,Grade-I,FAQ,7200,16400,10500,2021-08-03
10954,Bangalore,Ramanagara,Coconut,Grade-I,FAQ,7200,16400,10500,2021-08-16
10955,Bangalore,Ramanagara,Coconut,Grade-I,FAQ,7200,16400,11800,2021-06-08
10956,Bangalore,Ramanagara,Coconut,Grade-I,FAQ,7200,16500,10600,2021-06-21
10957,Bangalore,Ramanagara,Coconut,Grade-I,FAQ,7300,15800,11000,2021-07-14
10958,Bangalore,Ramanagara,Coconut,Grade-I,FAQ,7400,13800,10400,2020-07-24
10959,Bangalore,Ramanagara,Coconut,Grade-I,FAQ,7400,14800,11400,2020-09-17
10960,Bangalore,Ramanagara,Coconut,Grade-I,FAQ,7400,14800,12000,2024-06-05
10961,Bangalore,Ramanagara,Coconut,Grade-I,FAQ,7400,15200,11000,2020-08-08
10962,Bangalore,Ramanagara,Coconut,Grade-I,FAQ,7400,15900,10300,2021-07-12
10963,Bangalore,Ramanagara,Coconut,Grade-I,FAQ,7400,16100,10800,2023-11-09
10964,Bangalore,Ramanagara,Coconut,Grade-I,FAQ,7400,16900,11900,2020-11-02
10965,Bangalore,Ramanagara,Coconut,Grade-I,FAQ,7500,15000,11000,2020-06-05
10966,Bangalore,Ramanagara,Coconut,Grade-I,FAQ,7500,15800,10800,2021-08-06
10967,Bangalore,Ramanagara,Coconut,Grade-I,FAQ,7500,15800,10800,2021-06-09
10968,Bangalore,Ramanagara,Coconut,Grade-I,FAQ,7500,16500,10800,2021-06-28
10969,Bangalore,Ramanagara,Coconut,Grade-I,FAQ,7500,16500,12000,2020-02-27
10970,Bangalore,Ramanagara,Coconut,Grade-I,FAQ,7600,14800,10500,2024-05-29
10971,Bangalore,Ramanagara,Coconut,Grade-I,FAQ,7600,15800,10600,2021-07-09
10972,Bangalore,Ramanagara,Coconut,Grade-I,FAQ,7600,16200,13200,2023-10-18
10973,Bangalore,Ramanagara,Coconut,Grade-I,FAQ,7600,16300,10800,2024-08-07
10974,Bangalore,Ramanagara,Coconut,Grade-I,FAQ,7800,15500,12800,2023-11-15
10975,Bangalore,Ramanagara,Coconut,Grade-I,FAQ,7800,15900,11200,2021-07-08
10976,Bangalore,Ramanagara,Coconut,Grade-I,FAQ,7800,15900,12200,2020-10-18
10977,Bangalore,Ramanagara,Coconut,Grade-I,FAQ,7800,16000,11200,2021-07-15
10978,Bangalore,Ramanagara,Coconut,Grade-I,FAQ,7800,16200,10500,2021-07-10
10979,Bangalore,Ramanagara,Coconut,Grade-I,FAQ,7800,16200,10600,2021-07-06
10980,Bangalore,Ramanagara,Coconut,Grade-I,FAQ,7800,16200,10600,2021-07-19
10981,Bangalore,Ramanagara,Coconut,Grade-I,FAQ,7800,16300,10600,2021-08-07
10982,Bangalore,Ramanagara,Coconut,Grade-I,FAQ,7800,16300,12800,2024-09-12
10983,Bangalore,Ramanagara,Coconut,Grade-I,FAQ,7800,16800,12500,2020-10-12
10984,Bangalore,Ramanagara,Coconut,Grade-I,FAQ,7800,16900,12000,2020-10-20
10985,Bangalore,Ramanagara,Coconut,Grade-I,FAQ,7900,16900,12800,2020-10-23
10986,Bangalore,Ramanagara,Coconut,Grade-I,FAQ,7900,17000,12800,2020-11-03
10987,Bangalore,Ramanagara,Coconut,Grade-I,FAQ,8000,12000,10000,2019-08-12
10988,Bangalore,Ramanagara,Coconut,Grade-I,FAQ,8000,12000,10000,2019-10-13
10989,Bangalore,Ramanagara,Coconut,Grade-I,FAQ,8000,12000,10000,2019-08-19
10990,Bangalore,Ramanagara,Coconut,Grade-I,FAQ,8000,12000,10000,2019-07-23
10991,Bangalore,Ramanagara,Coconut,Grade-I,FAQ,8000,12000,10000,2019-10-24
10992,Bangalore,Ramanagara,Coconut,Grade-I,FAQ,8000,12000,10000,2019-07-25
10993,Bangalore,Ramanagara,Coconut,Grade-I,FAQ,8000,12000,10000,2019-07-30
10994,Bangalore,Ramanagara,Coconut,Grade-I,FAQ,8000,13000,10000,2019-12-18
10995,Bangalore,Ramanagara,Coconut,Grade-I,FAQ,8000,13000,10500,2019-08-02
10996,Bangalore,Ramanagara,Coconut,Grade-I,FAQ,8000,13000,10500,2020-01-03
10997,Bangalore,Ramanagara,Coconut,Grade-I,FAQ,8000,13000,10500,2020-01-06
10998,Bangalore,Ramanagara,Coconut,Grade-I,FAQ,8000,13000,10500,2019-11-06
10999,Bangalore,Ramanagara,Coconut,Grade-I,FAQ,8000,13000,10500,2020-01-17
11000,Bangalore,Ramanagara,Coconut,Grade-I,FAQ,8000,13000,10500,2019-07-18
11001,Bangalore,Ramanagara,Coconut,Grade-I,FAQ,8000,13000,10500,2019-07-19
11002,Bangalore,Ramanagara,Coconut,Grade-I,FAQ,8000,13000,10500,2019-07-20
11003,Bangalore,Ramanagara,Coconut,Grade-I,FAQ,8000,13000,10500,2019-07-24
11004,Bangalore,Ramanagara,Coconut,Grade-I,FAQ,8000,13000,10500,2019-12-27
11005,Bangalore,Ramanagara,Coconut,Grade-I,FAQ,8000,13000,10500,2019-12-30
11006,Bangalore,Ramanagara,Coconut,Grade-I,FAQ,8000,13000,11000,2019-12-10
11007,Bangalore,Ramanagara,Coconut,Grade-I,FAQ,8000,13000,11500,2020-01-14
11008,Bangalore,Ramanagara,Coconut,Grade-I,FAQ,8000,13000,11500,2019-10-14
11009,Bangalore,Ramanagara,Coconut,Grade-I,FAQ,8000,13000,11500,2019-10-28
11010,Bangalore,Ramanagara,Coconut,Grade-I,FAQ,8000,13000,11500,2019-10-30
11011,Bangalore,Ramanagara,Coconut,Grade-I,FAQ,8000,13800,11400,2020-01-08
11012,Bangalore,Ramanagara,Coconut,Grade-I,FAQ,8000,13800,11400,2019-12-19
11013,Bangalore,Ramanagara,Coconut,Grade-I,FAQ,8000,14000,11000,2019-10-01
11014,Bangalore,Ramanagara,Coconut,Grade-I,FAQ,8000,14000,11000,2020-01-02
11015,Bangalore,Ramanagara,Coconut,Grade-I,FAQ,8000,14000,11000,2019-11-02
11016,Bangalore,Ramanagara,Coconut,Grade-I,FAQ,8000,14000,11000,2019-10-03
11017,Bangalore,Ramanagara,Coconut,Grade-I,FAQ,8000,14000,11000,2019-09-04
11018,Bangalore,Ramanagara,Coconut,Grade-I,FAQ,8000,14000,11000,2019-08-05
11019,Bangalore,Ramanagara,Coconut,Grade-I,FAQ,8000,14000,11000,2019-10-05
11020,Bangalore,Ramanagara,Coconut,Grade-I,FAQ,8000,14000,11000,2019-08-06
11021,Bangalore,Ramanagara,Coconut,Grade-I,FAQ,8000,14000,11000,2019-12-06
11022,Bangalore,Ramanagara,Coconut,Grade-I,FAQ,8000,14000,11000,2019-09-06
11023,Bangalore,Ramanagara,Coconut,Grade-I,FAQ,8000,14000,11000,2019-08-07
11024,Bangalore,Ramanagara,Coconut,Grade-I,FAQ,8000,14000,11000,2020-01-07
11025,Bangalore,Ramanagara,Coconut,Grade-I,FAQ,8000,14000,11000,2019-11-07
11026,Bangalore,Ramanagara,Coconut,Grade-I,FAQ,8000,14000,11000,2019-09-07
11027,Bangalore,Ramanagara,Coconut,Grade-I,FAQ,8000,14000,11000,2019-11-08
11028,Bangalore,Ramanagara,Coconut,Grade-I,FAQ,8000,14000,11000,2020-11-08
11029,Bangalore,Ramanagara,Coconut,Grade-I,FAQ,8000,14000,11000,2019-08-09
11030,Bangalore,Ramanagara,Coconut,Grade-I,FAQ,8000,14000,11000,2019-12-09
11031,Bangalore,Ramanagara,Coconut,Grade-I,FAQ,8000,14000,11000,2020-01-09
11032,Bangalore,Ramanagara,Coconut,Grade-I,FAQ,8000,14000,11000,2019-10-09
11033,Bangalore,Ramanagara,Coconut,Grade-I,FAQ,8000,14000,11000,2020-01-10
11034,Bangalore,Ramanagara,Coconut,Grade-I,FAQ,8000,14000,11000,2019-10-10
11035,Bangalore,Ramanagara,Coconut,Grade-I,FAQ,8000,14000,11000,2019-11-11
11036,Bangalore,Ramanagara,Coconut,Grade-I,FAQ,8000,14000,11000,2019-10-11
11037,Bangalore,Ramanagara,Coconut,Grade-I,FAQ,8000,14000,11000,2019-10-12
11038,Bangalore,Ramanagara,Coconut,Grade-I,FAQ,8000,14000,11000,2019-09-12
11039,Bangalore,Ramanagara,Coconut,Grade-I,FAQ,8000,14000,11000,2019-08-13
11040,Bangalore,Ramanagara,Coconut,Grade-I,FAQ,8000,14000,11000,2019-11-13
11041,Bangalore,Ramanagara,Coconut,Grade-I,FAQ,8000,14000,11000,2019-09-14
11042,Bangalore,Ramanagara,Coconut,Grade-I,FAQ,8000,14000,11000,2019-08-16
11043,Bangalore,Ramanagara,Coconut,Grade-I,FAQ,8000,14000,11000,2020-01-16
11044,Bangalore,Ramanagara,Coconut,Grade-I,FAQ,8000,14000,11000,2019-09-16
11045,Bangalore,Ramanagara,Coconut,Grade-I,FAQ,8000,14000,11000,2019-08-17
11046,Bangalore,Ramanagara,Coconut,Grade-I,FAQ,8000,14000,11000,2019-10-17
11047,Bangalore,Ramanagara,Coconut,Grade-I,FAQ,8000,14000,11000,2019-09-17
11048,Bangalore,Ramanagara,Coconut,Grade-I,FAQ,8000,14000,11000,2019-10-18
11049,Bangalore,Ramanagara,Coconut,Grade-I,FAQ,8000,14000,11000,2019-11-19
11050,Bangalore,Ramanagara,Coconut,Grade-I,FAQ,8000,14000,11000,2020-01-20
11051,Bangalore,Ramanagara,Coconut,Grade-I,FAQ,8000,14000,11000,2019-08-21
11052,Bangalore,Ramanagara,Coconut,Grade-I,FAQ,8000,14000,11000,2019-12-21
11053,Bangalore,Ramanagara,Coconut,Grade-I,FAQ,8000,14000,11000,2019-09-21
11054,Bangalore,Ramanagara,Coconut,Grade-I,FAQ,8000,14000,11000,2019-07-22
11055,Bangalore,Ramanagara,Coconut,Grade-I,FAQ,8000,14000,11000,2019-08-23
11056,Bangalore,Ramanagara,Coconut,Grade-I,FAQ,8000,14000,11000,2019-10-23
11057,Bangalore,Ramanagara,Coconut,Grade-I,FAQ,8000,14000,11000,2019-08-24
11058,Bangalore,Ramanagara,Coconut,Grade-I,FAQ,8000,14000,11000,2019-09-25
11059,Bangalore,Ramanagara,Coconut,Grade-I,FAQ,8000,14000,11000,2019-08-26
11060,Bangalore,Ramanagara,Coconut,Grade-I,FAQ,8000,14000,11000,2019-12-26
11061,Bangalore,Ramanagara,Coconut,Grade-I,FAQ,8000,14000,11000,2019-09-26
11062,Bangalore,Ramanagara,Coconut,Grade-I,FAQ,8000,14000,11000,2019-11-27
11063,Bangalore,Ramanagara,Coconut,Grade-I,FAQ,8000,14000,11000,2019-12-28
11064,Bangalore,Ramanagara,Coconut,Grade-I,FAQ,8000,14000,11000,2019-08-29
11065,Bangalore,Ramanagara,Coconut,Grade-I,FAQ,8000,14000,11000,2019-09-30
11066,Bangalore,Ramanagara,Coconut,Grade-I,FAQ,8000,14000,11000,2019-10-31
11067,Bangalore,Ramanagara,Coconut,Grade-I,FAQ,8000,14000,11100,2019-08-10
11068,Bangalore,Ramanagara,Coconut,Grade-I,FAQ,8000,14000,11100,2019-08-14
11069,Bangalore,Ramanagara,Coconut,Grade-I,FAQ,8000,14000,11200,2019-12-14
11070,Bangalore,Ramanagara,Coconut,Grade-I,FAQ,8000,14000,11500,2019-12-16
11071,Bangalore,Ramanagara,Coconut,Grade-I,FAQ,8000,14000,11500,2019-12-17
11072,Bangalore,Ramanagara,Coconut,Grade-I,FAQ,8000,14000,11500,2019-11-29
11073,Bangalore,Ramanagara,Coconut,Grade-I,FAQ,8000,14200,11000,2019-12-03
11074,Bangalore,Ramanagara,Coconut,Grade-I,FAQ,8000,14200,11000,2019-12-23
11075,Bangalore,Ramanagara,Coconut,Grade-I,FAQ,8000,14200,11100,2019-10-02
11076,Bangalore,Ramanagara,Coconut,Grade-I,FAQ,8000,14200,11100,2019-09-11
11077,Bangalore,Ramanagara,Coconut,Grade-I,FAQ,8000,14200,11100,2020-01-13
11078,Bangalore,Ramanagara,Coconut,Grade-I,FAQ,8000,14200,11100,2019-09-19
11079,Bangalore,Ramanagara,Coconut,Grade-I,FAQ,8000,14200,11100,2019-12-24
11080,Bangalore,Ramanagara,Coconut,Grade-I,FAQ,8000,14200,11100,2019-09-24
11081,Bangalore,Ramanagara,Coconut,Grade-I,FAQ,8000,14200,11100,2019-10-26
11082,Bangalore,Ramanagara,Coconut,Grade-I,FAQ,8000,14200,11100,2019-08-27
11083,Bangalore,Ramanagara,Coconut,Grade-I,FAQ,8000,14200,12000,2020-05-12
11084,Bangalore,Ramanagara,Coconut,Grade-I,FAQ,8000,14400,11000,2020-07-20
11085,Bangalore,Ramanagara,Coconut,Grade-I,FAQ,8000,14400,11200,2019-11-05
11086,Bangalore,Ramanagara,Coconut,Grade-I,FAQ,8000,14400,11200,2019-11-09
11087,Bangalore,Ramanagara,Coconut,Grade-I,FAQ,8000,14400,11200,2019-09-20
11088,Bangalore,Ramanagara,Coconut,Grade-I,FAQ,8000,14400,11200,2019-09-23
11089,Bangalore,Ramanagara,Coconut,Grade-I,FAQ,8000,14400,11200,2019-08-28
11090,Bangalore,Ramanagara,Coconut,Grade-I,FAQ,8000,14400,12000,2019-11-30
11091,Bangalore,Ramanagara,Coconut,Grade-I,FAQ,8000,14500,12000,2020-06-14
11092,Bangalore,Ramanagara,Coconut,Grade-I,FAQ,8000,14600,11200,2020-06-10
11093,Bangalore,Ramanagara,Coconut,Grade-I,FAQ,8000,14600,11500,2019-12-02
11094,Bangalore,Ramanagara,Coconut,Grade-I,FAQ,8000,14800,11000,2020-05-30
11095,Bangalore,Ramanagara,Coconut,Grade-I,FAQ,8000,15000,11000,2020-06-04
11096,Bangalore,Ramanagara,Coconut,Grade-I,FAQ,8000,15000,11500,2020-06-01
11097,Bangalore,Ramanagara,Coconut,Grade-I,FAQ,8000,15000,11500,2019-11-14
11098,Bangalore,Ramanagara,Coconut,Grade-I,FAQ,8000,15000,11500,2020-08-22
11099,Bangalore,Ramanagara,Coconut,Grade-I,FAQ,8000,15000,11500,2020-01-29
11100,Bangalore,Ramanagara,Coconut,Grade-I,FAQ,8000,15000,12000,2019-12-04
11101,Bangalore,Ramanagara,Coconut,Grade-I,FAQ,8000,15000,12000,2019-09-05
11102,Bangalore,Ramanagara,Coconut,Grade-I,FAQ,8000,15000,12000,2020-09-07
11103,Bangalore,Ramanagara,Coconut,Grade-I,FAQ,8000,15000,12000,2020-01-18
11104,Bangalore,Ramanagara,Coconut,Grade-I,FAQ,8000,15000,12000,2020-05-18
11105,Bangalore,Ramanagara,Coconut,Grade-I,FAQ,8000,15000,12000,2020-05-20
11106,Bangalore,Ramanagara,Coconut,Grade-I,FAQ,8000,15000,12000,2020-01-23
11107,Bangalore,Ramanagara,Coconut,Grade-I,FAQ,8000,15000,12000,2020-05-23
11108,Bangalore,Ramanagara,Coconut,Grade-I,FAQ,8000,15000,12500,2019-09-09
11109,Bangalore,Ramanagara,Coconut,Grade-I,FAQ,8000,15000,12800,2023-06-10
11110,Bangalore,Ramanagara,Coconut,Grade-I,FAQ,8000,15200,11000,2020-08-29
11111,Bangalore,Ramanagara,Coconut,Grade-I,FAQ,8000,15200,12000,2020-06-03
11112,Bangalore,Ramanagara,Coconut,Grade-I,FAQ,8000,15200,12000,2020-05-29
11113,Bangalore,Ramanagara,Coconut,Grade-I,FAQ,8000,15400,11000,2020-09-01
11114,Bangalore,Ramanagara,Coconut,Grade-I,FAQ,8000,15400,12100,2023-10-25
11115,Bangalore,Ramanagara,Coconut,Grade-I,FAQ,8000,15400,12500,2020-05-19
11116,Bangalore,Ramanagara,Coconut,Grade-I,FAQ,8000,16000,11500,2020-09-20
11117,Bangalore,Ramanagara,Coconut,Grade-I,FAQ,8000,16000,11500,2020-08-27
11118,Bangalore,Ramanagara,Coconut,Grade-I,FAQ,8000,16000,11800,2020-09-11
11119,Bangalore,Ramanagara,Coconut,Grade-I,FAQ,8000,16000,11800,2020-09-15
11120,Bangalore,Ramanagara,Coconut,Grade-I,FAQ,8000,16000,12000,2020-02-03
11121,Bangalore,Ramanagara,Coconut,Grade-I,FAQ,8000,16000,12000,2019-09-03
11122,Bangalore,Ramanagara,Coconut,Grade-I,FAQ,8000,16000,12000,2020-09-03
11123,Bangalore,Ramanagara,Coconut,Grade-I,FAQ,8000,16000,12000,2020-04-05
11124,Bangalore,Ramanagara,Coconut,Grade-I,FAQ,8000,16000,12000,2020-08-05
11125,Bangalore,Ramanagara,Coconut,Grade-I,FAQ,8000,16000,12000,2020-02-07
11126,Bangalore,Ramanagara,Coconut,Grade-I,FAQ,8000,16000,12000,2021-06-07
11127,Bangalore,Ramanagara,Coconut,Grade-I,FAQ,8000,16000,12000,2020-04-09
11128,Bangalore,Ramanagara,Coconut,Grade-I,FAQ,8000,16000,12000,2020-09-09
11129,Bangalore,Ramanagara,Coconut,Grade-I,FAQ,8000,16000,12000,2020-02-10
11130,Bangalore,Ramanagara,Coconut,Grade-I,FAQ,8000,16000,12000,2019-09-10
11131,Bangalore,Ramanagara,Coconut,Grade-I,FAQ,8000,16000,12000,2024-09-11
11132,Bangalore,Ramanagara,Coconut,Grade-I,FAQ,8000,16000,12000,2019-09-13
11133,Bangalore,Ramanagara,Coconut,Grade-I,FAQ,8000,16000,12000,2019-11-15
11134,Bangalore,Ramanagara,Coconut,Grade-I,FAQ,8000,16000,12000,2020-08-17
11135,Bangalore,Ramanagara,Coconut,Grade-I,FAQ,8000,16000,12000,2020-07-29
11136,Bangalore,Ramanagara,Coconut,Grade-I,FAQ,8000,16000,12000,2019-08-30
11137,Bangalore,Ramanagara,Coconut,Grade-I,FAQ,8000,16000,12000,2019-08-31
11138,Bangalore,Ramanagara,Coconut,Grade-I,FAQ,8000,16000,12000,2020-01-31
11139,Bangalore,Ramanagara,Coconut,Grade-I,FAQ,8000,16000,12100,2020-08-11
11140,Bangalore,Ramanagara,Coconut,Grade-I,FAQ,8000,16000,12200,2020-10-04
11141,Bangalore,Ramanagara,Coconut,Grade-I,FAQ,8000,16000,12200,2020-09-19
11142,Bangalore,Ramanagara,Coconut,Grade-I,FAQ,8000,16000,12200,2020-09-23
11143,Bangalore,Ramanagara,Coconut,Grade-I,FAQ,8000,16000,12200,2020-10-25
11144,Bangalore,Ramanagara,Coconut,Grade-I,FAQ,8000,16000,12400,2020-10-11
11145,Bangalore,Ramanagara,Coconut,Grade-I,FAQ,8000,16000,12500,2020-05-14
11146,Bangalore,Ramanagara,Coconut,Grade-I,FAQ,8000,16000,13000,2020-04-24
11147,Bangalore,Ramanagara,Coconut,Grade-I,FAQ,8000,16100,11800,2021-07-01
11148,Bangalore,Ramanagara,Coconut,Grade-I,FAQ,8000,16100,12000,2021-07-07
11149,Bangalore,Ramanagara,Coconut,Grade-I,FAQ,8000,16200,10800,2021-07-31
11150,Bangalore,Ramanagara,Coconut,Grade-I,FAQ,8000,16200,11000,2021-06-14
11151,Bangalore,Ramanagara,Coconut,Grade-I,FAQ,8000,16200,11600,2020-08-24
11152,Bangalore,Ramanagara,Coconut,Grade-I,FAQ,8000,16200,13000,2020-05-11
11153,Bangalore,Ramanagara,Coconut,Grade-I,FAQ,8000,16300,12500,2020-05-16
11154,Bangalore,Ramanagara,Coconut,Grade-I,FAQ,8000,16400,11000,2021-06-29
11155,Bangalore,Ramanagara,Coconut,Grade-I,FAQ,8000,16400,12000,2020-05-08
11156,Bangalore,Ramanagara,Coconut,Grade-I,FAQ,8000,16400,12100,2020-09-25
11157,Bangalore,Ramanagara,Coconut,Grade-I,FAQ,8000,16400,12200,2020-03-20
11158,Bangalore,Ramanagara,Coconut,Grade-I,FAQ,8000,16400,12500,2024-06-21
11159,Bangalore,Ramanagara,Coconut,Grade-I,FAQ,8000,16400,13000,2020-03-12
11160,Bangalore,Ramanagara,Coconut,Grade-I,FAQ,8000,16500,12600,2020-10-24
11161,Bangalore,Ramanagara,Coconut,Grade-I,FAQ,8000,16600,12100,2020-05-13
11162,Bangalore,Ramanagara,Coconut,Grade-I,FAQ,8000,16600,12500,2020-10-22
11163,Bangalore,Ramanagara,Coconut,Grade-I,FAQ,8000,16800,12400,2020-03-19
11164,Bangalore,Ramanagara,Coconut,Grade-I,FAQ,8000,16800,12400,2020-02-21
11165,Bangalore,Ramanagara,Coconut,Grade-I,FAQ,8000,16800,12400,2020-10-28
11166,Bangalore,Ramanagara,Coconut,Grade-I,FAQ,8000,16800,12400,2020-03-30
11167,Bangalore,Ramanagara,Coconut,Grade-I,FAQ,8000,16800,12500,2020-03-13
11168,Bangalore,Ramanagara,Coconut,Grade-I,FAQ,8000,16800,12800,2024-05-01
11169,Bangalore,Ramanagara,Coconut,Grade-I,FAQ,8000,16800,13000,2020-03-05
11170,Bangalore,Ramanagara,Coconut,Grade-I,FAQ,8000,16800,13000,2020-05-06
11171,Bangalore,Ramanagara,Coconut,Grade-I,FAQ,8000,16800,13000,2020-03-09
11172,Bangalore,Ramanagara,Coconut,Grade-I,FAQ,8000,16800,13000,2020-05-10
11173,Bangalore,Ramanagara,Coconut,Grade-I,FAQ,8000,16900,12400,2020-10-27
11174,Bangalore,Ramanagara,Coconut,Grade-I,FAQ,8000,17000,12400,2020-10-15
11175,Bangalore,Ramanagara,Coconut,Grade-I,FAQ,8000,17000,12500,2020-10-07
11176,Bangalore,Ramanagara,Coconut,Grade-I,FAQ,8000,17000,12500,2020-10-08
11177,Bangalore,Ramanagara,Coconut,Grade-I,FAQ,8000,17000,12500,2020-02-15
11178,Bangalore,Ramanagara,Coconut,Grade-I,FAQ,8000,17000,12500,2020-10-30
11179,Bangalore,Ramanagara,Coconut,Grade-I,FAQ,8000,17000,12600,2020-02-24
11180,Bangalore,Ramanagara,Coconut,Grade-I,FAQ,8000,17000,12800,2020-10-13
11181,Bangalore,Ramanagara,Coconut,Grade-I,FAQ,8000,17000,13000,2020-03-03
11182,Bangalore,Ramanagara,Coconut,Grade-I,FAQ,8000,17000,13000,2020-05-04
11183,Bangalore,Ramanagara,Coconut,Grade-I,FAQ,8000,17000,13000,2020-02-08
11184,Bangalore,Ramanagara,Coconut,Grade-I,FAQ,8000,17000,13000,2020-03-10
11185,Bangalore,Ramanagara,Coconut,Grade-I,FAQ,8000,17000,13000,2020-02-13
11186,Bangalore,Ramanagara,Coconut,Grade-I,FAQ,8000,17000,13000,2020-02-19
11187,Bangalore,Ramanagara,Coconut,Grade-I,FAQ,8000,17000,13000,2020-02-22
11188,Bangalore,Ramanagara,Coconut,Grade-I,FAQ,8000,17000,13000,2020-02-25
11189,Bangalore,Ramanagara,Coconut,Grade-I,FAQ,8000,17000,13000,2020-02-28
11190,Bangalore,Ramanagara,Coconut,Grade-I,FAQ,8000,17000,13500,2020-02-20
11191,Bangalore,Ramanagara,Coconut,Grade-I,FAQ,8000,17000,14000,2020-02-26
11192,Bangalore,Ramanagara,Coconut,Grade-I,FAQ,8000,17200,12900,2020-11-06
11193,Bangalore,Ramanagara,Coconut,Grade-I,FAQ,8000,17200,12900,2020-11-09
11194,Bangalore,Ramanagara,Coconut,Grade-I,FAQ,8000,17200,13000,2020-11-01
11195,Bangalore,Ramanagara,Coconut,Grade-I,FAQ,8000,17200,13000,2020-02-29
11196,Bangalore,Ramanagara,Coconut,Grade-I,FAQ,8000,17200,13100,2020-10-17
11197,Bangalore,Ramanagara,Coconut,Grade-I,FAQ,8000,17200,13100,2020-10-21
11198,Bangalore,Ramanagara,Coconut,Grade-I,FAQ,8000,17800,13000,2020-11-19
11199,Bangalore,Ramanagara,Coconut,Grade-I,FAQ,8000,17800,14000,2020-03-07
11200,Bangalore,Ramanagara,Coconut,Grade-I,FAQ,8000,18000,12500,2020-11-16
11201,Bangalore,Ramanagara,Coconut,Grade-I,FAQ,8000,18000,12800,2020-10-06
11202,Bangalore,Ramanagara,Coconut,Grade-I,FAQ,8000,18000,12800,2024-03-30
11203,Bangalore,Ramanagara,Coconut,Grade-I,FAQ,8000,18000,12900,2020-10-02
11204,Bangalore,Ramanagara,Coconut,Grade-I,FAQ,8000,18000,13000,2020-03-02
11205,Bangalore,Ramanagara,Coconut,Grade-I,FAQ,8000,18000,13000,2020-02-11
11206,Bangalore,Ramanagara,Coconut,Grade-I,FAQ,8000,18000,13000,2020-11-13
11207,Bangalore,Ramanagara,Coconut,Grade-I,FAQ,8000,18000,14000,2020-10-01
11208,Bangalore,Ramanagara,Coconut,Grade-I,FAQ,8000,18000,14000,2020-03-04
11209,Bangalore,Ramanagara,Coconut,Grade-I,FAQ,8000,18000,14000,2020-02-12
11210,Bangalore,Ramanagara,Coconut,Grade-I,FAQ,8000,19800,16000,2021-04-21
11211,Bangalore,Ramanagara,Coconut,Grade-I,FAQ,8100,16200,12000,2021-07-03
11212,Bangalore,Ramanagara,Coconut,Grade-I,FAQ,8100,17600,12800,2020-11-05
11213,Bangalore,Ramanagara,Coconut,Grade-I,FAQ,8100,19400,15000,2024-11-15
11214,Bangalore,Ramanagara,Coconut,Grade-I,FAQ,8100,21400,16800,2024-11-06
11215,Bangalore,Ramanagara,Coconut,Grade-I,FAQ,8200,15200,12200,2024-05-22
11216,Bangalore,Ramanagara,Coconut,Grade-I,FAQ,8200,15400,11400,2020-06-02
11217,Bangalore,Ramanagara,Coconut,Grade-I,FAQ,8200,15800,11500,2021-06-30
11218,Bangalore,Ramanagara,Coconut,Grade-I,FAQ,8200,16000,11900,2020-10-10
11219,Bangalore,Ramanagara,Coconut,Grade-I,FAQ,8200,16300,10800,2023-11-08
11220,Bangalore,Ramanagara,Coconut,Grade-I,FAQ,8200,16500,12400,2024-01-17
11221,Bangalore,Ramanagara,Coconut,Grade-I,FAQ,8200,16600,12900,2024-08-30
11222,Bangalore,Ramanagara,Coconut,Grade-I,FAQ,8200,16800,13000,2020-10-16
11223,Bangalore,Ramanagara,Coconut,Grade-I,FAQ,8200,17000,13500,2020-10-19
11224,Bangalore,Ramanagara,Coconut,Grade-I,FAQ,8200,17200,12200,2020-10-29
11225,Bangalore,Ramanagara,Coconut,Grade-I,FAQ,8200,17200,12400,2024-05-08
11226,Bangalore,Ramanagara,Coconut,Grade-I,FAQ,8200,17400,12800,2020-10-03
11227,Bangalore,Ramanagara,Coconut,Grade-I,FAQ,8200,18000,12900,2020-11-04
11228,Bangalore,Ramanagara,Coconut,Grade-I,FAQ,8200,18000,13000,2020-11-10
11229,Bangalore,Ramanagara,Coconut,Grade-I,FAQ,8200,18500,12500,2024-09-18
11230,Bangalore,Ramanagara,Coconut,Grade-I,FAQ,8200,18900,13700,2024-04-17
11231,Bangalore,Ramanagara,Coconut,Grade-I,FAQ,8300,15500,11600,2021-07-02
11232,Bangalore,Ramanagara,Coconut,Grade-I,FAQ,8400,16800,12400,2024-07-10
11233,Bangalore,Ramanagara,Coconut,Grade-I,FAQ,8400,16800,12400,2024-05-15
11234,Bangalore,Ramanagara,Coconut,Grade-I,FAQ,8400,16800,12500,2024-08-28
11235,Bangalore,Ramanagara,Coconut,Grade-I,FAQ,8400,16800,13000,2020-10-09
11236,Bangalore,Ramanagara,Coconut,Grade-I,FAQ,8400,17000,12500,2020-10-14
11237,Bangalore,Ramanagara,Coconut,Grade-I,FAQ,8400,18300,14400,2024-02-14
11238,Bangalore,Ramanagara,Coconut,Grade-I,FAQ,8400,20400,15000,2024-11-13
11239,Bangalore,Ramanagara,Coconut,Grade-I,FAQ,8400,20900,16700,2024-11-09
11240,Bangalore,Ramanagara,Coconut,Grade-I,FAQ,8500,17500,12800,2020-11-11
11241,Bangalore,Ramanagara,Coconut,Grade-I,FAQ,8500,17500,13000,2020-11-17
11242,Bangalore,Ramanagara,Coconut,Grade-I,FAQ,8500,17600,13300,2024-09-20
11243,Bangalore,Ramanagara,Coconut,Grade-I,FAQ,8500,18500,16600,2024-02-26
11244,Bangalore,Ramanagara,Coconut,Grade-I,FAQ,8600,14800,11200,2024-07-20
11245,Bangalore,Ramanagara,Coconut,Grade-I,FAQ,8800,15800,10800,2023-11-22
11246,Bangalore,Ramanagara,Coconut,Grade-I,FAQ,8800,16200,12500,2023-05-17
11247,Bangalore,Ramanagara,Coconut,Grade-I,FAQ,8800,16200,12900,2023-12-06
11248,Bangalore,Ramanagara,Coconut,Grade-I,FAQ,8800,16800,15100,2023-05-12
11249,Bangalore,Ramanagara,Coconut,Grade-I,FAQ,8900,17800,12800,2024-03-14
11250,Bangalore,Ramanagara,Coconut,Grade-I,FAQ,8900,18000,13500,2020-11-18
11251,Bangalore,Ramanagara,Coconut,Grade-I,FAQ,9000,12000,11000,2019-11-25
11252,Bangalore,Ramanagara,Coconut,Grade-I,FAQ,9000,13000,11000,2019-08-20
11253,Bangalore,Ramanagara,Coconut,Grade-I,FAQ,9000,14000,11500,2019-08-15
11254,Bangalore,Ramanagara,Coconut,Grade-I,FAQ,9000,14000,11500,2019-08-22
11255,Bangalore,Ramanagara,Coconut,Grade-I,FAQ,9000,15000,12000,2019-11-20
11256,Bangalore,Ramanagara,Coconut,Grade-I,FAQ,9000,15000,12500,2019-11-12
11257,Bangalore,Ramanagara,Coconut,Grade-I,FAQ,9000,15000,13000,2020-05-15
11258,Bangalore,Ramanagara,Coconut,Grade-I,FAQ,9000,16000,13000,2020-04-22
11259,Bangalore,Ramanagara,Coconut,Grade-I,FAQ,9000,16000,13000,2020-04-25
11260,Bangalore,Ramanagara,Coconut,Grade-I,FAQ,9000,16000,13000,2020-01-28
11261,Bangalore,Ramanagara,Coconut,Grade-I,FAQ,9000,16000,13000,2020-01-30
11262,Bangalore,Ramanagara,Coconut,Grade-I,FAQ,9000,16200,12500,2020-03-18
11263,Bangalore,Ramanagara,Coconut,Grade-I,FAQ,9000,16200,13000,2020-05-07
11264,Bangalore,Ramanagara,Coconut,Grade-I,FAQ,9000,16400,13000,2020-04-29
11265,Bangalore,Ramanagara,Coconut,Grade-I,FAQ,9000,16600,12800,2020-05-05
11266,Bangalore,Ramanagara,Coconut,Grade-I,FAQ,9000,17000,13000,2020-03-24
11267,Bangalore,Ramanagara,Coconut,Grade-I,FAQ,9000,17000,14000,2020-05-01
11268,Bangalore,Ramanagara,Coconut,Grade-I,FAQ,9000,17600,13500,2020-09-30
11269,Bangalore,Ramanagara,Coconut,Grade-I,FAQ,9000,18000,13000,2020-10-05
11270,Bangalore,Ramanagara,Coconut,Grade-I,FAQ,9000,18000,13500,2020-11-12
11271,Bangalore,Ramanagara,Coconut,Grade-I,FAQ,9000,18000,13500,2020-02-14
11272,Bangalore,Ramanagara,Coconut,Grade-I,FAQ,9000,18000,13500,2020-02-18
11273,Bangalore,Ramanagara,Coconut,Grade-I,FAQ,9000,18000,14000,2020-02-05
11274,Bangalore,Ramanagara,Coconut,Grade-I,FAQ,9000,19000,14000,2020-11-20
11275,Bangalore,Ramanagara,Coconut,Grade-I,FAQ,9000,19000,14000,2020-11-30
11276,Bangalore,Ramanagara,Coconut,Grade-I,FAQ,9000,19000,14050,2020-11-27
11277,Bangalore,Ramanagara,Coconut,Grade-I,FAQ,9000,19000,14500,2020-11-25
11278,Bangalore,Ramanagara,Coconut,Grade-I,FAQ,9000,19800,14000,2021-04-08
11279,Bangalore,Ramanagara,Coconut,Grade-I,FAQ,9000,19800,14800,2021-02-16
11280,Bangalore,Ramanagara,Coconut,Grade-I,FAQ,9000,19900,14800,2021-02-17
11281,Bangalore,Ramanagara,Coconut,Grade-I,FAQ,9000,20400,15300,2021-02-26
11282,Bangalore,Ramanagara,Coconut,Grade-I,FAQ,9000,20800,15500,2021-03-05
11283,Bangalore,Ramanagara,Coconut,Grade-I,FAQ,9000,21000,15400,2021-03-02
11284,Bangalore,Ramanagara,Coconut,Grade-I,FAQ,9000,21000,16200,2021-02-22
11285,Bangalore,Ramanagara,Coconut,Grade-I,FAQ,9000,21500,16000,2024-10-26
11286,Bangalore,Ramanagara,Coconut,Grade-I,FAQ,9000,21800,16600,2024-10-29
11287,Bangalore,Ramanagara,Coconut,Grade-I,FAQ,9200,16800,11200,2021-08-10
11288,Bangalore,Ramanagara,Coconut,Grade-I,FAQ,9200,16800,14000,2020-04-30
11289,Bangalore,Ramanagara,Coconut,Grade-I,FAQ,9200,18000,15000,2024-03-29
11290,Bangalore,Ramanagara,Coconut,Grade-I,FAQ,9200,20300,15200,2021-02-25
11291,Bangalore,Ramanagara,Coconut,Grade-I,FAQ,9200,20800,15200,2021-02-23
11292,Bangalore,Ramanagara,Coconut,Grade-I,FAQ,9200,20800,15400,2021-03-03
11293,Bangalore,Ramanagara,Coconut,Grade-I,FAQ,9200,22000,15800,2024-10-25
11294,Bangalore,Ramanagara,Coconut,Grade-I,FAQ,9200,23500,18500,2024-10-23
11295,Bangalore,Ramanagara,Coconut,Grade-I,FAQ,9400,20400,15000,2021-03-06
11296,Bangalore,Ramanagara,Coconut,Grade-I,FAQ,9400,20400,15200,2021-02-01
11297,Bangalore,Ramanagara,Coconut,Grade-I,FAQ,9500,12500,11500,2019-11-26
11298,Bangalore,Ramanagara,Coconut,Grade-I,FAQ,9500,20600,16000,2021-03-08
11299,Bangalore,Ramanagara,Coconut,Grade-I,FAQ,9500,21800,17000,2021-03-26
11300,Bangalore,Ramanagara,Coconut,Grade-I,FAQ,9500,22400,18500,2024-10-24
11301,Bangalore,Ramanagara,Coconut,Grade-I,FAQ,9600,20400,15200,2021-03-01
11302,Bangalore,Ramanagara,Coconut,Grade-I,FAQ,9800,20200,15000,2021-01-28
11303,Bangalore,Ramanagara,Coconut,Grade-I,FAQ,9800,20200,15100,2021-02-13
11304,Bangalore,Ramanagara,Coconut,Grade-I,FAQ,9800,20400,15400,2021-01-18
11305,Bangalore,Ramanagara,Coconut,Grade-I,FAQ,9800,20600,15500,2021-02-20
11306,Bangalore,Ramanagara,Coconut,Grade-I,FAQ,9800,22000,16500,2021-03-09
11307,Bangalore,Ramanagara,Coconut,Grade-I,FAQ,9800,22800,13800,2024-10-14
11308,Bangalore,Ramanagara,Coconut,Grade-I,FAQ,9900,20500,15400,2021-02-05
11309,Bangalore,Ramanagara,Coconut,Grade-I,FAQ,10000,14000,12000,2019-11-28
11310,Bangalore,Ramanagara,Coconut,Grade-I,FAQ,10000,15200,12600,2019-11-23
11311,Bangalore,Ramanagara,Coconut,Grade-I,FAQ,10000,16000,13000,2020-04-02
11312,Bangalore,Ramanagara,Coconut,Grade-I,FAQ,10000,16000,13000,2020-03-11
11313,Bangalore,Ramanagara,Coconut,Grade-I,FAQ,10000,16000,13000,2019-11-16
11314,Bangalore,Ramanagara,Coconut,Grade-I,FAQ,10000,16000,13000,2019-11-18
11315,Bangalore,Ramanagara,Coconut,Grade-I,FAQ,10000,16000,13000,2020-03-21
11316,Bangalore,Ramanagara,Coconut,Grade-I,FAQ,10000,16000,13000,2019-11-21
11317,Bangalore,Ramanagara,Coconut,Grade-I,FAQ,10000,16000,13000,2020-01-22
11318,Bangalore,Ramanagara,Coconut,Grade-I,FAQ,10000,16000,13000,2019-11-22
11319,Bangalore,Ramanagara,Coconut,Grade-I,FAQ,10000,16000,13000,2020-01-24
11320,Bangalore,Ramanagara,Coconut,Grade-I,FAQ,10000,16000,13000,2024-01-25
11321,Bangalore,Ramanagara,Coconut,Grade-I,FAQ,10000,16000,13000,2020-03-27
11322,Bangalore,Ramanagara,Coconut,Grade-I,FAQ,10000,16000,13000,2020-03-31
11323,Bangalore,Ramanagara,Coconut,Grade-I,FAQ,10000,16400,13200,2020-03-16
11324,Bangalore,Ramanagara,Coconut,Grade-I,FAQ,10000,16600,13400,2020-03-14
11325,Bangalore,Ramanagara,Coconut,Grade-I,FAQ,10000,17000,13500,2020-03-23
11326,Bangalore,Ramanagara,Coconut,Grade-I,FAQ,10000,17000,13500,2020-01-27
11327,Bangalore,Ramanagara,Coconut,Grade-I,FAQ,10000,17000,14000,2020-05-02
11328,Bangalore,Ramanagara,Coconut,Grade-I,FAQ,10000,17000,14000,2020-02-06
11329,Bangalore,Ramanagara,Coconut,Grade-I,FAQ,10000,17000,14000,2020-03-17
11330,Bangalore,Ramanagara,Coconut,Grade-I,FAQ,10000,17000,14000,2020-04-18
11331,Bangalore,Ramanagara,Coconut,Grade-I,FAQ,10000,17000,14000,2020-04-21
11332,Bangalore,Ramanagara,Coconut,Grade-I,FAQ,10000,17000,14000,2020-04-23
11333,Bangalore,Ramanagara,Coconut,Grade-I,FAQ,10000,17000,14000,2020-03-26
11334,Bangalore,Ramanagara,Coconut,Grade-I,FAQ,10000,18000,13900,2020-11-22
11335,Bangalore,Ramanagara,Coconut,Grade-I,FAQ,10000,18000,14000,2020-02-01
11336,Bangalore,Ramanagara,Coconut,Grade-I,FAQ,10000,18000,14000,2020-02-04
11337,Bangalore,Ramanagara,Coconut,Grade-I,FAQ,10000,18000,14000,2020-04-11
11338,Bangalore,Ramanagara,Coconut,Grade-I,FAQ,10000,18000,14000,2020-04-15
11339,Bangalore,Ramanagara,Coconut,Grade-I,FAQ,10000,18000,14000,2020-11-15
11340,Bangalore,Ramanagara,Coconut,Grade-I,FAQ,10000,18000,14000,2020-09-29
11341,Bangalore,Ramanagara,Coconut,Grade-I,FAQ,10000,19000,14200,2020-11-26
11342,Bangalore,Ramanagara,Coconut,Grade-I,FAQ,10000,20000,14800,2020-11-28
11343,Bangalore,Ramanagara,Coconut,Grade-I,FAQ,10000,20400,15100,2021-01-21
11344,Bangalore,Ramanagara,Coconut,Grade-I,FAQ,10000,20600,15100,2021-02-04
11345,Bangalore,Ramanagara,Coconut,Grade-I,FAQ,10000,20800,15000,2021-04-09
11346,Bangalore,Ramanagara,Coconut,Grade-I,FAQ,10000,21000,14000,2020-11-23
11347,Bangalore,Ramanagara,Coconut,Grade-I,FAQ,10000,21000,15000,2020-12-02
11348,Bangalore,Ramanagara,Coconut,Grade-I,FAQ,10000,21200,15800,2021-02-19
11349,Bangalore,Ramanagara,Coconut,Grade-I,FAQ,10000,22000,16400,2021-03-10
11350,Bangalore,Ramanagara,Coconut,Grade-I,FAQ,10200,19800,15200,2021-01-29
11351,Bangalore,Ramanagara,Coconut,Grade-I,FAQ,10200,20400,15100,2021-01-19
11352,Bangalore,Ramanagara,Coconut,Grade-I,FAQ,10200,20400,15200,2021-03-04
11353,Bangalore,Ramanagara,Coconut,Grade-I,FAQ,10200,20400,15600,2021-02-02
11354,Bangalore,Ramanagara,Coconut,Grade-I,FAQ,10200,20600,15500,2021-02-18
11355,Bangalore,Ramanagara,Coconut,Grade-I,FAQ,10200,20600,15800,2021-02-12
11356,Bangalore,Ramanagara,Coconut,Grade-I,FAQ,10200,20800,15200,2021-01-30
11357,Bangalore,Ramanagara,Coconut,Grade-I,FAQ,10200,20800,15300,2021-02-11
11358,Bangalore,Ramanagara,Coconut,Grade-I,FAQ,10200,21000,15200,2021-02-08
11359,Bangalore,Ramanagara,Coconut,Grade-I,FAQ,10200,21000,15600,2021-02-15
11360,Bangalore,Ramanagara,Coconut,Grade-I,FAQ,10200,21000,15800,2021-02-27
11361,Bangalore,Ramanagara,Coconut,Grade-I,FAQ,10200,21400,16000,2021-04-10
11362,Bangalore,Ramanagara,Coconut,Grade-I,FAQ,10200,21800,15800,2021-04-03
11363,Bangalore,Ramanagara,Coconut,Grade-I,FAQ,10200,22100,16400,2021-03-23
11364,Bangalore,Ramanagara,Coconut,Grade-I,FAQ,10400,19800,15200,2021-01-22
11365,Bangalore,Ramanagara,Coconut,Grade-I,FAQ,10400,20200,15100,2021-01-11
11366,Bangalore,Ramanagara,Coconut,Grade-I,FAQ,10400,20400,15100,2021-01-26
11367,Bangalore,Ramanagara,Coconut,Grade-I,FAQ,10400,20800,15500,2021-03-17
11368,Bangalore,Ramanagara,Coconut,Grade-I,FAQ,10400,20800,15500,2021-01-25
11369,Bangalore,Ramanagara,Coconut,Grade-I,FAQ,10400,20800,16000,2021-04-12
11370,Bangalore,Ramanagara,Coconut,Grade-I,FAQ,10500,16500,14700,2023-05-09
11371,Bangalore,Ramanagara,Coconut,Grade-I,FAQ,10500,20500,15000,2020-11-24
11372,Bangalore,Ramanagara,Coconut,Grade-I,FAQ,10500,23600,18900,2024-09-25
11373,Bangalore,Ramanagara,Coconut,Grade-I,FAQ,10600,20800,15400,2021-02-09
11374,Bangalore,Ramanagara,Coconut,Grade-I,FAQ,10600,23000,17200,2021-03-20
11375,Bangalore,Ramanagara,Coconut,Grade-I,FAQ,10800,19800,14900,2021-01-27
11376,Bangalore,Ramanagara,Coconut,Grade-I,FAQ,10800,21000,15500,2021-01-12
11377,Bangalore,Ramanagara,Coconut,Grade-I,FAQ,10800,21000,15600,2021-02-03
11378,Bangalore,Ramanagara,Coconut,Grade-I,FAQ,10800,21400,16000,2021-03-13
11379,Bangalore,Ramanagara,Coconut,Grade-I,FAQ,10800,21400,16200,2021-03-24
11380,Bangalore,Ramanagara,Coconut,Grade-I,FAQ,10800,21400,16800,2021-03-16
11381,Bangalore,Ramanagara,Coconut,Grade-I,FAQ,10800,21600,15800,2021-03-12
11382,Bangalore,Ramanagara,Coconut,Grade-I,FAQ,10800,21600,17100,2021-04-02
11383,Bangalore,Ramanagara,Coconut,Grade-I,FAQ,10800,21800,16000,2021-04-05
11384,Bangalore,Ramanagara,Coconut,Grade-I,FAQ,10800,21800,16500,2021-03-18
11385,Bangalore,Ramanagara,Coconut,Grade-I,FAQ,10800,21900,17000,2021-03-31
11386,Bangalore,Ramanagara,Coconut,Grade-I,FAQ,10800,22100,17000,2021-03-15
11387,Bangalore,Ramanagara,Coconut,Grade-I,FAQ,10800,22400,17200,2021-03-30
11388,Bangalore,Ramanagara,Coconut,Grade-I,FAQ,10800,22400,19600,2025-01-08
11389,Bangalore,Ramanagara,Coconut,Grade-I,FAQ,10800,22600,15800,2021-03-25
11390,Bangalore,Ramanagara,Coconut,Grade-I,FAQ,11000,19800,14800,2021-01-09
11391,Bangalore,Ramanagara,Coconut,Grade-I,FAQ,11000,21200,16000,2021-01-20
11392,Bangalore,Ramanagara,Coconut,Grade-I,FAQ,11000,21400,17000,2021-01-01
11393,Bangalore,Ramanagara,Coconut,Grade-I,FAQ,11000,21500,16500,2020-12-25
11394,Bangalore,Ramanagara,Coconut,Grade-I,FAQ,11000,22000,15500,2021-03-19
11395,Bangalore,Ramanagara,Coconut,Grade-I,FAQ,11000,22500,17200,2021-03-11
11396,Bangalore,Ramanagara,Coconut,Grade-I,FAQ,11000,24400,18500,2024-12-25
11397,Bangalore,Ramanagara,Coconut,Grade-I,FAQ,11200,21400,16200,2021-01-05
11398,Bangalore,Ramanagara,Coconut,Grade-I,FAQ,11200,21800,16400,2021-03-22
11399,Bangalore,Ramanagara,Coconut,Grade-I,FAQ,11200,21800,18000,2024-10-19
11400,Bangalore,Ramanagara,Coconut,Grade-I,FAQ,11400,21800,16800,2020-12-28
11401,Bangalore,Ramanagara,Coconut,Grade-I,FAQ,11400,23400,16900,2025-01-15
11402,Bangalore,Ramanagara,Coconut,Grade-I,FAQ,11400,23600,19500,2025-01-07
11403,Bangalore,Ramanagara,Coconut,Grade-I,FAQ,11400,24400,20500,2025-01-22
11404,Bangalore,Ramanagara,Coconut,Grade-I,FAQ,11400,26500,18900,2025-01-01
11405,Bangalore,Ramanagara,Coconut,Grade-I,FAQ,11500,21000,17000,2020-12-17
11406,Bangalore,Ramanagara,Coconut,Grade-I,FAQ,11500,21500,16000,2020-12-23
11407,Bangalore,Ramanagara,Coconut,Grade-I,FAQ,11500,21500,16500,2020-12-31
11408,Bangalore,Ramanagara,Coconut,Grade-I,FAQ,11500,21500,17000,2021-01-06
11409,Bangalore,Ramanagara,Coconut,Grade-I,FAQ,11500,21500,17000,2021-01-07
11410,Bangalore,Ramanagara,Coconut,Grade-I,FAQ,11500,22500,16000,2020-12-04
11411,Bangalore,Ramanagara,Coconut,Grade-I,FAQ,11600,23500,18100,2021-03-29
11412,Bangalore,Ramanagara,Coconut,Grade-I,FAQ,11800,21600,17000,2020-12-30
11413,Bangalore,Ramanagara,Coconut,Grade-I,FAQ,11800,24900,19500,2025-01-21
11414,Bangalore,Ramanagara,Coconut,Grade-I,FAQ,12000,14000,13000,2021-12-14
11415,Bangalore,Ramanagara,Coconut,Grade-I,FAQ,12000,15000,13000,2022-01-01
11416,Bangalore,Ramanagara,Coconut,Grade-I,FAQ,12000,15000,13500,2021-12-02
11417,Bangalore,Ramanagara,Coconut,Grade-I,FAQ,12000,15000,13500,2022-01-12
11418,Bangalore,Ramanagara,Coconut,Grade-I,FAQ,12000,15000,13500,2021-01-13
11419,Bangalore,Ramanagara,Coconut,Grade-I,FAQ,12000,15000,13500,2022-01-13
11420,Bangalore,Ramanagara,Coconut,Grade-I,FAQ,12000,15000,13500,2022-02-24
11421,Bangalore,Ramanagara,Coconut,Grade-I,FAQ,12000,20000,16100,2021-01-03
11422,Bangalore,Ramanagara,Coconut,Grade-I,FAQ,12000,20000,16500,2020-12-03
11423,Bangalore,Ramanagara,Coconut,Grade-I,FAQ,12000,21200,16200,2021-01-08
11424,Bangalore,Ramanagara,Coconut,Grade-I,FAQ,12000,21400,16500,2020-12-26
11425,Bangalore,Ramanagara,Coconut,Grade-I,FAQ,12000,21900,16800,2020-12-22
11426,Bangalore,Ramanagara,Coconut,Grade-I,FAQ,12000,21900,17000,2020-12-16
11427,Bangalore,Ramanagara,Coconut,Grade-I,FAQ,12000,22000,16000,2020-12-01
11428,Bangalore,Ramanagara,Coconut,Grade-I,FAQ,12000,22000,16000,2020-12-21
11429,Bangalore,Ramanagara,Coconut,Grade-I,FAQ,12000,22000,16200,2020-12-08
11430,Bangalore,Ramanagara,Coconut,Grade-I,FAQ,12000,22000,16500,2020-12-07
11431,Bangalore,Ramanagara,Coconut,Grade-I,FAQ,12000,22000,16500,2020-12-29
11432,Bangalore,Ramanagara,Coconut,Grade-I,FAQ,12000,22000,17000,2020-12-18
11433,Bangalore,Ramanagara,Coconut,Grade-I,FAQ,12000,22500,17000,2020-12-12
11434,Bangalore,Ramanagara,Coconut,Grade-I,FAQ,12000,23000,17000,2020-12-10
11435,Bangalore,Ramanagara,Coconut,Grade-I,FAQ,12100,22000,16500,2020-12-15
11436,Bangalore,Ramanagara,Coconut,Grade-I,FAQ,12100,22200,16400,2021-01-04
11437,Bangalore,Ramanagara,Coconut,Grade-I,FAQ,12400,22800,17500,2020-12-14
11438,Bangalore,Ramanagara,Coconut,Grade-I,FAQ,12500,21800,16900,2020-12-09
11439,Bangalore,Ramanagara,Coconut,Grade-I,FAQ,13000,15000,14000,2022-02-01
11440,Bangalore,Ramanagara,Coconut,Grade-I,FAQ,13000,15000,14000,2022-01-05
11441,Bangalore,Ramanagara,Coconut,Grade-I,FAQ,13000,15000,14000,2021-12-08
11442,Bangalore,Ramanagara,Coconut,Grade-I,FAQ,13000,15000,14000,2022-01-08
11443,Bangalore,Ramanagara,Coconut,Grade-I,FAQ,13000,15000,14000,2022-01-10
11444,Bangalore,Ramanagara,Coconut,Grade-I,FAQ,13000,15000,14000,2021-12-11
11445,Bangalore,Ramanagara,Coconut,Grade-I,FAQ,13000,15000,14000,2021-12-16
11446,Bangalore,Ramanagara,Coconut,Grade-I,FAQ,13000,15000,14000,2022-02-17
11447,Bangalore,Ramanagara,Coconut,Grade-I,FAQ,13000,15000,14000,2021-12-18
11448,Bangalore,Ramanagara,Coconut,Grade-I,FAQ,13000,15000,14000,2022-02-18
11449,Bangalore,Ramanagara,Coconut,Grade-I,FAQ,13000,15000,14000,2021-12-22
11450,Bangalore,Ramanagara,Coconut,Grade-I,FAQ,13000,15000,14000,2022-02-23
11451,Bangalore,Ramanagara,Coconut,Grade-I,FAQ,13000,15000,14000,2021-12-27
11452,Bangalore,Ramanagara,Coconut,Grade-I,FAQ,13000,15000,14000,2021-12-29
11453,Bangalore,Ramanagara,Coconut,Grade-I,FAQ,13000,16000,14000,2021-12-04
11454,Bangalore,Ramanagara,Coconut,Grade-I,FAQ,13000,22000,18000,2020-12-13
11455,Bangalore,Ramanagara,Coconut,Grade-I,FAQ,14000,16000,15000,2022-01-03
11456,Bangalore,Ramanagara,Coconut,Grade-I,FAQ,14000,16000,15000,2022-01-04
11457,Bangalore,Ramanagara,Coconut,Grade-I,FAQ,14000,16000,15000,2021-12-06
11458,Bangalore,Ramanagara,Coconut,Grade-I,FAQ,14000,16000,15000,2022-01-06
11459,Bangalore,Ramanagara,Coconut,Grade-I,FAQ,14000,16000,15000,2021-12-07
11460,Bangalore,Ramanagara,Coconut,Grade-I,FAQ,14000,16000,15000,2021-12-09
11461,Bangalore,Ramanagara,Coconut,Grade-I,FAQ,14000,16000,15000,2021-12-10
11462,Bangalore,Ramanagara,Coconut,Grade-I,FAQ,14000,16000,15000,2022-01-11
11463,Bangalore,Ramanagara,Coconut,Grade-I,FAQ,14000,16000,15000,2021-12-13
11464,Bangalore,Ramanagara,Coconut,Grade-I,FAQ,14000,16000,15000,2021-12-15
11465,Bangalore,Ramanagara,Coconut,Grade-I,FAQ,14000,16000,15000,2021-12-17
11466,Bangalore,Ramanagara,Coconut,Grade-I,FAQ,14000,16000,15000,2021-12-20
11467,Bangalore,Ramanagara,Coconut,Grade-I,FAQ,14000,16000,15000,2021-12-21
11468,Bangalore,Ramanagara,Coconut,Grade-I,FAQ,14000,16000,15000,2022-02-22
11469,Bangalore,Ramanagara,Coconut,Grade-I,FAQ,14000,16000,15000,2021-12-23
11470,Bangalore,Ramanagara,Coconut,Grade-I,FAQ,14000,16000,15000,2021-12-25
11471,Bangalore,Ramanagara,Coconut,Grade-I,FAQ,14000,16000,15000,2021-12-28
11472,Bangalore,Ramanagara,Coconut,Grade-I,FAQ,14000,16000,15000,2021-12-30
11473,Bangalore,Ramanagara,Coconut,Grade-I,FAQ,14000,16000,15000,2021-12-31
11474,Bangalore,Ramanagara,Coconut,Grade-I,FAQ,14000,22000,18200,2020-12-06
11475,Bangalore,Ramanagara,Coconut,Grade-I,FAQ,14400,26500,21000,2025-01-29
11476,Bangalore,Ramanagara,Coconut,Grade-I,FAQ,14800,22900,18300,2025-02-12
11477,Bangalore,Ramanagara,Coconut,Grade-I,FAQ,15000,17000,16000,2021-12-03
11478,Bangalore,Ramanagara,Coconut,Grade-I,FAQ,16000,25400,20000,2024-10-05
11479,Bangalore,Ramanagara,Coconut,Grade-I,FAQ,16500,33500,27300,2025-05-21
11480,Bangalore,Ramanagara,Coconut,Grade-I,FAQ,16800,22500,20000,2025-02-15
11481,Bangalore,Ramanagara,Coconut,Grade-I,FAQ,16800,27000,24300,2025-03-15
11482,Bangalore,Ramanagara,Coconut,Grade-I,FAQ,18000,20000,19000,2025-02-19
11483,Bangalore,Ramanagara,Coconut,Grade-I,FAQ,18000,32000,24300,2025-05-01
11484,Bangalore,Ramanagara,Coconut,Grade-I,FAQ,18000,35000,26000,2025-04-16
11485,Bangalore,Ramanagara,Coconut,Grade-I,FAQ,18400,32300,24800,2025-05-27
11486,Bangalore,Ramanagara,Coconut,Grade-I,FAQ,19400,33400,26000,2025-06-18
11487,Bangalore,Ramanagara,Coconut,Grade-I,FAQ,20000,34800,30000,2025-06-25
11488,Bangalore,Ramanagara,Coconut,Grade-I,FAQ,24000,35000,31000,2025-06-04
11489,Bangalore,Ramanagara,Coconut,Grade-I,Ref grade-1,14500,20500,18500,2025-02-05
