Sl no.,District Name,Market,Commodity,Variety,Grade,Min Price (Rs./Quintal),Max Price (Rs./Quintal),Modal_Price,Arrival_Date
12505,Karwar(Uttar Kannad),Sirsi,Coconut,Grade-I,FAQ,5048,6399,5858,2025-05-24
12506,Karwar(Uttar Kannad),Sirsi,Coconut,Grade-I,FAQ,5311,6010,5781,2025-05-21
12507,Karwar(Uttar Kannad),Sirsi,Coconut,Grade-I,FAQ,5510,6777,5825,2025-05-17
12508,Karwar(Uttar Kannad),Sirsi,Coconut,Grade-I,FAQ,5795,6800,6010,2025-05-10
12509,Karwar(Uttar Kannad),Sirsi,Coconut,Grade-I,FAQ,5797,6850,5919,2025-04-26
12510,Karwar(Uttar Kannad),Sirsi,Coconut,Grade-I,FAQ,5878,6975,6210,2025-05-03
12511,Karwar(Uttar Kannad),Sirsi,Coconut,Grade-I,FAQ,5960,6710,6110,2025-06-04
12512,Karwar(Uttar Kannad),Sirsi,Coconut,Grade-I,FAQ,6010,6600,6125,2025-06-11
12513,Karwar(Uttar Kannad),Sirsi,Coconut,Grade-I,FAQ,6011,6650,6210,2025-06-07
12514,Karwar(Uttar Kannad),Sirsi,Coconut,Grade-I,FAQ,6280,6620,6510,2025-06-14
12515,Karwar(Uttar Kannad),Sirsi,Coconut,Grade-I,FAQ,6311,6690,6340,2025-06-18
12516,Karwar(Uttar Kannad),Sirsi,Coconut,Grade-I,FAQ,6415,6655,6510,2025-06-21
12517,Karwar(Uttar Kannad),Sirsi,Coconut,Grade-I,FAQ,6767,6880,6771,2025-06-28
12518,Karwar(Uttar Kannad),Sirsi,Coconut,Grade-I,FAQ,6796,6810,6800,2025-06-25
12519,Karwar(Uttar Kannad),Sirsi,Coconut,Grade-I,FAQ,9000,17000,14000,2020-04-25
12520,Karwar(Uttar Kannad),Sirsi,Coconut,Grade-I,FAQ,10000,19000,16000,2020-04-04
12521,Karwar(Uttar Kannad),Sirsi,Coconut,Grade-I,FAQ,11000,16000,14500,2020-04-08
12522,Karwar(Uttar Kannad),Sirsi,Coconut,Other,FAQ,1200,1700,1550,2020-04-03
