Sl no.,District Name,Market,Commodity,Variety,Grade,Min Price (Rs./Quintal),Max Price (Rs./Quintal),Modal_Price,Arrival_Date,date,tavg,tmin,tmax,prcp,snow,wdir,wspd,wpgt,pres,tsun
63,Hassan,Arasikere,Coconut,Grade- II,FAQ,10920,17500,14412,2023-04-27,2023-04-27,27.6,21.2,34.9,0.0,,,7.8,,1009.5,
64,Hassan,Arasikere,Coconut,Grade-III,FAQ,1600,1600,1600,2022-08-26,2022-08-26,23.0,20.8,26.8,3.8,,,7.8,,1009.2,
65,Hassan,Arasikere,Coconut,Grade-III,FAQ,1650,1650,1650,2020-11-11,2020-11-11,,,,,,,,,,
66,Hassan,Arasikere,Coconut,Grade-III,FAQ,1900,1900,1900,2023-02-20,2023-02-20,25.0,17.7,33.5,0.0,,,8.6,,1013.5,
67,Hassan,Arasikere,Coconut,Grade-III,FAQ,2000,2000,2000,2024-05-14,2024-05-14,27.1,22.9,33.7,1.7,,,7.7,,1010.1,
68,Hassan,Arasikere,Coconut,Grade-III,FAQ,2300,2300,2300,2024-09-21,2024-09-21,23.8,20.7,29.0,0.5,,,11.3,,1010.1,
69,Hassan,Arasikere,Coconut,Grade-III,FAQ,8000,17000,15000,2019-09-27,2019-09-27,25.6,20.5,,0.8,,,,,,
70,Hassan,Arasikere,Coconut,Grade-III,FAQ,8000,18500,10000,2022-10-17,2022-10-17,23.0,20.0,28.6,6.3,,,4.8,,1012.7,
71,Hassan,Arasikere,Coconut,Grade-III,FAQ,8000,18500,13800,2023-08-31,2023-08-31,24.8,20.2,30.5,1.2,,,7.4,,1010.2,
72,Hassan,Arasikere,Coconut,Grade-III,FAQ,8000,19000,13000,2022-07-19,2022-07-19,23.4,21.1,27.7,2.1,,,11.8,,1009.3,
73,Hassan,Arasikere,Coconut,Grade-III,FAQ,8000,21500,20000,2022-05-30,2022-05-30,24.7,21.6,30.0,1.0,,,9.3,,1008.8,
74,Hassan,Arasikere,Coconut,Grade-III,FAQ,9000,10000,9500,2022-11-19,2022-11-19,21.4,13.5,29.0,0.0,,,7.8,,1012.4,
75,Hassan,Arasikere,Coconut,Grade-III,FAQ,9000,10000,9500,2022-02-25,2022-02-25,25.2,17.3,34.0,0.0,,,7.6,,1013.6,
76,Hassan,Arasikere,Coconut,Grade-III,FAQ,9000,19000,17000,2022-10-18,2022-10-18,22.7,19.8,27.5,5.2,,,4.0,,1013.0,
77,Hassan,Arasikere,Coconut,Grade-III,FAQ,9000,20000,15000,2022-04-16,2022-04-16,25.4,21.7,33.2,11.7,,,5.5,,1008.7,
78,Hassan,Arasikere,Coconut,Grade-III,FAQ,10000,10000,10000,2022-02-04,2022-02-04,22.1,14.7,31.1,0.0,,,8.0,,1011.4,
79,Hassan,Arasikere,Coconut,Grade-III,FAQ,10000,10000,10000,2022-03-04,2022-03-04,26.3,17.7,34.6,0.0,,,10.4,,1012.2,
80,Hassan,Arasikere,Coconut,Grade-III,FAQ,10000,10000,10000,2021-08-06,2021-08-06,23.3,21.3,26.0,4.2,,,16.3,,1009.8,
81,Hassan,Arasikere,Coconut,Grade-III,FAQ,10000,10000,10000,2019-12-06,2019-12-06,,,,,,,,,,
82,Hassan,Arasikere,Coconut,Grade-III,FAQ,10000,10000,10000,2022-03-11,2022-03-11,26.8,19.5,35.6,0.0,,,7.3,,1010.1,
83,Hassan,Arasikere,Coconut,Grade-III,FAQ,10000,10000,10000,2020-04-13,2020-04-13,,,,,,,,,,
84,Hassan,Arasikere,Coconut,Grade-III,FAQ,10000,10000,10000,2020-02-14,2020-02-14,,,,,,,,,,
85,Hassan,Arasikere,Coconut,Grade-III,FAQ,10000,10000,10000,2022-12-16,2022-12-16,20.9,14.5,28.6,0.0,,,8.3,,1012.0,
86,Hassan,Arasikere,Coconut,Grade-III,FAQ,10000,10000,10000,2020-01-16,2020-01-16,,,,,,,,,,
87,Hassan,Arasikere,Coconut,Grade-III,FAQ,10000,10000,10000,2019-11-16,2019-11-16,24.5,20.1,,1.8,,,,,,
88,Hassan,Arasikere,Coconut,Grade-III,FAQ,10000,10000,10000,2021-12-17,2021-12-17,22.0,15.7,28.2,0.0,,,7.7,,1015.4,
89,Hassan,Arasikere,Coconut,Grade-III,FAQ,10000,10000,10000,2022-03-18,2022-03-18,27.1,21.1,36.5,0.0,,,9.1,,1008.6,
90,Hassan,Arasikere,Coconut,Grade-III,FAQ,10000,10000,10000,2019-10-18,2019-10-18,,,,,,,,,,
91,Hassan,Arasikere,Coconut,Grade-III,FAQ,10000,10000,10000,2021-02-19,2021-02-19,21.2,17.9,26.4,4.5,,,9.0,,1014.6,
92,Hassan,Arasikere,Coconut,Grade-III,FAQ,10000,10000,10000,2022-09-19,2022-09-19,23.1,20.4,27.0,0.3,,,10.5,,1011.5,
93,Hassan,Arasikere,Coconut,Grade-III,FAQ,10000,10000,10000,2019-08-20,2019-08-20,25.5,21.8,30.0,0.0,,,,,,
94,Hassan,Arasikere,Coconut,Grade-III,FAQ,10000,10000,10000,2021-03-20,2021-03-20,26.2,19.1,34.4,0.0,,,7.2,,1009.3,
95,Hassan,Arasikere,Coconut,Grade-III,FAQ,10000,10000,10000,2022-10-21,2022-10-21,23.1,19.6,28.8,16.5,,,7.1,,1013.4,
96,Hassan,Arasikere,Coconut,Grade-III,FAQ,10000,10000,10000,2021-10-22,2021-10-22,23.8,20.4,29.0,12.0,,,5.9,,1013.7,
97,Hassan,Arasikere,Coconut,Grade-III,FAQ,10000,10000,10000,2020-01-23,2020-01-23,,,,,,,,,,
98,Hassan,Arasikere,Coconut,Grade-III,FAQ,10000,10000,10000,2023-02-24,2023-02-24,25.6,18.7,34.9,0.0,,,12.7,,1013.4,
99,Hassan,Arasikere,Coconut,Grade-III,FAQ,10000,10000,10000,2022-03-25,2022-03-25,26.2,21.9,35.1,0.4,,,6.4,,1010.2,
100,Hassan,Arasikere,Coconut,Grade-III,FAQ,10000,10000,10000,2019-10-25,2019-10-25,24.7,21.2,27.4,0.5,,,,,,
101,Hassan,Arasikere,Coconut,Grade-III,FAQ,10000,10000,10000,2021-02-26,2021-02-26,24.6,18.8,32.0,0.0,,,5.0,,1011.6,
102,Hassan,Arasikere,Coconut,Grade-III,FAQ,10000,10000,10000,2021-11-26,2021-11-26,22.8,19.5,27.8,0.0,,,10.9,,1012.1,
103,Hassan,Arasikere,Coconut,Grade-III,FAQ,10000,10000,10000,2020-11-27,2020-11-27,,,,,,,,,,
104,Hassan,Arasikere,Coconut,Grade-III,FAQ,10000,10000,10000,2019-08-29,2019-08-29,,,,,,,,,,
105,Hassan,Arasikere,Coconut,Grade-III,FAQ,10000,10000,10000,2023-12-29,2023-12-29,24.0,16.2,32.1,0.0,,,13.7,,1014.2,
106,Hassan,Arasikere,Coconut,Grade-III,FAQ,10000,10000,10000,2021-01-29,2021-01-29,22.6,15.9,30.1,0.0,,,8.4,,1013.7,
107,Hassan,Arasikere,Coconut,Grade-III,FAQ,10000,10000,10000,2019-11-29,2019-11-29,,,,,,,,,,
108,Hassan,Arasikere,Coconut,Grade-III,FAQ,10000,10000,10000,2021-12-31,2021-12-31,23.2,18.5,28.4,0.5,,,13.3,,1016.1,
109,Hassan,Arasikere,Coconut,Grade-III,FAQ,10000,11000,10000,2020-01-02,2020-01-02,,,,,,,,,,
110,Hassan,Arasikere,Coconut,Grade-III,FAQ,10000,11000,10000,2021-04-03,2021-04-03,25.9,20.7,33.0,0.0,,,11.3,,1009.6,
111,Hassan,Arasikere,Coconut,Grade-III,FAQ,10000,11000,10000,2020-02-04,2020-02-04,,,,,,,,,,
112,Hassan,Arasikere,Coconut,Grade-III,FAQ,10000,11000,10000,2020-02-07,2020-02-07,,,,,,,,,,
113,Hassan,Arasikere,Coconut,Grade-III,FAQ,10000,11000,10000,2019-12-13,2019-12-13,,,,,,,,,,
114,Hassan,Arasikere,Coconut,Grade-III,FAQ,10000,11000,10000,2021-01-22,2021-01-22,23.3,16.6,31.8,0.0,,,5.8,,1012.1,
115,Hassan,Arasikere,Coconut,Grade-III,FAQ,10000,11000,10000,2020-02-25,2020-02-25,,,,,,,,,,
116,Hassan,Arasikere,Coconut,Grade-III,FAQ,10000,11000,10000,2021-03-26,2021-03-26,28.0,20.9,36.2,0.0,,,8.2,,1009.7,
117,Hassan,Arasikere,Coconut,Grade-III,FAQ,10000,11000,10405,2020-11-06,2020-11-06,,,,,,,,,,
118,Hassan,Arasikere,Coconut,Grade-III,FAQ,10000,11000,11000,2019-08-02,2019-08-02,,,,,,,,,,
119,Hassan,Arasikere,Coconut,Grade-III,FAQ,10000,11000,11000,2020-12-28,2020-12-28,,,,,,,,,,
120,Hassan,Arasikere,Coconut,Grade-III,FAQ,10000,12000,10000,2019-07-19,2019-07-19,,,,,,,,,,
121,Hassan,Arasikere,Coconut,Grade-III,FAQ,10000,12000,10000,2020-01-21,2020-01-21,,,,,,,,,,
122,Hassan,Arasikere,Coconut,Grade-III,FAQ,10000,12000,11000,2021-01-01,2021-01-01,,,,,,,,,,
123,Hassan,Arasikere,Coconut,Grade-III,FAQ,10000,12000,11000,2022-02-18,2022-02-18,25.6,19.1,33.2,0.0,,,7.0,,1008.9,
124,Hassan,Arasikere,Coconut,Grade-III,FAQ,10000,12000,11300,2023-02-10,2023-02-10,25.5,19.2,33.5,0.0,,,9.8,,1013.6,
125,Hassan,Arasikere,Coconut,Grade-III,FAQ,10000,12139,11000,2019-12-24,2019-12-24,,,,,,,,,,
126,Hassan,Arasikere,Coconut,Grade-III,FAQ,10000,12443,10000,2020-04-15,2020-04-15,,,,,,,,,,
127,Hassan,Arasikere,Coconut,Grade-III,FAQ,10000,12480,10000,2019-12-23,2019-12-23,,,,,,,,,,
128,Hassan,Arasikere,Coconut,Grade-III,FAQ,10000,12480,12000,2019-11-12,2019-11-12,,,,,,,,,,
129,Hassan,Arasikere,Coconut,Grade-III,FAQ,10000,12489,12000,2019-12-09,2019-12-09,,,,,,,,,,
130,Hassan,Arasikere,Coconut,Grade-III,FAQ,10000,12490,10000,2020-02-03,2020-02-03,,,,,,,,,,
131,Hassan,Arasikere,Coconut,Grade-III,FAQ,10000,12490,10000,2020-03-05,2020-03-05,,,,,,,,,,
132,Hassan,Arasikere,Coconut,Grade-III,FAQ,10000,12490,10000,2020-02-06,2020-02-06,,,,,,,,,,
133,Hassan,Arasikere,Coconut,Grade-III,FAQ,10000,12490,12000,2020-01-17,2020-01-17,,,,,,,,,,
134,Hassan,Arasikere,Coconut,Grade-III,FAQ,10000,13000,10000,2019-12-31,2019-12-31,,,,,,,,,,
135,Hassan,Arasikere,Coconut,Grade-III,FAQ,10000,13000,11000,2021-12-03,2021-12-03,22.3,18.8,28.1,5.8,,,4.3,,1013.0,
136,Hassan,Arasikere,Coconut,Grade-III,FAQ,10000,13000,12000,2020-01-06,2020-01-06,,,,,,,,,,
137,Hassan,Arasikere,Coconut,Grade-III,FAQ,10000,13700,11000,2022-04-01,2022-04-01,27.6,23.2,34.8,0.1,,,8.7,,1010.5,
138,Hassan,Arasikere,Coconut,Grade-III,FAQ,10000,14000,11000,2021-01-16,2021-01-16,23.7,19.1,29.6,0.0,,,7.5,,1010.3,
139,Hassan,Arasikere,Coconut,Grade-III,FAQ,10000,14278,14278,2019-08-24,2019-08-24,,,,,,,,,,
140,Hassan,Arasikere,Coconut,Grade-III,FAQ,10000,14280,13000,2019-10-28,2019-10-28,24.6,19.4,28.8,29.2,,,,,,
141,Hassan,Arasikere,Coconut,Grade-III,FAQ,10000,14280,13325,2019-11-21,2019-11-21,,,,,,,,,,
142,Hassan,Arasikere,Coconut,Grade-III,FAQ,10000,14280,14280,2020-05-27,2020-05-27,,,,,,,,,,
143,Hassan,Arasikere,Coconut,Grade-III,FAQ,10000,15000,10000,2019-12-11,2019-12-11,,,,,,,,,,
144,Hassan,Arasikere,Coconut,Grade-III,FAQ,10000,15000,10000,2019-11-22,2019-11-22,,,,,,,,,,
145,Hassan,Arasikere,Coconut,Grade-III,FAQ,10000,15000,12000,2019-12-16,2019-12-16,,,,,,,,,,
146,Hassan,Arasikere,Coconut,Grade-III,FAQ,10000,15000,12480,2019-09-03,2019-09-03,,,,,,,,,,
147,Hassan,Arasikere,Coconut,Grade-III,FAQ,10000,15000,12490,2020-03-06,2020-03-06,,,,,,,,,,
148,Hassan,Arasikere,Coconut,Grade-III,FAQ,10000,15000,12490,2020-01-22,2020-01-22,,,,,,,,,,
149,Hassan,Arasikere,Coconut,Grade-III,FAQ,10000,15000,13000,2021-02-05,2021-02-05,23.0,16.2,30.9,0.0,,,6.7,,1013.5,
150,Hassan,Arasikere,Coconut,Grade-III,FAQ,10000,15000,14000,2019-10-14,2019-10-14,,,,,,,,,,
151,Hassan,Arasikere,Coconut,Grade-III,FAQ,10000,15000,14278,2019-08-27,2019-08-27,,,,,,,,,,
152,Hassan,Arasikere,Coconut,Grade-III,FAQ,10000,15000,14280,2020-01-13,2020-01-13,,,,,,,,,,
153,Hassan,Arasikere,Coconut,Grade-III,FAQ,10000,15000,15000,2020-06-19,2020-06-19,,,,,,,,,,
154,Hassan,Arasikere,Coconut,Grade-III,FAQ,10000,16000,10000,2021-03-12,2021-03-12,26.0,20.0,32.8,0.0,,,5.2,,1013.8,
155,Hassan,Arasikere,Coconut,Grade-III,FAQ,10000,16000,10000,2019-12-20,2019-12-20,,,,,,,,,,
156,Hassan,Arasikere,Coconut,Grade-III,FAQ,10000,16000,10000,2019-09-20,2019-09-20,25.7,20.7,,0.0,,,,,,
157,Hassan,Arasikere,Coconut,Grade-III,FAQ,10000,16000,10000,2020-01-27,2020-01-27,,,,,,,,,,
158,Hassan,Arasikere,Coconut,Grade-III,FAQ,10000,16000,11000,2020-01-24,2020-01-24,,,,,,,,,,
159,Hassan,Arasikere,Coconut,Grade-III,FAQ,10000,16000,12000,2021-02-12,2021-02-12,22.9,15.7,31.1,0.0,,,7.5,,1012.1,
160,Hassan,Arasikere,Coconut,Grade-III,FAQ,10000,16000,13000,2020-02-05,2020-02-05,,,,,,,,,,
161,Hassan,Arasikere,Coconut,Grade-III,FAQ,10000,16500,10000,2019-11-13,2019-11-13,,,,,,,,,,
162,Hassan,Arasikere,Coconut,Grade-III,FAQ,10000,16500,16500,2019-08-31,2019-08-31,,,,,,,,,,
163,Hassan,Arasikere,Coconut,Grade-III,FAQ,10000,16667,10000,2020-02-28,2020-02-28,,,,,,,,,,
164,Hassan,Arasikere,Coconut,Grade-III,FAQ,10000,17000,10000,2019-09-13,2019-09-13,,,,,,,,,,
165,Hassan,Arasikere,Coconut,Grade-III,FAQ,10000,17000,10000,2020-01-18,2020-01-18,,,,,,,,,,
166,Hassan,Arasikere,Coconut,Grade-III,FAQ,10000,17000,14000,2019-09-26,2019-09-26,24.5,20.6,29.2,65.5,,,,,,
167,Hassan,Arasikere,Coconut,Grade-III,FAQ,10000,17000,14280,2020-06-11,2020-06-11,,,,,,,,,,
168,Hassan,Arasikere,Coconut,Grade-III,FAQ,10000,17000,15000,2021-12-13,2021-12-13,22.7,18.9,27.0,0.0,,,10.7,,1014.1,
169,Hassan,Arasikere,Coconut,Grade-III,FAQ,10000,17000,15000,2020-11-20,2020-11-20,,,,,,,,,,
170,Hassan,Arasikere,Coconut,Grade-III,FAQ,10000,17000,15000,2022-09-26,2022-09-26,23.6,20.3,28.1,0.0,,,7.8,,1011.0,
171,Hassan,Arasikere,Coconut,Grade-III,FAQ,10000,17000,17000,2019-11-25,2019-11-25,,,,,,,,,,
172,Hassan,Arasikere,Coconut,Grade-III,FAQ,10000,18000,14000,2022-01-28,2022-01-28,23.9,19.8,29.4,1.0,,,11.9,,1012.6,
173,Hassan,Arasikere,Coconut,Grade-III,FAQ,10000,18000,16000,2021-10-01,2021-10-01,23.9,20.8,28.8,19.2,,,4.2,,1010.3,
174,Hassan,Arasikere,Coconut,Grade-III,FAQ,10000,18000,18000,2024-02-06,2024-02-06,26.4,18.0,35.8,0.0,,,11.1,,1015.4,
175,Hassan,Arasikere,Coconut,Grade-III,FAQ,10000,18500,11670,2023-02-03,2023-02-03,25.2,17.7,31.6,0.0,,,13.4,,1012.3,
176,Hassan,Arasikere,Coconut,Grade-III,FAQ,10000,18500,13000,2022-10-25,2022-10-25,20.4,13.8,26.8,0.0,,,4.8,,1012.9,
177,Hassan,Arasikere,Coconut,Grade-III,FAQ,10000,18500,15000,2022-11-28,2022-11-28,24.0,20.3,30.2,0.6,,,4.6,,1011.0,
178,Hassan,Arasikere,Coconut,Grade-III,FAQ,10000,19000,13100,2023-02-17,2023-02-17,26.1,17.9,33.8,0.0,,,13.0,,1012.7,
179,Hassan,Arasikere,Coconut,Grade-III,FAQ,10000,19000,16000,2022-07-22,2022-07-22,23.1,20.9,26.9,5.5,,,9.4,,1010.0,
180,Hassan,Arasikere,Coconut,Grade-III,FAQ,10000,19000,16500,2022-12-20,2022-12-20,21.4,14.9,29.3,0.0,,,8.6,,1011.0,
181,Hassan,Arasikere,Coconut,Grade-III,FAQ,10000,19500,13000,2021-01-15,2021-01-15,23.8,20.5,29.5,1.9,,,6.8,,1011.0,
182,Hassan,Arasikere,Coconut,Grade-III,FAQ,10000,19500,16000,2023-10-25,2023-10-25,25.4,18.5,32.9,0.0,,,9.9,,1013.7,
183,Hassan,Arasikere,Coconut,Grade-III,FAQ,10000,19500,18000,2022-09-30,2022-09-30,21.9,21.0,23.8,19.6,,,8.2,,1010.4,
184,Hassan,Arasikere,Coconut,Grade-III,FAQ,10000,20000,10000,2021-09-24,2021-09-24,23.7,21.2,28.3,2.4,,,8.4,,1009.8,
185,Hassan,Arasikere,Coconut,Grade-III,FAQ,10000,20000,11000,2021-03-05,2021-03-05,24.6,17.2,32.7,0.0,,,6.9,,1013.4,
186,Hassan,Arasikere,Coconut,Grade-III,FAQ,10000,20000,11000,2020-12-18,2020-12-18,,,,,,,,,,
187,Hassan,Arasikere,Coconut,Grade-III,FAQ,10000,20000,15000,2022-12-02,2022-12-02,24.5,18.3,30.9,0.0,,,6.8,,1011.4,
188,Hassan,Arasikere,Coconut,Grade-III,FAQ,10000,20000,18000,2021-12-10,2021-12-10,23.3,19.6,28.3,0.6,,,9.5,,1014.8,
189,Hassan,Arasikere,Coconut,Grade-III,FAQ,10000,21000,10000,2024-01-26,2024-01-26,23.7,16.9,31.3,0.0,,,9.9,,1015.8,
190,Hassan,Arasikere,Coconut,Grade-III,FAQ,10000,21500,16000,2024-09-11,2024-09-11,23.5,21.2,27.0,0.8,,,15.5,,1009.8,
191,Hassan,Arasikere,Coconut,Grade-III,FAQ,10000,21500,16000,2022-04-27,2022-04-27,28.3,21.1,36.6,0.0,,,7.7,,1007.9,
192,Hassan,Arasikere,Coconut,Grade-III,FAQ,10000,22000,15000,2022-04-08,2022-04-08,28.0,22.8,36.6,0.0,,,7.4,,1010.3,
193,Hassan,Arasikere,Coconut,Grade-III,FAQ,10000,22000,19000,2024-02-02,2024-02-02,23.3,16.2,32.4,0.0,,,6.9,,1015.1,
194,Hassan,Arasikere,Coconut,Grade-III,FAQ,10000,23000,10000,2024-02-08,2024-02-08,26.9,18.3,35.9,0.0,,,10.0,,1014.1,
195,Hassan,Arasikere,Coconut,Grade-III,FAQ,10000,23200,23000,2020-04-09,2020-04-09,,,,,,,,,,
196,Hassan,Arasikere,Coconut,Grade-III,FAQ,10000,26000,11000,2020-12-11,2020-12-11,22.6,16.0,29.0,0.0,,,,,,
197,Hassan,Arasikere,Coconut,Grade-III,FAQ,10730,12000,10730,2024-10-24,2024-10-24,23.7,20.3,30.0,0.7,,,5.0,,1011.8,
198,Hassan,Arasikere,Coconut,Grade-III,FAQ,11000,11000,11000,2023-09-04,2023-09-04,23.0,21.3,27.4,9.4,,,11.0,,1008.6,
199,Hassan,Arasikere,Coconut,Grade-III,FAQ,11000,11000,11000,2022-12-05,2022-12-05,25.2,18.9,31.7,0.0,,,9.3,,1012.8,
200,Hassan,Arasikere,Coconut,Grade-III,FAQ,11000,11000,11000,2020-03-09,2020-03-09,,,,,,,,,,
201,Hassan,Arasikere,Coconut,Grade-III,FAQ,11000,11000,11000,2023-01-16,2023-01-16,22.5,14.9,31.8,0.0,,,7.6,,1012.5,
202,Hassan,Arasikere,Coconut,Grade-III,FAQ,11000,11000,11000,2019-12-18,2019-12-18,,,,,,,,,,
203,Hassan,Arasikere,Coconut,Grade-III,FAQ,11000,11000,11000,2023-08-28,2023-08-28,24.2,20.4,30.6,3.4,,,10.3,,1011.5,
204,Hassan,Arasikere,Coconut,Grade-III,FAQ,11000,12490,11000,2020-01-29,2020-01-29,,,,,,,,,,
205,Hassan,Arasikere,Coconut,Grade-III,FAQ,11000,12500,11000,2021-01-08,2021-01-08,22.6,20.4,27.7,38.8,,,6.4,,1010.3,
206,Hassan,Arasikere,Coconut,Grade-III,FAQ,11000,14280,12000,2020-03-13,2020-03-13,,,,,,,,,,
207,Hassan,Arasikere,Coconut,Grade-III,FAQ,11000,16000,11000,2020-03-12,2020-03-12,,,,,,,,,,
208,Hassan,Arasikere,Coconut,Grade-III,FAQ,11000,16000,11000,2020-02-13,2020-02-13,,,,,,,,,,
209,Hassan,Arasikere,Coconut,Grade-III,FAQ,11000,16500,11000,2020-03-10,2020-03-10,,,,,,,,,,
210,Hassan,Arasikere,Coconut,Grade-III,FAQ,11000,17000,12000,2020-03-19,2020-03-19,,,,,,,,,,
211,Hassan,Arasikere,Coconut,Grade-III,FAQ,11000,17000,16000,2020-01-30,2020-01-30,,,,,,,,,,
212,Hassan,Arasikere,Coconut,Grade-III,FAQ,11000,17500,13500,2023-07-25,2023-07-25,21.9,21.0,23.7,14.2,,,17.3,,1010.5,
213,Hassan,Arasikere,Coconut,Grade-III,FAQ,11000,18000,11000,2020-05-28,2020-05-28,,,,,,,,,,
214,Hassan,Arasikere,Coconut,Grade-III,FAQ,11000,19000,15000,2022-11-02,2022-11-02,23.0,19.2,28.3,0.3,,,9.6,,1012.6,
215,Hassan,Arasikere,Coconut,Grade-III,FAQ,11100,21500,18000,2022-05-27,2022-05-27,,,,,,,,,,
216,Hassan,Arasikere,Coconut,Grade-III,FAQ,11484,11484,11484,2020-05-14,2020-05-14,,,,,,,,,,
217,Hassan,Arasikere,Coconut,Grade-III,FAQ,11801,15060,11801,2019-10-01,2019-10-01,25.6,20.1,30.8,6.1,,,,,,
218,Hassan,Arasikere,Coconut,Grade-III,FAQ,12000,12000,12000,2021-12-01,2021-12-01,23.8,20.8,28.6,1.1,,,11.1,,1011.8,
219,Hassan,Arasikere,Coconut,Grade-III,FAQ,12000,12000,12000,2020-02-01,2020-02-01,,,,,,,,,,
220,Hassan,Arasikere,Coconut,Grade-III,FAQ,12000,12000,12000,2023-03-04,2023-03-04,27.2,20.0,35.0,0.0,,,16.3,,1016.3,
221,Hassan,Arasikere,Coconut,Grade-III,FAQ,12000,12000,12000,2020-11-07,2020-11-07,,,,,,,,,,
222,Hassan,Arasikere,Coconut,Grade-III,FAQ,12000,12000,12000,2022-03-08,2022-03-08,26.8,21.5,34.1,0.0,,,8.9,,1011.2,
223,Hassan,Arasikere,Coconut,Grade-III,FAQ,12000,12000,12000,2023-06-16,2023-06-16,26.4,22.7,32.7,0.4,,,15.9,,1010.3,
224,Hassan,Arasikere,Coconut,Grade-III,FAQ,12000,12000,12000,2024-03-16,2024-03-16,28.2,21.0,37.1,0.0,,,9.5,,1012.0,
225,Hassan,Arasikere,Coconut,Grade-III,FAQ,12000,12000,12000,2020-03-17,2020-03-17,,,,,,,,,,
226,Hassan,Arasikere,Coconut,Grade-III,FAQ,12000,12000,12000,2023-07-19,2023-07-19,21.9,20.9,23.7,10.4,,,19.9,,1008.0,
227,Hassan,Arasikere,Coconut,Grade-III,FAQ,12000,12000,12000,2023-01-20,2023-01-20,22.5,15.3,30.7,0.0,,,12.2,,1014.4,
228,Hassan,Arasikere,Coconut,Grade-III,FAQ,12000,12000,12000,2023-02-23,2023-02-23,27.0,19.5,35.0,0.0,,,14.9,,1012.0,
229,Hassan,Arasikere,Coconut,Grade-III,FAQ,12000,12000,12000,2023-01-24,2023-01-24,23.6,18.1,31.3,0.5,,,8.3,,1012.5,
230,Hassan,Arasikere,Coconut,Grade-III,FAQ,12000,12000,12000,2019-07-27,2019-07-27,,,,,,,,,,
231,Hassan,Arasikere,Coconut,Grade-III,FAQ,12000,12000,12000,2019-11-27,2019-11-27,,,,,,,,,,
232,Hassan,Arasikere,Coconut,Grade-III,FAQ,12000,12000,12000,2021-11-29,2021-11-29,22.8,20.2,27.9,12.6,,,11.4,,1012.3,
233,Hassan,Arasikere,Coconut,Grade-III,FAQ,12000,12000,12000,2022-12-31,2022-12-31,23.9,17.3,31.9,0.0,,,6.1,,1016.7,
234,Hassan,Arasikere,Coconut,Grade-III,FAQ,12000,12480,12000,2019-08-23,2019-08-23,,,,,,,,,,
235,Hassan,Arasikere,Coconut,Grade-III,FAQ,12000,13000,12500,2023-07-31,2023-07-31,24.0,21.6,28.0,0.5,,,17.4,,1010.7,
236,Hassan,Arasikere,Coconut,Grade-III,FAQ,12000,15000,12000,2019-11-19,2019-11-19,,,,,,,,,,
237,Hassan,Arasikere,Coconut,Grade-III,FAQ,12000,17000,12000,2019-12-17,2019-12-17,,,,,,,,,,
238,Hassan,Arasikere,Coconut,Grade-III,FAQ,12000,17000,12000,2020-03-23,2020-03-23,,,,,,,,,,
239,Hassan,Arasikere,Coconut,Grade-III,FAQ,12000,17000,15000,2023-07-03,2023-07-03,23.8,22.0,27.5,4.6,,,16.7,,1009.4,
240,Hassan,Arasikere,Coconut,Grade-III,FAQ,12000,18000,13000,2023-08-08,2023-08-08,24.1,21.6,28.5,1.0,,,13.3,,1011.0,
241,Hassan,Arasikere,Coconut,Grade-III,FAQ,12000,18000,14000,2023-09-11,2023-09-11,24.8,21.6,29.6,0.0,,,14.1,,1009.7,
242,Hassan,Arasikere,Coconut,Grade-III,FAQ,12000,18000,15700,2023-01-30,2023-01-30,23.8,17.1,31.4,0.0,,,8.6,,1012.0,
243,Hassan,Arasikere,Coconut,Grade-III,FAQ,12000,18500,14500,2023-05-22,2023-05-22,26.8,22.8,35.4,4.8,,,8.9,,1012.0,
244,Hassan,Arasikere,Coconut,Grade-III,FAQ,12000,18500,16000,2023-01-10,2023-01-10,21.6,12.9,30.8,0.0,,,9.4,,1015.9,
245,Hassan,Arasikere,Coconut,Grade-III,FAQ,12000,19000,14740,2023-02-13,2023-02-13,26.2,18.9,34.2,0.0,,,14.6,,1013.5,
246,Hassan,Arasikere,Coconut,Grade-III,FAQ,12000,19000,15000,2024-07-02,2024-07-02,24.3,22.1,28.5,0.5,,,18.4,,1008.4,
247,Hassan,Arasikere,Coconut,Grade-III,FAQ,12000,19000,15280,2023-03-03,2023-03-03,26.1,17.7,34.7,0.0,,,15.4,,1016.5,
248,Hassan,Arasikere,Coconut,Grade-III,FAQ,12000,20000,12000,2020-03-21,2020-03-21,,,,,,,,,,
249,Hassan,Arasikere,Coconut,Grade-III,FAQ,12000,23000,16000,2024-02-21,2024-02-21,25.9,18.2,34.5,0.0,,,7.8,,1012.6,
250,Hassan,Arasikere,Coconut,Grade-III,FAQ,12106,12106,12106,2020-06-20,2020-06-20,,,,,,,,,,
251,Hassan,Arasikere,Coconut,Grade-III,FAQ,12350,19000,15000,2024-07-22,2024-07-22,23.4,21.4,26.5,4.4,,,21.8,,1009.7,
252,Hassan,Arasikere,Coconut,Grade-III,FAQ,12400,12400,12400,2019-07-31,2019-07-31,,,,,,,,,,
253,Hassan,Arasikere,Coconut,Grade-III,FAQ,12417,12480,12417,2019-12-19,2019-12-19,,,,,,,,,,
254,Hassan,Arasikere,Coconut,Grade-III,FAQ,12450,14280,13500,2020-11-09,2020-11-09,,,,,,,,,,
255,Hassan,Arasikere,Coconut,Grade-III,FAQ,12450,19000,12450,2024-06-07,2024-06-07,23.7,22.0,28.4,14.8,,,11.0,,1009.0,
256,Hassan,Arasikere,Coconut,Grade-III,FAQ,12450,20100,15000,2024-06-13,2024-06-13,23.8,22.0,27.0,10.0,,,14.2,,1010.8,
257,Hassan,Arasikere,Coconut,Grade-III,FAQ,12450,20400,18000,2024-08-31,2024-08-31,23.4,21.5,28.2,0.0,,,,,,
258,Hassan,Arasikere,Coconut,Grade-III,FAQ,12470,12470,12470,2019-11-06,2019-11-06,,,,,,,,,,
259,Hassan,Arasikere,Coconut,Grade-III,FAQ,12480,12480,12480,2020-01-08,2020-01-08,,,,,,,,,,
260,Hassan,Arasikere,Coconut,Grade-III,FAQ,12480,12480,12480,2019-10-24,2019-10-24,23.5,20.9,28.2,1.5,,,,,,
261,Hassan,Arasikere,Coconut,Grade-III,FAQ,12480,19409,12480,2019-11-28,2019-11-28,,,,,,,,,,
262,Hassan,Arasikere,Coconut,Grade-III,FAQ,12489,12489,12489,2019-11-14,2019-11-14,,,,,,,,,,
263,Hassan,Arasikere,Coconut,Grade-III,FAQ,12489,17000,16382,2019-11-18,2019-11-18,,,,,,,,,,
264,Hassan,Arasikere,Coconut,Grade-III,FAQ,12490,12490,12490,2020-01-01,2020-01-01,,,,,,,,,,
265,Hassan,Arasikere,Coconut,Grade-III,FAQ,12490,12490,12490,2020-03-02,2020-03-02,,,,,,,,,,
266,Hassan,Arasikere,Coconut,Grade-III,FAQ,12490,12490,12490,2019-08-07,2019-08-07,23.0,20.2,23.6,6.6,,,,,,
267,Hassan,Arasikere,Coconut,Grade-III,FAQ,12490,12490,12490,2019-08-13,2019-08-13,23.2,21.1,28.0,0.8,,,,,,
268,Hassan,Arasikere,Coconut,Grade-III,FAQ,12490,12490,12490,2020-06-18,2020-06-18,25.7,21.5,,0.0,,,,,,
269,Hassan,Arasikere,Coconut,Grade-III,FAQ,12490,12490,12490,2020-05-20,2020-05-20,28.8,21.8,,0.8,,,,,,
270,Hassan,Arasikere,Coconut,Grade-III,FAQ,12490,12490,12490,2020-04-21,2020-04-21,,,,,,,,,,
271,Hassan,Arasikere,Coconut,Grade-III,FAQ,12490,12490,12490,2020-03-24,2020-03-24,,,,,,,,,,
272,Hassan,Arasikere,Coconut,Grade-III,FAQ,12490,14000,12490,2020-06-22,2020-06-22,,,,,,,,,,
273,Hassan,Arasikere,Coconut,Grade-III,FAQ,12490,15000,12490,2019-07-18,2019-07-18,,,,,,,,,,
274,Hassan,Arasikere,Coconut,Grade-III,FAQ,12490,18500,15626,2023-04-10,2023-04-10,28.4,21.3,37.6,0.0,,,11.0,,1012.1,
275,Hassan,Arasikere,Coconut,Grade-III,FAQ,12500,12500,12500,2022-12-13,2022-12-13,22.3,19.9,27.0,7.9,,,10.5,,1011.0,
276,Hassan,Arasikere,Coconut,Grade-III,FAQ,12500,12500,12500,2024-11-16,2024-11-16,24.5,20.6,30.0,3.9,,,11.9,,1011.8,
277,Hassan,Arasikere,Coconut,Grade-III,FAQ,12500,12500,12500,2023-10-18,2023-10-18,26.4,22.3,32.2,0.0,,,8.4,,1013.2,
278,Hassan,Arasikere,Coconut,Grade-III,FAQ,12500,13786,12500,2020-02-20,2020-02-20,,,,,,,,,,
279,Hassan,Arasikere,Coconut,Grade-III,FAQ,12500,18100,15000,2022-11-18,2022-11-18,22.1,15.4,29.7,0.0,,,6.1,,1012.8,
280,Hassan,Arasikere,Coconut,Grade-III,FAQ,12840,25000,12840,2024-03-30,2024-03-30,29.3,21.5,39.6,0.0,,,10.3,,1012.2,
281,Hassan,Arasikere,Coconut,Grade-III,FAQ,12878,15000,12878,2019-09-23,2019-09-23,25.4,21.3,,1.0,,,,,,
282,Hassan,Arasikere,Coconut,Grade-III,FAQ,13000,13000,13000,2019-10-21,2019-10-21,24.1,20.1,29.0,82.3,,,,,,
283,Hassan,Arasikere,Coconut,Grade-III,FAQ,13000,15000,13000,2020-07-31,2020-07-31,24.9,21.8,28.5,0.0,,,,,,
284,Hassan,Arasikere,Coconut,Grade-III,FAQ,13000,15000,14000,2020-08-28,2020-08-28,,,,,,,,,,
285,Hassan,Arasikere,Coconut,Grade-III,FAQ,13000,16000,13000,2019-11-26,2019-11-26,,,,,,,,,,
286,Hassan,Arasikere,Coconut,Grade-III,FAQ,13000,16000,13230,2020-02-10,2020-02-10,,,,,,,,,,
287,Hassan,Arasikere,Coconut,Grade-III,FAQ,13000,17000,13000,2020-08-03,2020-08-03,23.8,21.6,27.6,0.0,,,,,,
288,Hassan,Arasikere,Coconut,Grade-III,FAQ,13000,20000,14000,2023-12-22,2023-12-22,24.3,18.6,30.9,0.0,,,9.0,,1014.2,
289,Hassan,Arasikere,Coconut,Grade-III,FAQ,13000,21500,16000,2024-09-06,2024-09-06,24.1,21.8,29.0,1.6,,,14.7,,1009.9,
290,Hassan,Arasikere,Coconut,Grade-III,FAQ,13430,13430,13430,2021-03-08,2021-03-08,25.1,17.0,34.1,0.0,,,7.5,,1012.2,
291,Hassan,Arasikere,Coconut,Grade-III,FAQ,13500,16500,14600,2023-10-04,2023-10-04,24.2,20.5,28.9,0.7,,,8.2,,1012.4,
292,Hassan,Arasikere,Coconut,Grade-III,FAQ,13900,13900,13900,2022-03-30,2022-03-30,28.2,22.9,35.9,0.0,,,9.9,,1010.1,
293,Hassan,Arasikere,Coconut,Grade-III,FAQ,14000,14000,14000,2024-07-03,2024-07-03,23.5,22.3,26.5,1.1,,,15.0,,1008.6,
294,Hassan,Arasikere,Coconut,Grade-III,FAQ,14000,14000,14000,2021-01-05,2021-01-05,24.6,19.8,30.8,1.8,,,7.0,,1012.0,
295,Hassan,Arasikere,Coconut,Grade-III,FAQ,14000,14000,14000,2020-09-05,2020-09-05,26.2,22.1,30.2,1.8,,,,,,
296,Hassan,Arasikere,Coconut,Grade-III,FAQ,14000,14000,14000,2022-09-05,2022-09-05,23.4,20.8,29.6,41.4,,,5.7,,1009.2,
297,Hassan,Arasikere,Coconut,Grade-III,FAQ,14000,14000,14000,2020-06-09,2020-06-09,,,,,,,,,,
298,Hassan,Arasikere,Coconut,Grade-III,FAQ,14000,14000,14000,2022-02-10,2022-02-10,24.4,17.3,32.2,0.0,,,6.5,,1011.4,
299,Hassan,Arasikere,Coconut,Grade-III,FAQ,14000,14000,14000,2021-07-15,2021-07-15,22.1,21.3,23.6,40.6,,,17.7,,1006.8,
300,Hassan,Arasikere,Coconut,Grade-III,FAQ,14000,14000,14000,2019-07-17,2019-07-17,,,,,,,,,,
301,Hassan,Arasikere,Coconut,Grade-III,FAQ,14000,14000,14000,2024-05-17,2024-05-17,25.3,22.4,32.5,10.6,,,6.4,,1009.7,
302,Hassan,Arasikere,Coconut,Grade-III,FAQ,14000,14000,14000,2020-12-23,2020-12-23,,,,,,,,,,
303,Hassan,Arasikere,Coconut,Grade-III,FAQ,14000,14280,14100,2021-09-17,2021-09-17,23.7,20.9,28.2,0.5,,,9.7,,1009.3,
304,Hassan,Arasikere,Coconut,Grade-III,FAQ,14000,15000,14000,2024-07-15,2024-07-15,22.4,21.4,24.0,34.1,,,20.7,,1005.6,
305,Hassan,Arasikere,Coconut,Grade-III,FAQ,14000,15000,14000,2024-06-15,2024-06-15,25.1,21.8,30.0,0.0,,,14.8,,1008.8,
306,Hassan,Arasikere,Coconut,Grade-III,FAQ,14000,15000,14000,2019-10-15,2019-10-15,,,,,,,,,,
307,Hassan,Arasikere,Coconut,Grade-III,FAQ,14000,15000,15000,2024-05-21,2024-05-21,25.9,22.4,32.2,27.6,,,7.7,,1005.9,
308,Hassan,Arasikere,Coconut,Grade-III,FAQ,14000,16000,14000,2020-07-02,2020-07-02,,,,,,,,,,
309,Hassan,Arasikere,Coconut,Grade-III,FAQ,14000,16000,14000,2019-12-10,2019-12-10,,,,,,,,,,
310,Hassan,Arasikere,Coconut,Grade-III,FAQ,14000,17000,14000,2020-08-26,2020-08-26,,,,,,,,,,
311,Hassan,Arasikere,Coconut,Grade-III,FAQ,14000,19000,14000,2024-07-11,2024-07-11,24.2,21.8,28.2,1.0,,,15.4,,1009.9,
312,Hassan,Arasikere,Coconut,Grade-III,FAQ,14000,19000,15000,2024-07-09,2024-07-09,22.8,21.4,25.3,4.6,,,15.3,,1008.2,
313,Hassan,Arasikere,Coconut,Grade-III,FAQ,14000,19000,15000,2024-06-12,2024-06-12,23.7,22.2,26.2,0.9,,,15.4,,1011.0,
314,Hassan,Arasikere,Coconut,Grade-III,FAQ,14000,19000,16770,2020-11-30,2020-11-30,,,,,,,,,,
315,Hassan,Arasikere,Coconut,Grade-III,FAQ,14000,19000,18000,2022-12-27,2022-12-27,24.7,19.5,30.0,0.0,,,10.9,,1014.5,
316,Hassan,Arasikere,Coconut,Grade-III,FAQ,14000,19100,14000,2020-09-09,2020-09-09,24.1,20.5,30.9,74.4,,,,,,
317,Hassan,Arasikere,Coconut,Grade-III,FAQ,14000,20000,14000,2024-11-06,2024-11-06,23.6,17.3,31.0,0.0,,,6.9,,1013.3,
318,Hassan,Arasikere,Coconut,Grade-III,FAQ,14000,20000,15000,2024-06-28,2024-06-28,23.8,21.4,27.6,0.7,,,17.4,,1007.7,
319,Hassan,Arasikere,Coconut,Grade-III,FAQ,14000,20000,17000,2020-12-07,2020-12-07,22.1,19.4,27.3,2.3,,,,,,
320,Hassan,Arasikere,Coconut,Grade-III,FAQ,14000,20000,20000,2024-05-24,2024-05-24,26.7,24.1,32.6,16.1,,,9.8,,1004.3,
321,Hassan,Arasikere,Coconut,Grade-III,FAQ,14000,21100,15000,2024-08-09,2024-08-09,23.6,21.2,27.0,5.2,,,10.9,,1011.1,
322,Hassan,Arasikere,Coconut,Grade-III,FAQ,14100,19500,17500,2024-06-29,2024-06-29,24.5,21.8,28.0,0.8,,,16.1,,1008.5,
323,Hassan,Arasikere,Coconut,Grade-III,FAQ,14240,15000,14240,2020-06-24,2020-06-24,,,,,,,,,,
324,Hassan,Arasikere,Coconut,Grade-III,FAQ,14275,14275,14275,2019-08-03,2019-08-03,,,,,,,,,,
325,Hassan,Arasikere,Coconut,Grade-III,FAQ,14278,14278,14278,2019-09-12,2019-09-12,,,,,,,,,,
326,Hassan,Arasikere,Coconut,Grade-III,FAQ,14278,14278,14278,2019-08-19,2019-08-19,25.0,21.7,,5.6,,,,,,
327,Hassan,Arasikere,Coconut,Grade-III,FAQ,14278,15000,14278,2019-09-06,2019-09-06,24.6,20.6,27.2,5.6,,,,,,
328,Hassan,Arasikere,Coconut,Grade-III,FAQ,14278,17000,14278,2019-09-19,2019-09-19,23.9,20.6,28.2,1.3,,,,,,
329,Hassan,Arasikere,Coconut,Grade-III,FAQ,14280,14280,14280,2021-02-02,2021-02-02,22.8,16.3,29.7,0.0,,,9.3,,1015.5,
330,Hassan,Arasikere,Coconut,Grade-III,FAQ,14280,14280,14280,2020-08-04,2020-08-04,22.7,20.7,26.6,5.6,,,,,,
331,Hassan,Arasikere,Coconut,Grade-III,FAQ,14280,14280,14280,2021-03-04,2021-03-04,25.0,18.7,32.3,0.0,,,12.0,,1012.0,
332,Hassan,Arasikere,Coconut,Grade-III,FAQ,14280,14280,14280,2021-02-11,2021-02-11,23.0,15.4,31.5,0.0,,,7.3,,1011.4,
333,Hassan,Arasikere,Coconut,Grade-III,FAQ,14280,14280,14280,2020-01-14,2020-01-14,,,,,,,,,,
334,Hassan,Arasikere,Coconut,Grade-III,FAQ,14280,14280,14280,2019-07-15,2019-07-15,,,,,,,,,,
335,Hassan,Arasikere,Coconut,Grade-III,FAQ,14280,14280,14280,2019-07-24,2019-07-24,,,,,,,,,,
336,Hassan,Arasikere,Coconut,Grade-III,FAQ,14280,14663,14280,2020-07-04,2020-07-04,23.7,21.1,28.4,1.3,,,,,,
337,Hassan,Arasikere,Coconut,Grade-III,FAQ,14280,17000,14280,2019-09-07,2019-09-07,24.7,21.2,27.2,0.8,,,,,,
338,Hassan,Arasikere,Coconut,Grade-III,FAQ,14280,17000,15000,2019-11-11,2019-11-11,,,,,,,,,,
339,Hassan,Arasikere,Coconut,Grade-III,FAQ,14280,17000,16000,2020-11-17,2020-11-17,23.0,20.1,26.5,1.5,,,,,,
340,Hassan,Arasikere,Coconut,Grade-III,FAQ,14280,17500,15000,2020-03-07,2020-03-07,,,,,,,,,,
341,Hassan,Arasikere,Coconut,Grade-III,FAQ,14280,19000,18000,2022-02-17,2022-02-17,25.7,20.8,32.1,0.0,,,4.5,,1007.5,
342,Hassan,Arasikere,Coconut,Grade-III,FAQ,14280,21500,18000,2024-09-05,2024-09-05,23.5,21.2,28.0,3.9,,,14.1,,1009.7,
343,Hassan,Arasikere,Coconut,Grade-III,FAQ,14500,14500,14500,2023-11-23,2023-11-23,25.1,20.9,31.4,0.3,,,9.4,,1011.0,
344,Hassan,Arasikere,Coconut,Grade-III,FAQ,14500,20000,17000,2024-02-23,2024-02-23,25.5,17.2,34.7,0.0,,,7.8,,1012.4,
345,Hassan,Arasikere,Coconut,Grade-III,FAQ,15000,15000,15000,2019-08-01,2019-08-01,,,,,,,,,,
346,Hassan,Arasikere,Coconut,Grade-III,FAQ,15000,15000,15000,2024-08-01,2024-08-01,23.4,21.3,28.0,2.3,,,13.7,,1010.3,
347,Hassan,Arasikere,Coconut,Grade-III,FAQ,15000,15000,15000,2019-10-03,2019-10-03,25.2,21.1,30.0,0.0,,,,,,
348,Hassan,Arasikere,Coconut,Grade-III,FAQ,15000,15000,15000,2021-09-03,2021-09-03,23.4,21.3,27.2,4.0,,,10.0,,1008.8,
349,Hassan,Arasikere,Coconut,Grade-III,FAQ,15000,15000,15000,2020-06-04,2020-06-04,25.3,22.6,30.4,0.5,,,,,,
350,Hassan,Arasikere,Coconut,Grade-III,FAQ,15000,15000,15000,2021-11-04,2021-11-04,23.1,19.6,28.0,2.6,,,6.2,,1011.5,
351,Hassan,Arasikere,Coconut,Grade-III,FAQ,15000,15000,15000,2020-06-05,2020-06-05,26.4,21.9,,0.0,,,,,,
352,Hassan,Arasikere,Coconut,Grade-III,FAQ,15000,15000,15000,2024-06-05,2024-06-05,24.9,22.4,30.3,14.2,,,9.4,,1010.2,
353,Hassan,Arasikere,Coconut,Grade-III,FAQ,15000,15000,15000,2023-05-05,2023-05-05,26.1,21.4,33.2,1.0,,,9.3,,1009.3,
354,Hassan,Arasikere,Coconut,Grade-III,FAQ,15000,15000,15000,2020-07-06,2020-07-06,,,,,,,,,,
355,Hassan,Arasikere,Coconut,Grade-III,FAQ,15000,15000,15000,2023-09-07,2023-09-07,24.1,21.4,28.1,1.5,,,14.2,,1009.2,
356,Hassan,Arasikere,Coconut,Grade-III,FAQ,15000,15000,15000,2019-10-10,2019-10-10,,,,,,,,,,
357,Hassan,Arasikere,Coconut,Grade-III,FAQ,15000,15000,15000,2020-06-12,2020-06-12,,,,,,,,,,
358,Hassan,Arasikere,Coconut,Grade-III,FAQ,15000,15000,15000,2019-08-14,2019-08-14,23.3,20.6,27.0,15.2,,,,,,
359,Hassan,Arasikere,Coconut,Grade-III,FAQ,15000,15000,15000,2020-06-15,2020-06-15,,,,,,,,,,
360,Hassan,Arasikere,Coconut,Grade-III,FAQ,15000,15000,15000,2019-08-16,2019-08-16,24.0,21.1,,1.0,,,,,,
361,Hassan,Arasikere,Coconut,Grade-III,FAQ,15000,15000,15000,2023-10-16,2023-10-16,25.2,22.1,32.6,8.2,,,8.5,,1012.2,
362,Hassan,Arasikere,Coconut,Grade-III,FAQ,15000,15000,15000,2020-05-18,2020-05-18,25.4,20.6,34.6,3.8,,,,,,
363,Hassan,Arasikere,Coconut,Grade-III,FAQ,15000,15000,15000,2021-07-20,2021-07-20,22.0,20.5,24.3,12.3,,,14.6,,1011.5,
364,Hassan,Arasikere,Coconut,Grade-III,FAQ,15000,15000,15000,2019-11-20,2019-11-20,,,,,,,,,,
365,Hassan,Arasikere,Coconut,Grade-III,FAQ,15000,15000,15000,2021-10-21,2021-10-21,23.5,20.4,28.4,11.8,,,5.5,,1013.6,
366,Hassan,Arasikere,Coconut,Grade-III,FAQ,15000,15000,15000,2023-08-23,2023-08-23,24.3,20.7,29.6,1.4,,,10.3,,1010.1,
367,Hassan,Arasikere,Coconut,Grade-III,FAQ,15000,15000,15000,2020-02-26,2020-02-26,,,,,,,,,,
368,Hassan,Arasikere,Coconut,Grade-III,FAQ,15000,15000,15000,2021-01-27,2021-01-27,22.4,14.4,30.8,0.0,,,6.2,,1012.5,
369,Hassan,Arasikere,Coconut,Grade-III,FAQ,15000,15000,15000,2024-11-27,2024-11-27,23.2,18.3,29.0,0.0,,,10.7,,1010.8,
370,Hassan,Arasikere,Coconut,Grade-III,FAQ,15000,15000,15000,2019-08-28,2019-08-28,,,,,,,,,,
371,Hassan,Arasikere,Coconut,Grade-III,FAQ,15000,15000,15000,2025-01-29,2025-01-29,22.5,15.3,33.0,0.0,,,9.8,,1013.2,
372,Hassan,Arasikere,Coconut,Grade-III,FAQ,15000,15000,15000,2023-08-30,2023-08-30,24.2,21.1,29.6,8.0,,,9.0,,1010.9,
373,Hassan,Arasikere,Coconut,Grade-III,FAQ,15000,15000,15000,2021-01-30,2021-01-30,22.6,14.8,30.7,0.0,,,6.4,,1013.1,
374,Hassan,Arasikere,Coconut,Grade-III,FAQ,15000,15766,15125,2019-09-24,2019-09-24,24.2,19.5,30.4,17.5,,,,,,
375,Hassan,Arasikere,Coconut,Grade-III,FAQ,15000,16000,15000,2020-05-30,2020-05-30,27.6,18.2,35.4,45.0,,,,,,
376,Hassan,Arasikere,Coconut,Grade-III,FAQ,15000,17000,15000,2019-10-23,2019-10-23,24.1,20.1,,15.5,,,,,,
377,Hassan,Arasikere,Coconut,Grade-III,FAQ,15000,18000,15000,2021-02-06,2021-02-06,23.3,15.6,30.6,0.0,,,6.9,,1012.5,
378,Hassan,Arasikere,Coconut,Grade-III,FAQ,15000,18000,15000,2024-06-18,2024-06-18,25.2,22.0,30.0,5.8,,,13.7,,1009.4,
379,Hassan,Arasikere,Coconut,Grade-III,FAQ,15000,18000,16000,2023-09-25,2023-09-25,24.6,21.8,31.3,7.9,,,11.4,,1010.4,
380,Hassan,Arasikere,Coconut,Grade-III,FAQ,15000,18000,18000,2024-07-08,2024-07-08,23.0,21.0,26.0,3.1,,,15.2,,1007.3,
381,Hassan,Arasikere,Coconut,Grade-III,FAQ,15000,18100,16000,2019-09-09,2019-09-09,25.0,21.1,,0.0,,,,,,
382,Hassan,Arasikere,Coconut,Grade-III,FAQ,15000,18500,15700,2023-08-18,2023-08-18,24.5,21.8,28.8,0.2,,,15.1,,1010.8,
383,Hassan,Arasikere,Coconut,Grade-III,FAQ,15000,19000,19000,2024-06-06,2024-06-06,25.1,21.8,30.4,9.5,,,9.4,,1010.6,
384,Hassan,Arasikere,Coconut,Grade-III,FAQ,15000,19900,19900,2025-01-17,2025-01-17,23.8,18.2,31.0,0.0,,,14.0,,1012.9,
385,Hassan,Arasikere,Coconut,Grade-III,FAQ,15000,20000,15000,2024-05-23,2024-05-23,26.2,23.2,31.4,5.1,,,7.0,,1004.2,
386,Hassan,Arasikere,Coconut,Grade-III,FAQ,15000,20000,17000,2021-10-04,2021-10-04,24.3,21.2,29.9,13.5,,,4.7,,1008.7,
387,Hassan,Arasikere,Coconut,Grade-III,FAQ,15000,20000,17000,2019-07-23,2019-07-23,,,,,,,,,,
388,Hassan,Arasikere,Coconut,Grade-III,FAQ,15000,21500,19000,2024-09-12,2024-09-12,23.9,20.6,28.0,0.5,,,14.2,,1010.9,
389,Hassan,Arasikere,Coconut,Grade-III,FAQ,15000,22000,22000,2024-05-06,2024-05-06,28.8,23.1,37.4,0.2,,,13.6,,1008.7,
390,Hassan,Arasikere,Coconut,Grade-III,FAQ,15000,24000,15000,2019-12-04,2019-12-04,22.6,19.1,,0.0,,,,,,
391,Hassan,Arasikere,Coconut,Grade-III,FAQ,15000,25000,15000,2024-04-01,2024-04-01,29.3,22.8,38.3,0.0,,,10.4,,1010.6,
392,Hassan,Arasikere,Coconut,Grade-III,FAQ,15000,25000,16000,2024-04-08,2024-04-08,29.6,22.7,38.0,0.0,,,9.8,,1009.5,
393,Hassan,Arasikere,Coconut,Grade-III,FAQ,15000,25000,16000,2024-04-16,2024-04-16,29.8,22.4,38.8,0.0,,,10.4,,1010.2,
394,Hassan,Arasikere,Coconut,Grade-III,FAQ,15000,25000,20000,2025-01-04,2025-01-04,21.8,14.4,30.0,0.0,,,11.8,,1013.1,
395,Hassan,Arasikere,Coconut,Grade-III,FAQ,15000,25000,25000,2024-12-06,2024-12-06,24.6,19.4,32.0,0.0,,,6.3,,1012.2,
396,Hassan,Arasikere,Coconut,Grade-III,FAQ,15000,26140,26140,2024-12-10,2024-12-10,,,,,,,,,,
397,Hassan,Arasikere,Coconut,Grade-III,FAQ,15000,28000,15000,2024-10-03,2024-10-03,24.5,21.6,30.0,1.9,,,8.5,,1011.7,
398,Hassan,Arasikere,Coconut,Grade-III,FAQ,15000,28000,28000,2025-01-03,2025-01-03,22.3,15.9,30.0,0.0,,,13.4,,1013.9,
399,Hassan,Arasikere,Coconut,Grade-III,FAQ,15000,28000,28000,2024-10-07,2024-10-07,23.8,20.1,31.0,5.0,,,6.2,,1011.3,
400,Hassan,Arasikere,Coconut,Grade-III,FAQ,15000,30000,15000,2024-12-31,2024-12-31,23.9,17.3,32.0,0.0,,,12.8,,1015.2,
401,Hassan,Arasikere,Coconut,Grade-III,FAQ,15000,30000,20000,2024-10-18,2024-10-18,23.6,20.2,28.0,9.7,,,6.6,,1010.1,
402,Hassan,Arasikere,Coconut,Grade-III,FAQ,15000,30000,30000,2025-01-13,2025-01-13,24.3,18.6,32.0,0.0,,,12.3,,1012.3,
403,Hassan,Arasikere,Coconut,Grade-III,FAQ,15000,31000,15000,2024-12-04,2024-12-04,24.3,21.1,30.0,0.0,,,10.8,,1011.2,
404,Hassan,Arasikere,Coconut,Grade-III,FAQ,15000,31000,15000,2024-12-12,2024-12-12,22.3,19.1,26.0,,,,11.3,,1011.9,
405,Hassan,Arasikere,Coconut,Grade-III,FAQ,15000,31000,15000,2024-11-28,2024-11-28,22.3,16.7,29.0,0.0,,,10.1,,1010.8,
406,Hassan,Arasikere,Coconut,Grade-III,FAQ,15000,31000,17000,2024-12-07,2024-12-07,24.1,19.9,30.0,0.9,,,5.0,,1011.9,
407,Hassan,Arasikere,Coconut,Grade-III,FAQ,16000,16000,16000,2021-08-03,2021-08-03,23.0,21.0,26.2,6.3,,,15.6,,1012.3,
408,Hassan,Arasikere,Coconut,Grade-III,FAQ,16000,16000,16000,2022-06-03,2022-06-03,24.9,21.3,31.1,1.1,,,9.0,,1007.9,
409,Hassan,Arasikere,Coconut,Grade-III,FAQ,16000,16000,16000,2021-03-03,2021-03-03,25.8,19.3,32.9,0.0,,,9.0,,1011.7,
410,Hassan,Arasikere,Coconut,Grade-III,FAQ,16000,16000,16000,2019-12-05,2019-12-05,,,,,,,,,,
411,Hassan,Arasikere,Coconut,Grade-III,FAQ,16000,16000,16000,2021-12-07,2021-12-07,22.8,17.3,29.1,0.0,,,4.2,,1012.9,
412,Hassan,Arasikere,Coconut,Grade-III,FAQ,16000,16000,16000,2020-01-09,2020-01-09,,,,,,,,,,
413,Hassan,Arasikere,Coconut,Grade-III,FAQ,16000,16000,16000,2021-09-13,2021-09-13,23.2,21.6,25.9,3.7,,,19.0,,1007.5,
414,Hassan,Arasikere,Coconut,Grade-III,FAQ,16000,16000,16000,2023-09-14,2023-09-14,24.0,22.1,28.1,2.6,,,14.2,,1010.2,
415,Hassan,Arasikere,Coconut,Grade-III,FAQ,16000,16000,16000,2021-11-15,2021-11-15,23.0,20.4,27.5,11.0,,,6.5,,1008.0,
416,Hassan,Arasikere,Coconut,Grade-III,FAQ,16000,16000,16000,2024-11-15,2024-11-15,23.7,20.7,29.0,2.7,,,9.7,,1012.5,
417,Hassan,Arasikere,Coconut,Grade-III,FAQ,16000,16000,16000,2023-06-17,2023-06-17,26.3,22.6,32.0,1.3,,,15.0,,1010.1,
418,Hassan,Arasikere,Coconut,Grade-III,FAQ,16000,16000,16000,2023-05-17,2023-05-17,27.4,21.0,34.9,0.0,,,8.4,,1011.2,
419,Hassan,Arasikere,Coconut,Grade-III,FAQ,16000,16000,16000,2023-10-17,2023-10-17,24.7,20.8,30.2,22.4,,,7.7,,1013.6,
420,Hassan,Arasikere,Coconut,Grade-III,FAQ,16000,16000,16000,2022-09-17,2022-09-17,23.5,21.0,27.8,1.5,,,12.6,,1010.6,
421,Hassan,Arasikere,Coconut,Grade-III,FAQ,16000,16000,16000,2021-02-18,2021-02-18,22.7,19.4,29.8,4.7,,,6.1,,1013.1,
422,Hassan,Arasikere,Coconut,Grade-III,FAQ,16000,16000,16000,2020-02-19,2020-02-19,,,,,,,,,,
423,Hassan,Arasikere,Coconut,Grade-III,FAQ,16000,16000,16000,2023-12-20,2023-12-20,23.6,17.9,30.9,0.0,,,12.9,,1014.2,
424,Hassan,Arasikere,Coconut,Grade-III,FAQ,16000,16000,16000,2020-07-20,2020-07-20,24.1,22.2,31.5,0.5,,,,,,
425,Hassan,Arasikere,Coconut,Grade-III,FAQ,16000,16000,16000,2024-07-23,2024-07-23,22.7,21.4,26.4,3.1,,,18.5,,1010.5,
426,Hassan,Arasikere,Coconut,Grade-III,FAQ,16000,16000,16000,2021-07-26,2021-07-26,23.1,21.3,27.0,2.6,,,14.7,,1010.2,
427,Hassan,Arasikere,Coconut,Grade-III,FAQ,16000,17000,16000,2019-07-20,2019-07-20,,,,,,,,,,
428,Hassan,Arasikere,Coconut,Grade-III,FAQ,16000,17000,17000,2019-09-21,2019-09-21,,,,,,,,,,
429,Hassan,Arasikere,Coconut,Grade-III,FAQ,16000,17500,16300,2023-07-18,2023-07-18,22.9,21.2,26.3,2.7,,,19.6,,1009.3,
430,Hassan,Arasikere,Coconut,Grade-III,FAQ,16000,18000,16345,2023-09-29,2023-09-29,24.2,21.9,29.0,2.5,,,17.8,,1008.8,
431,Hassan,Arasikere,Coconut,Grade-III,FAQ,16000,18000,17000,2023-09-13,2023-09-13,23.8,20.4,28.2,5.9,,,12.5,,1010.3,
432,Hassan,Arasikere,Coconut,Grade-III,FAQ,16000,18500,16850,2023-06-09,2023-06-09,26.4,22.9,32.1,1.7,,,15.6,,1008.8,
433,Hassan,Arasikere,Coconut,Grade-III,FAQ,16000,19000,16500,2023-05-29,2023-05-29,28.2,22.1,36.4,0.3,,,7.9,,1009.9,
434,Hassan,Arasikere,Coconut,Grade-III,FAQ,16000,19000,18000,2022-01-12,2022-01-12,21.3,14.9,30.0,0.0,,,7.0,,1012.9,
435,Hassan,Arasikere,Coconut,Grade-III,FAQ,16000,19000,19000,2024-05-29,2024-05-29,26.3,23.3,31.2,0.0,,,14.1,,1007.1,
436,Hassan,Arasikere,Coconut,Grade-III,FAQ,16000,20000,16000,2024-08-05,2024-08-05,23.9,21.7,29.0,4.5,,,13.4,,1010.9,
437,Hassan,Arasikere,Coconut,Grade-III,FAQ,16000,20000,16700,2023-11-04,2023-11-04,26.0,20.5,32.1,0.3,,,9.2,,1010.6,
438,Hassan,Arasikere,Coconut,Grade-III,FAQ,16000,20000,18000,2024-07-12,2024-07-12,23.9,22.0,27.6,4.0,,,14.9,,1008.4,
439,Hassan,Arasikere,Coconut,Grade-III,FAQ,16000,20000,18000,2022-07-25,2022-07-25,23.0,20.5,26.1,0.9,,,12.0,,1010.0,
440,Hassan,Arasikere,Coconut,Grade-III,FAQ,16000,20000,18000,2022-08-30,2022-08-30,23.5,20.8,28.5,7.5,,,5.5,,1009.2,
441,Hassan,Arasikere,Coconut,Grade-III,FAQ,16000,20500,16773,2023-12-02,2023-12-02,25.9,19.6,33.0,0.0,,,10.9,,1010.7,
442,Hassan,Arasikere,Coconut,Grade-III,FAQ,16000,21000,18000,2022-05-24,2022-05-24,25.7,23.2,30.8,0.7,,,10.1,,1008.9,
443,Hassan,Arasikere,Coconut,Grade-III,FAQ,16000,22000,16000,2024-01-31,2024-01-31,23.4,16.8,32.4,0.0,,,8.0,,1015.1,
444,Hassan,Arasikere,Coconut,Grade-III,FAQ,16000,22000,17000,2023-03-08,2023-03-08,27.2,18.4,35.2,0.0,,,15.1,,1013.1,
445,Hassan,Arasikere,Coconut,Grade-III,FAQ,16000,22000,18000,2024-01-30,2024-01-30,23.7,16.6,31.5,0.0,,,9.0,,1014.0,
446,Hassan,Arasikere,Coconut,Grade-III,FAQ,16500,16500,16500,2022-10-01,2022-10-01,22.1,20.5,25.6,10.1,,,9.0,,1010.6,
447,Hassan,Arasikere,Coconut,Grade-III,FAQ,16500,16500,16500,2024-01-05,2024-01-05,23.9,17.5,31.4,0.0,,,8.6,,1012.5,
448,Hassan,Arasikere,Coconut,Grade-III,FAQ,16500,16500,16500,2022-10-11,2022-10-11,23.1,20.3,28.2,7.1,,,4.8,,1010.6,
449,Hassan,Arasikere,Coconut,Grade-III,FAQ,16500,16500,16500,2019-08-17,2019-08-17,24.1,20.7,28.0,0.5,,,,,,
450,Hassan,Arasikere,Coconut,Grade-III,FAQ,16500,19500,17100,2021-07-27,2021-07-27,23.2,21.3,27.2,2.2,,,19.3,,1009.5,
451,Hassan,Arasikere,Coconut,Grade-III,FAQ,16500,20000,16500,2024-01-01,2024-01-01,24.3,17.5,31.3,0.0,,,8.5,,1013.6,
452,Hassan,Arasikere,Coconut,Grade-III,FAQ,16500,20000,16500,2024-01-17,2024-01-17,23.3,16.3,31.4,0.0,,,7.2,,1011.7,
453,Hassan,Arasikere,Coconut,Grade-III,FAQ,16500,20000,16500,2023-03-18,2023-03-18,25.5,18.8,34.2,0.0,,,10.6,,1010.3,
454,Hassan,Arasikere,Coconut,Grade-III,FAQ,16500,20000,17000,2023-11-16,2023-11-16,24.7,18.7,30.5,0.1,,,7.4,,1013.4,
455,Hassan,Arasikere,Coconut,Grade-III,FAQ,16500,20000,17357,2023-03-13,2023-03-13,27.4,19.6,36.1,0.0,,,11.5,,1011.3,
456,Hassan,Arasikere,Coconut,Grade-III,FAQ,16500,24000,19000,2022-12-12,2022-12-12,21.7,19.8,25.8,32.8,,,10.0,,1009.8,
457,Hassan,Arasikere,Coconut,Grade-III,FAQ,16550,30000,19000,2024-09-26,2024-09-26,24.0,22.0,28.0,0.6,,,13.8,,1008.0,
458,Hassan,Arasikere,Coconut,Grade-III,FAQ,16900,17200,17000,2019-10-05,2019-10-05,25.1,19.1,,13.0,,,,,,
459,Hassan,Arasikere,Coconut,Grade-III,FAQ,17000,17000,17000,2021-02-01,2021-02-01,23.8,17.9,30.3,0.0,,,10.1,,1014.7,
460,Hassan,Arasikere,Coconut,Grade-III,FAQ,17000,17000,17000,2023-07-04,2023-07-04,22.7,21.2,24.9,24.9,,,16.8,,1007.2,
461,Hassan,Arasikere,Coconut,Grade-III,FAQ,17000,17000,17000,2023-06-05,2023-06-05,26.9,23.1,33.6,1.4,,,13.6,,1009.6,
462,Hassan,Arasikere,Coconut,Grade-III,FAQ,17000,17000,17000,2023-07-06,2023-07-06,21.8,21.0,23.6,32.0,,,18.7,,1008.5,
463,Hassan,Arasikere,Coconut,Grade-III,FAQ,17000,17000,17000,2023-07-07,2023-07-07,22.6,20.6,25.6,4.3,,,18.5,,1010.1,
464,Hassan,Arasikere,Coconut,Grade-III,FAQ,17000,17000,17000,2022-10-07,2022-10-07,22.7,19.8,27.7,1.8,,,9.5,,1009.2,
465,Hassan,Arasikere,Coconut,Grade-III,FAQ,17000,17000,17000,2020-06-08,2020-06-08,,,,,,,,,,
466,Hassan,Arasikere,Coconut,Grade-III,FAQ,17000,17000,17000,2024-10-10,2024-10-10,23.6,20.4,30.0,14.2,,,8.4,,1008.7,
467,Hassan,Arasikere,Coconut,Grade-III,FAQ,17000,17000,17000,2021-07-12,2021-07-12,22.6,21.2,25.8,23.0,,,15.9,,1006.4,
468,Hassan,Arasikere,Coconut,Grade-III,FAQ,17000,17000,17000,2023-07-12,2023-07-12,24.0,21.4,28.3,1.3,,,12.8,,1009.5,
469,Hassan,Arasikere,Coconut,Grade-III,FAQ,17000,17000,17000,2021-07-13,2021-07-13,22.0,21.2,23.1,33.9,,,17.3,,1007.4,
470,Hassan,Arasikere,Coconut,Grade-III,FAQ,17000,17000,17000,2021-12-14,2021-12-14,23.0,19.7,27.6,0.4,,,10.1,,1013.4,
471,Hassan,Arasikere,Coconut,Grade-III,FAQ,17000,17000,17000,2023-07-14,2023-07-14,23.2,21.4,26.5,1.0,,,15.7,,1011.4,
472,Hassan,Arasikere,Coconut,Grade-III,FAQ,17000,17000,17000,2021-09-14,2021-09-14,23.4,21.6,26.5,2.2,,,15.4,,1008.2,
473,Hassan,Arasikere,Coconut,Grade-III,FAQ,17000,17000,17000,2021-02-16,2021-02-16,23.9,17.6,32.0,0.0,,,7.5,,1011.9,
474,Hassan,Arasikere,Coconut,Grade-III,FAQ,17000,17000,17000,2022-06-17,2022-06-17,23.9,21.4,29.6,14.6,,,8.3,,1008.3,
475,Hassan,Arasikere,Coconut,Grade-III,FAQ,17000,17000,17000,2022-03-17,2022-03-17,27.5,20.0,37.0,0.0,,,9.5,,1008.4,
476,Hassan,Arasikere,Coconut,Grade-III,FAQ,17000,17000,17000,2022-11-17,2022-11-17,22.6,15.7,29.1,0.0,,,7.3,,1012.5,
477,Hassan,Arasikere,Coconut,Grade-III,FAQ,17000,17000,17000,2023-04-18,2023-04-18,28.8,21.3,38.4,0.0,,,11.1,,1010.4,
478,Hassan,Arasikere,Coconut,Grade-III,FAQ,17000,17000,17000,2021-03-18,2021-03-18,26.0,19.8,33.9,0.0,,,5.1,,1011.0,
479,Hassan,Arasikere,Coconut,Grade-III,FAQ,17000,17000,17000,2024-07-19,2024-07-19,22.2,21.5,24.0,41.3,,,19.8,,1006.8,
480,Hassan,Arasikere,Coconut,Grade-III,FAQ,17000,17000,17000,2022-08-20,2022-08-20,23.6,20.6,28.3,0.5,,,11.9,,1010.2,
481,Hassan,Arasikere,Coconut,Grade-III,FAQ,17000,17000,17000,2023-06-20,2023-06-20,25.0,22.9,31.2,10.2,,,12.1,,1008.2,
482,Hassan,Arasikere,Coconut,Grade-III,FAQ,17000,17000,17000,2022-04-21,2022-04-21,28.0,21.5,35.3,0.0,,,5.7,,1007.9,
483,Hassan,Arasikere,Coconut,Grade-III,FAQ,17000,17000,17000,2023-06-21,2023-06-21,25.3,22.8,31.4,3.5,,,11.5,,1008.4,
484,Hassan,Arasikere,Coconut,Grade-III,FAQ,17000,17000,17000,2024-05-22,2024-05-22,26.2,22.4,32.0,4.4,,,8.7,,1004.9,
485,Hassan,Arasikere,Coconut,Grade-III,FAQ,17000,17000,17000,2019-10-22,2019-10-22,23.2,20.0,28.5,16.3,,,,,,
486,Hassan,Arasikere,Coconut,Grade-III,FAQ,17000,17000,17000,2021-09-27,2021-09-27,22.6,20.7,26.2,3.6,,,11.9,,1007.0,
487,Hassan,Arasikere,Coconut,Grade-III,FAQ,17000,17000,17000,2022-06-28,2022-06-28,23.3,20.9,27.2,0.6,,,14.3,,1008.9,
488,Hassan,Arasikere,Coconut,Grade-III,FAQ,17000,17000,17000,2020-02-29,2020-02-29,,,,,,,,,,
489,Hassan,Arasikere,Coconut,Grade-III,FAQ,17000,17000,17000,2023-06-30,2023-06-30,23.9,21.4,28.5,4.1,,,16.1,,1011.2,
490,Hassan,Arasikere,Coconut,Grade-III,FAQ,17000,17000,17000,2023-03-31,2023-03-31,26.4,18.7,35.1,0.0,,,10.8,,1010.4,
491,Hassan,Arasikere,Coconut,Grade-III,FAQ,17000,17600,17300,2019-07-12,2019-07-12,25.3,19.8,,0.5,,,,,,
492,Hassan,Arasikere,Coconut,Grade-III,FAQ,17000,18000,17000,2020-02-27,2020-02-27,,,,,,,,,,
493,Hassan,Arasikere,Coconut,Grade-III,FAQ,17000,18000,17180,2023-09-20,2023-09-20,24.4,21.8,30.4,1.9,,,12.5,,1011.3,
494,Hassan,Arasikere,Coconut,Grade-III,FAQ,17000,19000,18000,2022-09-01,2022-09-01,23.4,20.6,28.8,20.8,,,4.8,,1008.4,
495,Hassan,Arasikere,Coconut,Grade-III,FAQ,17000,19000,18000,2022-09-03,2022-09-03,24.0,20.7,29.3,5.1,,,4.1,,1009.5,
496,Hassan,Arasikere,Coconut,Grade-III,FAQ,17000,19000,18000,2022-08-19,2022-08-19,24.1,21.4,28.5,0.1,,,11.7,,1010.3,
497,Hassan,Arasikere,Coconut,Grade-III,FAQ,17000,19500,18000,2022-11-07,2022-11-07,23.2,18.0,29.3,0.0,,,8.7,,1014.3,
498,Hassan,Arasikere,Coconut,Grade-III,FAQ,17000,20000,17000,2024-09-13,2024-09-13,23.7,21.2,28.1,0.2,,,12.3,,1010.8,
499,Hassan,Arasikere,Coconut,Grade-III,FAQ,17000,20000,17000,2024-05-15,2024-05-15,27.6,22.5,34.7,2.7,,,7.7,,1010.0,
500,Hassan,Arasikere,Coconut,Grade-III,FAQ,17000,20000,17000,2024-07-16,2024-07-16,22.8,21.4,25.0,31.9,,,20.6,,1006.1,
501,Hassan,Arasikere,Coconut,Grade-III,FAQ,17000,20000,19000,2022-05-09,2022-05-09,25.8,23.1,31.0,0.5,,,10.9,,1005.8,
502,Hassan,Arasikere,Coconut,Grade-III,FAQ,17000,20500,18000,2022-07-30,2022-07-30,23.4,20.1,29.3,12.4,,,4.2,,1008.9,
503,Hassan,Arasikere,Coconut,Grade-III,FAQ,17000,21000,18000,2024-09-03,2024-09-03,25.1,21.5,29.4,2.0,,,,,,
504,Hassan,Arasikere,Coconut,Grade-III,FAQ,17000,21000,18000,2024-08-27,2024-08-27,22.8,21.4,25.0,0.8,,,15.2,,1011.3,
505,Hassan,Arasikere,Coconut,Grade-III,FAQ,17000,22000,20000,2022-04-25,2022-04-25,27.4,22.7,35.7,0.0,,,7.3,,1008.7,
506,Hassan,Arasikere,Coconut,Grade-III,FAQ,17000,25000,17000,2024-02-26,2024-02-26,27.6,20.3,35.6,0.0,,,10.0,,1011.1,
507,Hassan,Arasikere,Coconut,Grade-III,FAQ,17000,26000,17000,2025-01-28,2025-01-28,22.0,14.9,31.0,0.0,,,7.1,,1011.9,
508,Hassan,Arasikere,Coconut,Grade-III,FAQ,17200,18000,18000,2020-09-02,2020-09-02,24.4,21.6,29.4,3.3,,,,,,
509,Hassan,Arasikere,Coconut,Grade-III,FAQ,17200,23000,17200,2024-09-18,2024-09-18,23.6,20.0,30.0,0.0,,,10.0,,1009.6,
510,Hassan,Arasikere,Coconut,Grade-III,FAQ,17300,17600,17417,2019-07-16,2019-07-16,,,,,,,,,,
511,Hassan,Arasikere,Coconut,Grade-III,FAQ,17300,17600,17600,2019-08-08,2019-08-08,23.6,21.0,,0.3,,,,,,
512,Hassan,Arasikere,Coconut,Grade-III,FAQ,17400,17600,17600,2019-07-09,2019-07-09,24.4,21.7,29.6,0.3,,,,,,
513,Hassan,Arasikere,Coconut,Grade-III,FAQ,17400,18000,17600,2019-07-02,2019-07-02,24.4,21.6,30.1,1.0,,,,,,
514,Hassan,Arasikere,Coconut,Grade-III,FAQ,17500,17500,17500,2021-09-01,2021-09-01,23.5,20.8,26.9,0.9,,,10.5,,1009.9,
515,Hassan,Arasikere,Coconut,Grade-III,FAQ,17500,17500,17500,2023-08-02,2023-08-02,23.8,21.9,27.5,1.3,,,19.1,,1011.4,
516,Hassan,Arasikere,Coconut,Grade-III,FAQ,17500,17500,17500,2023-05-02,2023-05-02,26.7,20.7,33.6,0.0,,,8.5,,1009.1,
517,Hassan,Arasikere,Coconut,Grade-III,FAQ,17500,17500,17500,2023-08-03,2023-08-03,23.5,21.9,26.2,0.7,,,19.4,,1011.2,
518,Hassan,Arasikere,Coconut,Grade-III,FAQ,17500,17500,17500,2023-05-04,2023-05-04,26.4,20.5,34.5,0.0,,,9.2,,1009.8,
519,Hassan,Arasikere,Coconut,Grade-III,FAQ,17500,17500,17500,2020-02-12,2020-02-12,,,,,,,,,,
520,Hassan,Arasikere,Coconut,Grade-III,FAQ,17500,17500,17500,2023-06-14,2023-06-14,26.4,23.0,31.7,1.0,,,16.4,,1010.6,
521,Hassan,Arasikere,Coconut,Grade-III,FAQ,17500,17500,17500,2023-06-19,2023-06-19,26.0,22.6,32.0,4.2,,,14.1,,1008.5,
522,Hassan,Arasikere,Coconut,Grade-III,FAQ,17500,17500,17500,2023-04-26,2023-04-26,26.6,22.4,32.0,1.4,,,7.2,,1010.2,
523,Hassan,Arasikere,Coconut,Grade-III,FAQ,17500,17500,17500,2023-06-27,2023-06-27,24.4,21.9,29.0,1.0,,,13.8,,1009.7,
524,Hassan,Arasikere,Coconut,Grade-III,FAQ,17500,17500,17500,2021-06-28,2021-06-28,23.6,21.0,26.9,2.8,,,9.6,,1010.0,
525,Hassan,Arasikere,Coconut,Grade-III,FAQ,17500,17500,17500,2023-04-29,2023-04-29,26.3,22.2,33.6,13.7,,,7.1,,1010.2,
526,Hassan,Arasikere,Coconut,Grade-III,FAQ,17500,19000,17500,2024-06-24,2024-06-24,23.7,21.6,27.3,6.7,,,17.4,,1005.0,
527,Hassan,Arasikere,Coconut,Grade-III,FAQ,17500,23000,17500,2024-02-13,2024-02-13,25.4,17.2,34.7,0.0,,,9.2,,1015.0,
528,Hassan,Arasikere,Coconut,Grade-III,FAQ,17500,25000,17500,2024-03-08,2024-03-08,27.4,19.0,36.8,0.0,,,8.7,,1011.9,
529,Hassan,Arasikere,Coconut,Grade-III,FAQ,17900,18100,18000,2020-08-25,2020-08-25,,,,,,,,,,
530,Hassan,Arasikere,Coconut,Grade-III,FAQ,17900,18400,18000,2019-09-11,2019-09-11,25.4,20.7,,0.0,,,,,,
531,Hassan,Arasikere,Coconut,Grade-III,FAQ,18000,18000,18000,2020-06-02,2020-06-02,26.5,22.0,32.0,3.8,,,,,,
532,Hassan,Arasikere,Coconut,Grade-III,FAQ,18000,18000,18000,2021-12-04,2021-12-04,22.5,19.8,27.1,1.3,,,3.7,,1013.4,
533,Hassan,Arasikere,Coconut,Grade-III,FAQ,18000,18000,18000,2021-05-04,2021-05-04,25.5,21.6,30.8,8.3,,,5.5,,1010.1,
534,Hassan,Arasikere,Coconut,Grade-III,FAQ,18000,18000,18000,2022-01-06,2022-01-06,22.7,15.3,30.4,0.0,,,6.5,,1013.4,
535,Hassan,Arasikere,Coconut,Grade-III,FAQ,18000,18000,18000,2021-07-06,2021-07-06,24.4,21.5,31.4,9.0,,,6.6,,1007.8,
536,Hassan,Arasikere,Coconut,Grade-III,FAQ,18000,18000,18000,2023-09-06,2023-09-06,24.3,21.5,29.1,1.6,,,13.2,,1008.4,
537,Hassan,Arasikere,Coconut,Grade-III,FAQ,18000,18000,18000,2020-07-08,2020-07-08,,,,,,,,,,
538,Hassan,Arasikere,Coconut,Grade-III,FAQ,18000,18000,18000,2023-05-08,2023-05-08,26.6,22.2,34.6,17.3,,,8.6,,1009.0,
539,Hassan,Arasikere,Coconut,Grade-III,FAQ,18000,18000,18000,2023-09-08,2023-09-08,23.7,21.1,28.0,1.2,,,15.8,,1010.2,
540,Hassan,Arasikere,Coconut,Grade-III,FAQ,18000,18000,18000,2023-08-09,2023-08-09,24.2,21.4,28.3,3.6,,,11.1,,1012.5,
541,Hassan,Arasikere,Coconut,Grade-III,FAQ,18000,18000,18000,2021-07-09,2021-07-09,23.2,21.7,26.7,11.1,,,11.3,,1007.1,
542,Hassan,Arasikere,Coconut,Grade-III,FAQ,18000,18000,18000,2023-08-10,2023-08-10,24.3,21.2,29.2,1.1,,,10.4,,1012.8,
543,Hassan,Arasikere,Coconut,Grade-III,FAQ,18000,18000,18000,2020-06-10,2020-06-10,,,,,,,,,,
544,Hassan,Arasikere,Coconut,Grade-III,FAQ,18000,18000,18000,2023-08-11,2023-08-11,24.2,20.4,29.4,0.9,,,9.6,,1012.2,
545,Hassan,Arasikere,Coconut,Grade-III,FAQ,18000,18000,18000,2021-11-11,2021-11-11,20.5,18.6,22.9,1.9,,,4.4,,1009.9,
546,Hassan,Arasikere,Coconut,Grade-III,FAQ,18000,18000,18000,2021-10-13,2021-10-13,22.6,20.2,25.8,7.8,,,6.0,,1008.0,
547,Hassan,Arasikere,Coconut,Grade-III,FAQ,18000,18000,18000,2022-11-15,2022-11-15,24.0,19.6,29.8,0.9,,,7.2,,1013.7,
548,Hassan,Arasikere,Coconut,Grade-III,FAQ,18000,18000,18000,2023-09-15,2023-09-15,24.0,22.0,28.5,4.0,,,15.7,,1010.1,
549,Hassan,Arasikere,Coconut,Grade-III,FAQ,18000,18000,18000,2020-06-16,2020-06-16,,,,,,,,,,
550,Hassan,Arasikere,Coconut,Grade-III,FAQ,18000,18000,18000,2023-05-16,2023-05-16,27.2,22.0,34.3,0.0,,,11.1,,1011.3,
551,Hassan,Arasikere,Coconut,Grade-III,FAQ,18000,18000,18000,2022-11-16,2022-11-16,24.5,19.7,30.1,0.0,,,7.0,,1012.6,
552,Hassan,Arasikere,Coconut,Grade-III,FAQ,18000,18000,18000,2021-10-16,2021-10-16,24.1,20.6,29.4,0.0,,,5.1,,1004.2,
553,Hassan,Arasikere,Coconut,Grade-III,FAQ,18000,18000,18000,2023-09-16,2023-09-16,24.1,21.9,27.2,1.6,,,16.2,,1010.6,
554,Hassan,Arasikere,Coconut,Grade-III,FAQ,18000,18000,18000,2020-12-17,2020-12-17,,,,,,,,,,
555,Hassan,Arasikere,Coconut,Grade-III,FAQ,18000,18000,18000,2023-01-17,2023-01-17,23.1,15.2,32.7,0.0,,,8.9,,1013.0,
556,Hassan,Arasikere,Coconut,Grade-III,FAQ,18000,18000,18000,2020-06-17,2020-06-17,24.5,21.2,,1.8,,,,,,
557,Hassan,Arasikere,Coconut,Grade-III,FAQ,18000,18000,18000,2023-01-18,2023-01-18,23.1,15.6,32.4,0.0,,,10.2,,1014.2,
558,Hassan,Arasikere,Coconut,Grade-III,FAQ,18000,18000,18000,2021-09-18,2021-09-18,23.9,20.7,29.0,0.6,,,6.4,,1010.7,
559,Hassan,Arasikere,Coconut,Grade-III,FAQ,18000,18000,18000,2021-06-19,2021-06-19,22.3,20.9,25.7,12.2,,,15.5,,1012.4,
560,Hassan,Arasikere,Coconut,Grade-III,FAQ,18000,18000,18000,2024-06-19,2024-06-19,24.8,22.4,29.0,1.4,,,14.0,,1008.3,
561,Hassan,Arasikere,Coconut,Grade-III,FAQ,18000,18000,18000,2023-09-19,2023-09-19,24.4,21.6,29.4,3.5,,,13.1,,1011.3,
562,Hassan,Arasikere,Coconut,Grade-III,FAQ,18000,18000,18000,2023-04-20,2023-04-20,28.0,22.0,37.4,0.0,,,11.2,,1007.6,
563,Hassan,Arasikere,Coconut,Grade-III,FAQ,18000,18000,18000,2024-04-20,2024-04-20,26.4,23.9,32.7,14.0,,,6.2,,1009.5,
564,Hassan,Arasikere,Coconut,Grade-III,FAQ,18000,18000,18000,2021-01-20,2021-01-20,22.6,15.8,30.2,0.0,,,6.2,,1013.3,
565,Hassan,Arasikere,Coconut,Grade-III,FAQ,18000,18000,18000,2022-12-21,2022-12-21,21.5,14.7,29.5,0.0,,,8.8,,1011.7,
566,Hassan,Arasikere,Coconut,Grade-III,FAQ,18000,18000,18000,2023-09-21,2023-09-21,24.4,21.6,30.2,6.6,,,9.9,,1011.5,
567,Hassan,Arasikere,Coconut,Grade-III,FAQ,18000,18000,18000,2023-01-23,2023-01-23,24.0,16.6,32.4,0.6,,,11.9,,1011.7,
568,Hassan,Arasikere,Coconut,Grade-III,FAQ,18000,18000,18000,2020-06-23,2020-06-23,,,,,,,,,,
569,Hassan,Arasikere,Coconut,Grade-III,FAQ,18000,18000,18000,2023-04-24,2023-04-24,27.3,19.3,36.6,0.0,,,9.3,,1008.4,
570,Hassan,Arasikere,Coconut,Grade-III,FAQ,18000,18000,18000,2022-11-24,2022-11-24,23.4,19.8,29.6,7.8,,,6.7,,1012.0,
571,Hassan,Arasikere,Coconut,Grade-III,FAQ,18000,18000,18000,2021-08-25,2021-08-25,23.6,21.0,27.7,3.3,,,8.4,,1009.3,
572,Hassan,Arasikere,Coconut,Grade-III,FAQ,18000,18000,18000,2023-01-25,2023-01-25,24.0,19.2,31.9,1.3,,,7.7,,1012.0,
573,Hassan,Arasikere,Coconut,Grade-III,FAQ,18000,18000,18000,2020-06-25,2020-06-25,26.3,21.4,32.4,2.3,,,,,,
574,Hassan,Arasikere,Coconut,Grade-III,FAQ,18000,18000,18000,2022-11-25,2022-11-25,23.7,19.7,29.3,0.4,,,7.7,,1012.4,
575,Hassan,Arasikere,Coconut,Grade-III,FAQ,18000,18000,18000,2023-01-27,2023-01-27,23.4,16.9,31.9,0.0,,,10.2,,1012.3,
576,Hassan,Arasikere,Coconut,Grade-III,FAQ,18000,18000,18000,2021-10-27,2021-10-27,23.0,18.5,28.6,0.0,,,8.3,,1011.7,
577,Hassan,Arasikere,Coconut,Grade-III,FAQ,18000,18000,18000,2020-10-28,2020-10-28,,,,,,,,,,
578,Hassan,Arasikere,Coconut,Grade-III,FAQ,18000,18000,18000,2021-10-28,2021-10-28,22.6,16.1,28.0,0.0,,,6.6,,1012.0,
579,Hassan,Arasikere,Coconut,Grade-III,FAQ,18000,18000,18000,2023-03-29,2023-03-29,27.4,20.2,35.8,0.0,,,11.0,,1011.2,
580,Hassan,Arasikere,Coconut,Grade-III,FAQ,18000,18000,18000,2021-09-29,2021-09-29,23.4,21.0,28.0,0.9,,,12.8,,1009.7,
581,Hassan,Arasikere,Coconut,Grade-III,FAQ,18000,18000,18000,2019-10-31,2019-10-31,,,,,,,,,,
582,Hassan,Arasikere,Coconut,Grade-III,FAQ,18000,18200,18000,2020-08-27,2020-08-27,,,,,,,,,,
583,Hassan,Arasikere,Coconut,Grade-III,FAQ,18000,19000,18000,2023-04-05,2023-04-05,27.1,19.0,36.5,0.0,,,9.4,,1010.4,
584,Hassan,Arasikere,Coconut,Grade-III,FAQ,18000,19000,18500,2021-08-10,2021-08-10,23.9,21.5,28.2,3.1,,,10.4,,1011.3,
585,Hassan,Arasikere,Coconut,Grade-III,FAQ,18000,19000,18500,2020-11-25,2020-11-25,,,,,,,,,,
586,Hassan,Arasikere,Coconut,Grade-III,FAQ,18000,19700,19000,2020-10-13,2020-10-13,,,,,,,,,,
587,Hassan,Arasikere,Coconut,Grade-III,FAQ,18000,20000,19000,2022-05-16,2022-05-16,25.8,22.7,32.2,13.1,,,7.3,,1007.1,
588,Hassan,Arasikere,Coconut,Grade-III,FAQ,18000,20000,19000,2024-06-25,2024-06-25,24.1,22.3,28.0,6.9,,,20.4,,1004.9,
589,Hassan,Arasikere,Coconut,Grade-III,FAQ,18000,20000,20000,2024-05-02,2024-05-02,30.8,24.1,40.1,0.0,,,10.5,,1007.1,
590,Hassan,Arasikere,Coconut,Grade-III,FAQ,18000,20000,20000,2024-12-21,2024-12-21,22.1,17.8,29.0,0.0,,,6.1,,1011.7,
591,Hassan,Arasikere,Coconut,Grade-III,FAQ,18000,21000,18000,2024-08-26,2024-08-26,23.3,21.2,28.0,1.4,,,18.7,,1010.2,
592,Hassan,Arasikere,Coconut,Grade-III,FAQ,18000,21500,18000,2024-08-20,2024-08-20,24.4,21.6,30.1,12.1,,,7.2,,1007.2,
593,Hassan,Arasikere,Coconut,Grade-III,FAQ,18000,21500,21500,2024-08-12,2024-08-12,24.7,20.8,30.0,0.0,,,9.4,,1008.1,
594,Hassan,Arasikere,Coconut,Grade-III,FAQ,18000,22000,20000,2022-04-11,2022-04-11,28.2,22.8,35.7,0.0,,,7.9,,1008.5,
595,Hassan,Arasikere,Coconut,Grade-III,FAQ,18000,23000,19000,2022-11-21,2022-11-21,22.6,15.6,29.3,0.0,,,5.7,,1011.2,
596,Hassan,Arasikere,Coconut,Grade-III,FAQ,18000,24000,20000,2024-04-04,2024-04-04,29.6,21.5,39.9,0.0,,,9.3,,1010.3,
597,Hassan,Arasikere,Coconut,Grade-III,FAQ,18000,25000,18000,2024-06-11,2024-06-11,23.9,21.6,29.1,7.7,,,15.6,,1009.8,
598,Hassan,Arasikere,Coconut,Grade-III,FAQ,18000,25000,19000,2024-07-30,2024-07-30,22.7,21.2,25.0,8.8,,,14.8,,1008.6,
599,Hassan,Arasikere,Coconut,Grade-III,FAQ,18000,25000,22000,2024-04-17,2024-04-17,29.4,22.8,37.9,0.0,,,10.7,,1010.2,
600,Hassan,Arasikere,Coconut,Grade-III,FAQ,18150,35000,35000,2025-02-19,2025-02-19,25.4,18.2,35.0,0.0,,,7.0,,1012.7,
601,Hassan,Arasikere,Coconut,Grade-III,FAQ,18300,20000,19000,2019-09-04,2019-09-04,23.0,20.2,26.7,1.3,,,,,,
602,Hassan,Arasikere,Coconut,Grade-III,FAQ,18500,18500,18500,2023-02-02,2023-02-02,24.5,17.5,31.3,0.0,,,14.9,,1011.9,
603,Hassan,Arasikere,Coconut,Grade-III,FAQ,18500,18500,18500,2023-10-03,2023-10-03,23.7,19.6,29.1,1.0,,,10.2,,1012.0,
604,Hassan,Arasikere,Coconut,Grade-III,FAQ,18500,18500,18500,2023-06-06,2023-06-06,27.0,23.0,33.5,1.0,,,13.8,,1009.5,
605,Hassan,Arasikere,Coconut,Grade-III,FAQ,18500,18500,18500,2023-02-07,2023-02-07,24.9,18.8,32.9,0.0,,,6.9,,1011.9,
606,Hassan,Arasikere,Coconut,Grade-III,FAQ,18500,18500,18500,2020-01-07,2020-01-07,,,,,,,,,,
607,Hassan,Arasikere,Coconut,Grade-III,FAQ,18500,18500,18500,2023-06-07,2023-06-07,26.7,22.9,33.3,2.9,,,15.1,,1009.4,
608,Hassan,Arasikere,Coconut,Grade-III,FAQ,18500,18500,18500,2023-02-09,2023-02-09,26.2,18.3,33.7,0.0,,,11.2,,1012.1,
609,Hassan,Arasikere,Coconut,Grade-III,FAQ,18500,18500,18500,2023-01-09,2023-01-09,21.6,14.1,29.9,0.0,,,8.6,,1016.4,
610,Hassan,Arasikere,Coconut,Grade-III,FAQ,18500,18500,18500,2023-06-12,2023-06-12,26.1,22.3,31.9,0.3,,,16.5,,1008.0,
611,Hassan,Arasikere,Coconut,Grade-III,FAQ,18500,18500,18500,2021-05-15,2021-05-15,23.8,22.1,26.2,20.5,,,17.7,,1001.7,
612,Hassan,Arasikere,Coconut,Grade-III,FAQ,18500,18500,18500,2023-05-15,2023-05-15,26.6,21.9,33.6,0.0,,,12.8,,1010.6,
613,Hassan,Arasikere,Coconut,Grade-III,FAQ,18500,18500,18500,2021-05-18,2021-05-18,24.8,21.9,30.2,3.3,,,10.8,,1008.5,
614,Hassan,Arasikere,Coconut,Grade-III,FAQ,18500,18500,18500,2024-08-19,2024-08-19,24.7,22.5,29.0,12.8,,,6.3,,1007.6,
615,Hassan,Arasikere,Coconut,Grade-III,FAQ,18500,18500,18500,2022-10-19,2022-10-19,22.8,19.2,28.1,13.3,,,3.8,,1012.2,
616,Hassan,Arasikere,Coconut,Grade-III,FAQ,18500,18500,18500,2023-08-22,2023-08-22,24.5,20.6,30.0,0.2,,,9.3,,1009.8,
617,Hassan,Arasikere,Coconut,Grade-III,FAQ,18500,18500,18500,2023-08-24,2023-08-24,23.8,19.5,30.0,0.1,,,10.7,,1010.1,
618,Hassan,Arasikere,Coconut,Grade-III,FAQ,18500,18500,18500,2023-08-25,2023-08-25,24.3,21.1,28.7,1.0,,,12.4,,1010.3,
619,Hassan,Arasikere,Coconut,Grade-III,FAQ,18500,18500,18500,2023-08-29,2023-08-29,24.5,20.9,30.1,0.9,,,11.2,,1010.7,
620,Hassan,Arasikere,Coconut,Grade-III,FAQ,18500,18500,18500,2022-12-29,2022-12-29,25.7,19.3,31.7,0.0,,,8.1,,1016.0,
621,Hassan,Arasikere,Coconut,Grade-III,FAQ,18500,18500,18500,2022-11-29,2022-11-29,24.3,19.2,30.5,0.0,,,5.8,,1011.5,
622,Hassan,Arasikere,Coconut,Grade-III,FAQ,18500,18500,18500,2023-01-31,2023-01-31,24.4,17.8,30.8,0.0,,,11.1,,1012.2,
623,Hassan,Arasikere,Coconut,Grade-III,FAQ,18500,23000,19000,2024-02-19,2024-02-19,26.5,19.3,34.4,0.0,,,8.8,,1012.9,
624,Hassan,Arasikere,Coconut,Grade-III,FAQ,18500,24000,19000,2024-03-12,2024-03-12,28.8,22.7,37.6,0.0,,,10.9,,1013.5,
625,Hassan,Arasikere,Coconut,Grade-III,FAQ,18500,30000,18500,2024-07-24,2024-07-24,22.8,21.4,26.0,3.5,,,20.4,,1008.6,
626,Hassan,Arasikere,Coconut,Grade-III,FAQ,18900,18900,18900,2019-07-26,2019-07-26,,,,,,,,,,
627,Hassan,Arasikere,Coconut,Grade-III,FAQ,18900,19100,19000,2019-10-16,2019-10-16,,,,,,,,,,
628,Hassan,Arasikere,Coconut,Grade-III,FAQ,18900,19100,19000,2020-09-16,2020-09-16,23.9,20.9,29.1,1.5,,,,,,
629,Hassan,Arasikere,Coconut,Grade-III,FAQ,18900,19100,19000,2019-09-18,2019-09-18,,,,,,,,,,
630,Hassan,Arasikere,Coconut,Grade-III,FAQ,18900,19200,19000,2019-10-30,2019-10-30,,,,,,,,,,
631,Hassan,Arasikere,Coconut,Grade-III,FAQ,18900,20000,20000,2020-09-18,2020-09-18,24.1,21.5,29.0,0.5,,,,,,
632,Hassan,Arasikere,Coconut,Grade-III,FAQ,19000,19000,19000,2024-02-01,2024-02-01,23.3,14.6,32.5,0.0,,,8.1,,1015.8,
633,Hassan,Arasikere,Coconut,Grade-III,FAQ,19000,19000,19000,2023-06-01,2023-06-01,26.3,23.4,32.7,0.6,,,10.8,,1010.4,
634,Hassan,Arasikere,Coconut,Grade-III,FAQ,19000,19000,19000,2022-02-02,2022-02-02,24.5,17.1,33.3,0.0,,,4.9,,1011.5,
635,Hassan,Arasikere,Coconut,Grade-III,FAQ,19000,19000,19000,2021-01-02,2021-01-02,23.1,16.7,29.2,0.0,,,10.8,,1013.0,
636,Hassan,Arasikere,Coconut,Grade-III,FAQ,19000,19000,19000,2023-06-02,2023-06-02,27.3,23.3,33.3,0.0,,,10.6,,1010.5,
637,Hassan,Arasikere,Coconut,Grade-III,FAQ,19000,19000,19000,2022-09-02,2022-09-02,23.9,19.8,29.4,4.4,,,5.6,,1009.0,
638,Hassan,Arasikere,Coconut,Grade-III,FAQ,19000,19000,19000,2022-07-04,2022-07-04,21.9,21.1,23.2,20.6,,,16.8,,1007.6,
639,Hassan,Arasikere,Coconut,Grade-III,FAQ,19000,19000,19000,2024-07-04,2024-07-04,23.3,21.9,26.0,0.2,,,14.2,,1009.9,
640,Hassan,Arasikere,Coconut,Grade-III,FAQ,19000,19000,19000,2021-06-04,2021-06-04,24.1,22.0,30.0,28.7,,,6.9,,1010.4,
641,Hassan,Arasikere,Coconut,Grade-III,FAQ,19000,19000,19000,2024-06-04,2024-06-04,25.6,22.8,30.9,3.9,,,9.1,,1009.8,
642,Hassan,Arasikere,Coconut,Grade-III,FAQ,19000,19000,19000,2022-11-04,2022-11-04,23.9,18.8,28.9,0.9,,,8.7,,1012.8,
643,Hassan,Arasikere,Coconut,Grade-III,FAQ,19000,19000,19000,2021-04-05,2021-04-05,27.9,21.8,35.8,0.0,,,7.5,,1010.2,
644,Hassan,Arasikere,Coconut,Grade-III,FAQ,19000,19000,19000,2020-12-05,2020-12-05,,,,,,,,,,
645,Hassan,Arasikere,Coconut,Grade-III,FAQ,19000,19000,19000,2023-01-05,2023-01-05,22.9,16.9,29.5,0.0,,,10.2,,1015.5,
646,Hassan,Arasikere,Coconut,Grade-III,FAQ,19000,19000,19000,2022-07-05,2022-07-05,22.1,21.4,23.0,70.6,,,18.5,,1006.4,
647,Hassan,Arasikere,Coconut,Grade-III,FAQ,19000,19000,19000,2023-10-05,2023-10-05,24.1,20.8,29.9,4.4,,,8.0,,1012.0,
648,Hassan,Arasikere,Coconut,Grade-III,FAQ,19000,19000,19000,2022-07-06,2022-07-06,22.5,21.1,25.9,17.3,,,15.3,,1007.5,
649,Hassan,Arasikere,Coconut,Grade-III,FAQ,19000,19000,19000,2024-07-06,2024-07-06,23.1,21.6,25.0,2.4,,,19.7,,1007.2,
650,Hassan,Arasikere,Coconut,Grade-III,FAQ,19000,19000,19000,2021-11-06,2021-11-06,22.8,19.1,28.4,2.6,,,7.6,,1010.8,
651,Hassan,Arasikere,Coconut,Grade-III,FAQ,19000,19000,19000,2023-10-06,2023-10-06,24.4,21.9,30.2,10.9,,,8.2,,1011.0,
652,Hassan,Arasikere,Coconut,Grade-III,FAQ,19000,19000,19000,2022-09-06,2022-09-06,23.2,20.8,27.7,16.2,,,5.2,,1008.5,
653,Hassan,Arasikere,Coconut,Grade-III,FAQ,19000,19000,19000,2022-09-08,2022-09-08,22.6,20.8,25.6,7.0,,,12.7,,1008.3,
654,Hassan,Arasikere,Coconut,Grade-III,FAQ,19000,19000,19000,2022-10-10,2022-10-10,23.0,20.8,27.1,7.5,,,3.6,,1011.4,
655,Hassan,Arasikere,Coconut,Grade-III,FAQ,19000,19000,19000,2022-07-11,2022-07-11,21.2,20.0,23.2,11.0,,,15.3,,1010.3,
656,Hassan,Arasikere,Coconut,Grade-III,FAQ,19000,19000,19000,2023-10-11,2023-10-11,25.8,22.3,32.2,0.8,,,7.4,,1012.7,
657,Hassan,Arasikere,Coconut,Grade-III,FAQ,19000,19000,19000,2021-11-12,2021-11-12,20.8,18.5,24.1,3.6,,,7.5,,1009.2,
658,Hassan,Arasikere,Coconut,Grade-III,FAQ,19000,19000,19000,2022-09-12,2022-09-12,22.9,21.3,26.3,2.2,,,19.9,,1007.6,
659,Hassan,Arasikere,Coconut,Grade-III,FAQ,19000,19000,19000,2024-05-13,2024-05-13,27.9,23.8,35.5,3.5,,,8.9,,1009.4,
660,Hassan,Arasikere,Coconut,Grade-III,FAQ,19000,19000,19000,2023-10-13,2023-10-13,26.5,20.5,33.7,0.0,,,8.7,,1013.5,
661,Hassan,Arasikere,Coconut,Grade-III,FAQ,19000,19000,19000,2022-09-13,2022-09-13,23.2,21.1,27.0,1.3,,,17.7,,1009.2,
662,Hassan,Arasikere,Coconut,Grade-III,FAQ,19000,19000,19000,2022-12-14,2022-12-14,22.6,18.0,27.7,0.0,,,9.9,,1012.4,
663,Hassan,Arasikere,Coconut,Grade-III,FAQ,19000,19000,19000,2023-02-14,2023-02-14,25.6,17.4,33.8,0.0,,,11.0,,1013.7,
664,Hassan,Arasikere,Coconut,Grade-III,FAQ,19000,19000,19000,2022-07-14,2022-07-14,21.8,20.6,23.8,18.4,,,21.9,,1005.8,
665,Hassan,Arasikere,Coconut,Grade-III,FAQ,19000,19000,19000,2024-06-14,2024-06-14,24.6,21.9,28.0,0.4,,,14.4,,1009.6,
666,Hassan,Arasikere,Coconut,Grade-III,FAQ,19000,19000,19000,2022-11-14,2022-11-14,24.2,19.6,29.1,0.5,,,8.9,,1013.3,
667,Hassan,Arasikere,Coconut,Grade-III,FAQ,19000,19000,19000,2022-09-14,2022-09-14,23.4,20.8,27.5,0.5,,,15.2,,1011.6,
668,Hassan,Arasikere,Coconut,Grade-III,FAQ,19000,19000,19000,2022-06-15,2022-06-15,24.5,21.3,29.4,1.8,,,9.1,,1008.7,
669,Hassan,Arasikere,Coconut,Grade-III,FAQ,19000,19000,19000,2022-10-15,2022-10-15,23.2,19.2,28.5,7.2,,,4.9,,1009.7,
670,Hassan,Arasikere,Coconut,Grade-III,FAQ,19000,19000,19000,2022-06-16,2022-06-16,24.2,21.4,29.7,5.9,,,9.5,,1008.9,
671,Hassan,Arasikere,Coconut,Grade-III,FAQ,19000,19000,19000,2022-07-18,2022-07-18,22.5,20.8,25.8,3.5,,,13.6,,1009.3,
672,Hassan,Arasikere,Coconut,Grade-III,FAQ,19000,19000,19000,2022-02-19,2022-02-19,25.6,18.8,33.3,0.0,,,8.8,,1011.1,
673,Hassan,Arasikere,Coconut,Grade-III,FAQ,19000,19000,19000,2023-10-19,2023-10-19,26.2,21.3,32.7,0.0,,,9.1,,1013.3,
674,Hassan,Arasikere,Coconut,Grade-III,FAQ,19000,19000,19000,2021-04-20,2021-04-20,25.8,22.5,32.0,0.0,,,7.3,,1010.7,
675,Hassan,Arasikere,Coconut,Grade-III,FAQ,19000,19000,19000,2024-07-20,2024-07-20,22.4,20.9,25.0,11.1,,,20.3,,1007.5,
676,Hassan,Arasikere,Coconut,Grade-III,FAQ,19000,19000,19000,2024-05-20,2024-05-20,25.0,22.8,29.9,3.5,,,5.6,,1006.6,
677,Hassan,Arasikere,Coconut,Grade-III,FAQ,19000,19000,19000,2023-02-21,2023-02-21,25.4,16.5,34.7,0.0,,,9.3,,1013.3,
678,Hassan,Arasikere,Coconut,Grade-III,FAQ,19000,19000,19000,2023-10-21,2023-10-21,26.1,20.6,33.0,0.0,,,9.0,,1013.5,
679,Hassan,Arasikere,Coconut,Grade-III,FAQ,19000,19000,19000,2021-12-22,2021-12-22,21.1,14.1,29.1,0.0,,,5.6,,1014.3,
680,Hassan,Arasikere,Coconut,Grade-III,FAQ,19000,19000,19000,2022-02-22,2022-02-22,25.2,16.6,34.6,0.0,,,7.0,,1011.0,
681,Hassan,Arasikere,Coconut,Grade-III,FAQ,19000,19000,19000,2020-11-23,2020-11-23,,,,,,,,,,
682,Hassan,Arasikere,Coconut,Grade-III,FAQ,19000,19000,19000,2022-08-24,2022-08-24,22.3,20.9,26.3,9.0,,,10.0,,1011.2,
683,Hassan,Arasikere,Coconut,Grade-III,FAQ,19000,19000,19000,2022-06-24,2022-06-24,23.3,21.3,26.6,2.2,,,14.9,,1008.3,
684,Hassan,Arasikere,Coconut,Grade-III,FAQ,19000,19000,19000,2023-05-24,2023-05-24,27.1,23.3,34.4,0.2,,,10.8,,1012.4,
685,Hassan,Arasikere,Coconut,Grade-III,FAQ,19000,19000,19000,2023-05-25,2023-05-25,26.6,23.3,33.3,2.3,,,12.3,,1013.2,
686,Hassan,Arasikere,Coconut,Grade-III,FAQ,19000,19000,19000,2022-12-26,2022-12-26,24.7,20.0,30.3,0.2,,,10.0,,1013.3,
687,Hassan,Arasikere,Coconut,Grade-III,FAQ,19000,19000,19000,2024-06-26,2024-06-26,23.1,21.7,26.0,6.8,,,20.4,,1005.4,
688,Hassan,Arasikere,Coconut,Grade-III,FAQ,19000,19000,19000,2023-10-26,2023-10-26,24.9,17.2,32.6,0.0,,,9.7,,1013.7,
689,Hassan,Arasikere,Coconut,Grade-III,FAQ,19000,19000,19000,2023-02-27,2023-02-27,26.2,19.7,34.3,0.0,,,16.1,,1015.6,
690,Hassan,Arasikere,Coconut,Grade-III,FAQ,19000,19000,19000,2024-05-27,2024-05-27,25.6,22.9,30.0,0.1,,,14.5,,1007.2,
691,Hassan,Arasikere,Coconut,Grade-III,FAQ,19000,19000,19000,2022-10-27,2022-10-27,21.2,14.7,28.2,0.0,,,5.4,,1013.4,
692,Hassan,Arasikere,Coconut,Grade-III,FAQ,19000,19000,19000,2022-12-28,2022-12-28,25.4,19.4,31.8,0.0,,,8.4,,1015.4,
693,Hassan,Arasikere,Coconut,Grade-III,FAQ,19000,19000,19000,2023-02-28,2023-02-28,25.2,16.7,33.7,0.0,,,14.0,,1015.4,
694,Hassan,Arasikere,Coconut,Grade-III,FAQ,19000,19000,19000,2024-05-28,2024-05-28,26.2,22.9,30.7,0.0,,,14.8,,1007.3,
695,Hassan,Arasikere,Coconut,Grade-III,FAQ,19000,19000,19000,2022-08-29,2022-08-29,23.1,20.9,27.3,14.2,,,5.1,,1009.5,
696,Hassan,Arasikere,Coconut,Grade-III,FAQ,19000,19000,19000,2022-06-29,2022-06-29,23.4,21.1,27.0,1.4,,,14.8,,1007.7,
697,Hassan,Arasikere,Coconut,Grade-III,FAQ,19000,19000,19000,2021-05-29,2021-05-29,24.1,21.7,28.1,2.2,,,10.9,,1010.7,
698,Hassan,Arasikere,Coconut,Grade-III,FAQ,19000,19000,19000,2022-06-30,2022-06-30,22.8,20.9,26.5,6.9,,,14.0,,1007.6,
699,Hassan,Arasikere,Coconut,Grade-III,FAQ,19000,19000,19000,2023-05-30,2023-05-30,27.2,21.8,33.7,0.2,,,7.7,,1010.8,
700,Hassan,Arasikere,Coconut,Grade-III,FAQ,19000,19000,19000,2023-10-30,2023-10-30,24.9,20.4,31.2,1.3,,,8.2,,1012.5,
701,Hassan,Arasikere,Coconut,Grade-III,FAQ,19000,19610,19000,2025-01-23,2025-01-23,24.1,17.9,33.0,0.0,,,10.3,,1011.0,
702,Hassan,Arasikere,Coconut,Grade-III,FAQ,19000,20000,19500,2022-04-04,2022-04-04,28.3,22.3,36.8,0.0,,,8.0,,1011.0,
703,Hassan,Arasikere,Coconut,Grade-III,FAQ,19000,20000,19500,2022-06-13,2022-06-13,24.2,21.2,28.6,0.7,,,12.7,,1010.0,
704,Hassan,Arasikere,Coconut,Grade-III,FAQ,19000,20000,20000,2024-05-31,2024-05-31,27.2,24.0,33.1,0.6,,,11.6,,1008.3,
705,Hassan,Arasikere,Coconut,Grade-III,FAQ,19000,21500,19000,2024-09-09,2024-09-09,23.6,21.5,27.0,1.5,,,15.2,,1009.0,
706,Hassan,Arasikere,Coconut,Grade-III,FAQ,19000,23000,19000,2024-09-20,2024-09-20,24.1,19.9,30.0,0.6,,,10.6,,1009.7,
707,Hassan,Arasikere,Coconut,Grade-III,FAQ,19000,25000,20000,2025-02-10,2025-02-10,24.9,17.7,33.0,0.0,,,10.1,,1013.7,
708,Hassan,Arasikere,Coconut,Grade-III,FAQ,19000,29000,19000,2025-01-30,2025-01-30,23.1,15.6,33.0,0.0,,,6.9,,1012.1,
709,Hassan,Arasikere,Coconut,Grade-III,FAQ,19000,30000,23000,2025-01-27,2025-01-27,22.5,14.1,32.0,0.0,,,9.2,,1011.6,
710,Hassan,Arasikere,Coconut,Grade-III,FAQ,19000,31000,19000,2024-12-05,2024-12-05,23.4,19.9,30.0,10.9,,,7.7,,1012.3,
711,Hassan,Arasikere,Coconut,Grade-III,FAQ,19275,19275,19275,2021-10-05,2021-10-05,24.1,20.6,31.0,5.6,,,5.6,,1008.7,
712,Hassan,Arasikere,Coconut,Grade-III,FAQ,19500,19500,19500,2023-11-02,2023-11-02,26.1,20.7,33.0,0.0,,,9.2,,1012.2,
713,Hassan,Arasikere,Coconut,Grade-III,FAQ,19500,19500,19500,2023-04-03,2023-04-03,26.3,17.9,35.7,0.0,,,8.8,,1009.6,
714,Hassan,Arasikere,Coconut,Grade-III,FAQ,19500,19500,19500,2022-10-03,2022-10-03,23.3,19.7,28.3,0.7,,,8.1,,1010.1,
715,Hassan,Arasikere,Coconut,Grade-III,FAQ,19500,19500,19500,2021-08-05,2021-08-05,23.1,21.1,25.6,4.1,,,16.5,,1010.9,
716,Hassan,Arasikere,Coconut,Grade-III,FAQ,19500,19500,19500,2022-05-06,2022-05-06,25.3,22.6,33.6,3.8,,,6.9,,1009.1,
717,Hassan,Arasikere,Coconut,Grade-III,FAQ,19500,19500,19500,2022-10-06,2022-10-06,22.5,20.8,26.4,6.4,,,10.4,,1008.7,
718,Hassan,Arasikere,Coconut,Grade-III,FAQ,19500,19500,19500,2022-12-09,2022-12-09,21.4,17.0,28.7,4.0,,,8.3,,1010.0,
719,Hassan,Arasikere,Coconut,Grade-III,FAQ,19500,19500,19500,2021-08-12,2021-08-12,23.2,21.4,26.7,4.8,,,9.9,,1012.0,
720,Hassan,Arasikere,Coconut,Grade-III,FAQ,19500,19500,19500,2021-11-18,2021-11-18,22.2,19.6,27.0,4.8,,,4.0,,1010.2,
721,Hassan,Arasikere,Coconut,Grade-III,FAQ,19500,19500,19500,2022-12-19,2022-12-19,21.3,16.5,27.5,0.0,,,9.4,,1011.5,
722,Hassan,Arasikere,Coconut,Grade-III,FAQ,19500,19500,19500,2022-09-28,2022-09-28,23.7,19.9,29.2,0.0,,,8.4,,1009.1,
723,Hassan,Arasikere,Coconut,Grade-III,FAQ,19500,20000,19500,2024-12-24,2024-12-24,23.5,18.8,31.0,0.1,,,6.5,,1012.2,
724,Hassan,Arasikere,Coconut,Grade-III,FAQ,19500,31000,25000,2025-01-09,2025-01-09,21.6,14.9,30.0,0.0,,,11.1,,1013.5,
725,Hassan,Arasikere,Coconut,Grade-III,FAQ,19700,19700,19700,2022-05-05,2022-05-05,26.7,23.3,34.2,2.4,,,7.9,,1009.1,
726,Hassan,Arasikere,Coconut,Grade-III,FAQ,19750,38170,19750,2024-11-26,2024-11-26,22.7,15.9,29.0,0.0,,,8.9,,1011.7,
727,Hassan,Arasikere,Coconut,Grade-III,FAQ,19800,19800,19800,2024-06-03,2024-06-03,25.5,22.9,31.4,18.2,,,7.4,,1009.3,
728,Hassan,Arasikere,Coconut,Grade-III,FAQ,19800,19800,19800,2023-11-18,2023-11-18,25.1,19.3,31.0,0.0,,,7.6,,1012.9,
729,Hassan,Arasikere,Coconut,Grade-III,FAQ,19800,20000,19800,2025-01-24,2025-01-24,23.4,15.5,33.0,0.0,,,10.0,,1011.2,
730,Hassan,Arasikere,Coconut,Grade-III,FAQ,19800,20000,20000,2019-07-30,2019-07-30,,,,,,,,,,
731,Hassan,Arasikere,Coconut,Grade-III,FAQ,19900,19900,19900,2025-02-28,2025-02-28,25.9,19.4,34.0,0.0,,,11.2,,1012.8,
732,Hassan,Arasikere,Coconut,Grade-III,FAQ,19900,20100,20000,2020-07-07,2020-07-07,,,,,,,,,,
733,Hassan,Arasikere,Coconut,Grade-III,FAQ,19900,20100,20000,2020-07-09,2020-07-09,,,,,,,,,,
734,Hassan,Arasikere,Coconut,Grade-III,FAQ,19900,32000,19900,2025-01-15,2025-01-15,24.1,19.3,30.0,0.0,,,13.2,,1014.6,
735,Hassan,Arasikere,Coconut,Grade-III,FAQ,19900,33000,19900,2025-02-11,2025-02-11,24.6,17.4,34.0,0.0,,,10.8,,1013.7,
736,Hassan,Arasikere,Coconut,Grade-III,FAQ,19950,19950,19950,2024-01-06,2024-01-06,24.5,20.0,31.3,3.7,,,8.6,,1012.9,
737,Hassan,Arasikere,Coconut,Grade-III,FAQ,19950,20000,20000,2024-10-05,2024-10-05,24.3,21.3,29.0,3.6,,,5.0,,1011.4,
738,Hassan,Arasikere,Coconut,Grade-III,FAQ,19950,25000,25000,2024-10-30,2024-10-30,23.8,20.2,30.0,0.3,,,5.2,,1011.9,
739,Hassan,Arasikere,Coconut,Grade-III,FAQ,19950,26000,19950,2024-10-14,2024-10-14,23.4,20.6,27.0,3.6,,,4.6,,1010.9,
740,Hassan,Arasikere,Coconut,Grade-III,FAQ,20000,20000,20000,2023-12-01,2023-12-01,25.4,20.0,31.7,0.6,,,9.2,,1012.1,
741,Hassan,Arasikere,Coconut,Grade-III,FAQ,20000,20000,20000,2025-01-01,2025-01-01,24.1,16.7,30.0,0.0,,,14.2,,1014.0,
742,Hassan,Arasikere,Coconut,Grade-III,FAQ,20000,20000,20000,2024-07-01,2024-07-01,23.8,22.0,26.5,1.0,,,17.4,,1009.5,
743,Hassan,Arasikere,Coconut,Grade-III,FAQ,20000,20000,20000,2024-10-01,2024-10-01,25.0,20.7,32.0,1.3,,,5.9,,1010.0,
744,Hassan,Arasikere,Coconut,Grade-III,FAQ,20000,20000,20000,2022-08-02,2022-08-02,22.5,20.7,26.2,25.7,,,5.8,,1006.6,
745,Hassan,Arasikere,Coconut,Grade-III,FAQ,20000,20000,20000,2024-01-02,2024-01-02,24.6,20.3,29.9,0.0,,,7.4,,1012.7,
746,Hassan,Arasikere,Coconut,Grade-III,FAQ,20000,20000,20000,2021-05-03,2021-05-03,26.2,22.6,31.7,0.1,,,5.2,,1009.6,
747,Hassan,Arasikere,Coconut,Grade-III,FAQ,20000,20000,20000,2023-11-03,2023-11-03,26.5,21.0,33.3,0.7,,,9.6,,1010.6,
748,Hassan,Arasikere,Coconut,Grade-III,FAQ,20000,20000,20000,2024-09-04,2024-09-04,25.3,21.6,28.9,0.5,,,20.0,,1009.8,
749,Hassan,Arasikere,Coconut,Grade-III,FAQ,20000,20000,20000,2024-04-05,2024-04-05,29.7,21.8,39.1,0.0,,,9.9,,1009.8,
750,Hassan,Arasikere,Coconut,Grade-III,FAQ,20000,20000,20000,2022-08-05,2022-08-05,21.9,21.2,23.4,72.1,,,19.6,,1006.6,
751,Hassan,Arasikere,Coconut,Grade-III,FAQ,20000,20000,20000,2019-08-06,2019-08-06,22.5,20.3,24.2,10.4,,,,,,
752,Hassan,Arasikere,Coconut,Grade-III,FAQ,20000,20000,20000,2022-06-06,2022-06-06,24.8,21.8,28.7,9.3,,,6.9,,1008.0,
753,Hassan,Arasikere,Coconut,Grade-III,FAQ,20000,20000,20000,2022-03-07,2022-03-07,26.7,19.2,34.0,0.0,,,9.8,,1011.0,
754,Hassan,Arasikere,Coconut,Grade-III,FAQ,20000,20000,20000,2022-12-08,2022-12-08,22.8,16.0,28.9,0.0,,,8.0,,1011.1,
755,Hassan,Arasikere,Coconut,Grade-III,FAQ,20000,20000,20000,2023-11-08,2023-11-08,23.6,20.5,28.5,9.4,,,5.4,,1013.7,
756,Hassan,Arasikere,Coconut,Grade-III,FAQ,20000,20000,20000,2021-11-09,2021-11-09,22.1,18.9,25.7,0.0,,,6.9,,1012.2,
757,Hassan,Arasikere,Coconut,Grade-III,FAQ,20000,20000,20000,2023-11-09,2023-11-09,23.6,20.4,28.8,9.1,,,9.6,,1014.0,
758,Hassan,Arasikere,Coconut,Grade-III,FAQ,20000,20000,20000,2022-09-09,2022-09-09,23.0,21.0,25.7,2.2,,,14.7,,1007.7,
759,Hassan,Arasikere,Coconut,Grade-III,FAQ,20000,20000,20000,2024-01-10,2024-01-10,24.2,19.6,30.0,0.0,,,12.6,,1013.5,
760,Hassan,Arasikere,Coconut,Grade-III,FAQ,20000,20000,20000,2025-01-10,2025-01-10,22.1,17.1,29.0,0.0,,,11.2,,1014.4,
761,Hassan,Arasikere,Coconut,Grade-III,FAQ,20000,20000,20000,2023-03-10,2023-03-10,26.7,18.5,34.8,0.0,,,14.4,,1012.7,
762,Hassan,Arasikere,Coconut,Grade-III,FAQ,20000,20000,20000,2023-11-10,2023-11-10,24.5,20.2,29.6,0.2,,,10.6,,1014.6,
763,Hassan,Arasikere,Coconut,Grade-III,FAQ,20000,20000,20000,2022-05-11,2022-05-11,23.3,22.2,24.5,9.4,,,15.2,,1007.1,
764,Hassan,Arasikere,Coconut,Grade-III,FAQ,20000,20000,20000,2024-01-12,2024-01-12,23.9,17.7,31.9,0.0,,,13.9,,1013.6,
765,Hassan,Arasikere,Coconut,Grade-III,FAQ,20000,20000,20000,2022-05-12,2022-05-12,23.7,22.0,26.6,1.8,,,14.6,,1007.4,
766,Hassan,Arasikere,Coconut,Grade-III,FAQ,20000,20000,20000,2021-01-13,2021-01-13,22.2,15.6,29.1,0.0,,,11.4,,1012.0,
767,Hassan,Arasikere,Coconut,Grade-III,FAQ,20000,20000,20000,2023-03-14,2023-03-14,26.8,19.4,34.9,0.0,,,14.8,,1010.5,
768,Hassan,Arasikere,Coconut,Grade-III,FAQ,20000,20000,20000,2020-10-14,2020-10-14,,,,,,,,,,
769,Hassan,Arasikere,Coconut,Grade-III,FAQ,20000,20000,20000,2021-03-15,2021-03-15,25.1,17.2,33.3,0.0,,,5.9,,1011.3,
770,Hassan,Arasikere,Coconut,Grade-III,FAQ,20000,20000,20000,2022-08-16,2022-08-16,23.2,19.2,27.9,0.7,,,9.5,,1010.4,
771,Hassan,Arasikere,Coconut,Grade-III,FAQ,20000,20000,20000,2020-12-16,2020-12-16,,,,,,,,,,
772,Hassan,Arasikere,Coconut,Grade-III,FAQ,20000,20000,20000,2024-01-16,2024-01-16,23.6,16.9,31.3,0.0,,,7.3,,1012.2,
773,Hassan,Arasikere,Coconut,Grade-III,FAQ,20000,20000,20000,2022-03-16,2022-03-16,27.3,19.6,35.9,0.0,,,8.7,,1008.9,
774,Hassan,Arasikere,Coconut,Grade-III,FAQ,20000,20000,20000,2023-03-16,2023-03-16,26.1,21.1,32.9,0.2,,,7.9,,1011.0,
775,Hassan,Arasikere,Coconut,Grade-III,FAQ,20000,20000,20000,2022-08-17,2022-08-17,23.4,19.5,28.5,0.5,,,9.7,,1010.8,
776,Hassan,Arasikere,Coconut,Grade-III,FAQ,20000,20000,20000,2021-03-17,2021-03-17,26.2,19.8,34.3,0.0,,,6.7,,1010.4,
777,Hassan,Arasikere,Coconut,Grade-III,FAQ,20000,20000,20000,2022-05-17,2022-05-17,24.0,21.3,29.0,14.1,,,6.2,,1006.2,
778,Hassan,Arasikere,Coconut,Grade-III,FAQ,20000,20000,20000,2021-08-18,2021-08-18,22.0,21.1,24.1,6.9,,,11.9,,1009.7,
779,Hassan,Arasikere,Coconut,Grade-III,FAQ,20000,20000,20000,2024-01-18,2024-01-18,23.4,17.8,29.8,0.0,,,7.4,,1012.8,
780,Hassan,Arasikere,Coconut,Grade-III,FAQ,20000,20000,20000,2022-05-18,2022-05-18,22.5,21.4,23.8,44.2,,,5.6,,1006.2,
781,Hassan,Arasikere,Coconut,Grade-III,FAQ,20000,20000,20000,2024-05-18,2024-05-18,26.1,22.2,32.3,9.7,,,6.2,,1007.9,
782,Hassan,Arasikere,Coconut,Grade-III,FAQ,20000,20000,20000,2022-06-20,2022-06-20,23.5,21.3,28.4,8.0,,,12.2,,1008.4,
783,Hassan,Arasikere,Coconut,Grade-III,FAQ,20000,20000,20000,2022-09-20,2022-09-20,22.3,19.5,27.7,5.3,,,10.0,,1010.9,
784,Hassan,Arasikere,Coconut,Grade-III,FAQ,20000,20000,20000,2023-07-21,2023-07-21,22.9,20.9,26.4,4.5,,,21.1,,1009.2,
785,Hassan,Arasikere,Coconut,Grade-III,FAQ,20000,20000,20000,2022-06-21,2022-06-21,22.9,21.0,25.5,2.7,,,14.0,,1007.2,
786,Hassan,Arasikere,Coconut,Grade-III,FAQ,20000,20000,20000,2023-03-21,2023-03-21,24.4,15.9,33.4,0.0,,,9.4,,1010.1,
787,Hassan,Arasikere,Coconut,Grade-III,FAQ,20000,20000,20000,2022-08-22,2022-08-22,23.1,21.0,26.3,2.6,,,13.9,,1009.0,
788,Hassan,Arasikere,Coconut,Grade-III,FAQ,20000,20000,20000,2022-12-22,2022-12-22,21.5,14.3,29.3,0.0,,,9.1,,1011.5,
789,Hassan,Arasikere,Coconut,Grade-III,FAQ,20000,20000,20000,2022-06-22,2022-06-22,22.6,20.9,26.4,6.8,,,13.6,,1008.0,
790,Hassan,Arasikere,Coconut,Grade-III,FAQ,20000,20000,20000,2021-03-22,2021-03-22,26.8,20.5,34.5,0.0,,,6.7,,1010.7,
791,Hassan,Arasikere,Coconut,Grade-III,FAQ,20000,20000,20000,2023-11-22,2023-11-22,26.0,20.8,31.8,0.0,,,9.7,,1011.7,
792,Hassan,Arasikere,Coconut,Grade-III,FAQ,20000,20000,20000,2022-12-23,2022-12-23,21.7,14.6,29.8,0.0,,,9.1,,1011.4,
793,Hassan,Arasikere,Coconut,Grade-III,FAQ,20000,20000,20000,2022-09-23,2022-09-23,22.2,18.8,27.0,1.5,,,11.0,,1012.0,
794,Hassan,Arasikere,Coconut,Grade-III,FAQ,20000,20000,20000,2021-08-24,2021-08-24,24.0,20.8,28.9,4.0,,,7.0,,1010.1,
795,Hassan,Arasikere,Coconut,Grade-III,FAQ,20000,20000,20000,2022-08-25,2022-08-25,22.9,20.6,26.7,5.9,,,8.2,,1009.9,
796,Hassan,Arasikere,Coconut,Grade-III,FAQ,20000,20000,20000,2021-11-25,2021-11-25,23.4,20.0,28.1,0.0,,,10.7,,1011.8,
797,Hassan,Arasikere,Coconut,Grade-III,FAQ,20000,20000,20000,2021-04-26,2021-04-26,26.7,22.5,33.0,0.3,,,6.3,,1010.2,
798,Hassan,Arasikere,Coconut,Grade-III,FAQ,20000,20000,20000,2021-12-27,2021-12-27,22.4,15.8,30.7,0.0,,,7.7,,1014.8,
799,Hassan,Arasikere,Coconut,Grade-III,FAQ,20000,20000,20000,2023-12-27,2023-12-27,23.6,16.1,31.9,0.0,,,14.4,,1015.8,
800,Hassan,Arasikere,Coconut,Grade-III,FAQ,20000,20000,20000,2022-07-27,2022-07-27,23.4,20.6,28.9,13.5,,,7.5,,1010.0,
801,Hassan,Arasikere,Coconut,Grade-III,FAQ,20000,20000,20000,2022-06-27,2022-06-27,23.1,20.8,27.2,0.4,,,16.4,,1008.7,
802,Hassan,Arasikere,Coconut,Grade-III,FAQ,20000,20000,20000,2023-11-27,2023-11-27,24.8,19.2,30.9,0.5,,,11.6,,1012.2,
803,Hassan,Arasikere,Coconut,Grade-III,FAQ,20000,20000,20000,2024-08-29,2024-08-29,25.0,21.1,,2.3,,,,,,
804,Hassan,Arasikere,Coconut,Grade-III,FAQ,20000,20000,20000,2022-07-29,2022-07-29,24.4,20.9,29.2,4.1,,,4.4,,1009.3,
805,Hassan,Arasikere,Coconut,Grade-III,FAQ,20000,20000,20000,2023-11-29,2023-11-29,25.5,19.5,32.2,0.0,,,10.7,,1011.4,
806,Hassan,Arasikere,Coconut,Grade-III,FAQ,20000,20000,20000,2021-08-30,2021-08-30,22.5,20.4,26.2,1.3,,,11.5,,1008.0,
807,Hassan,Arasikere,Coconut,Grade-III,FAQ,20000,20000,20000,2022-12-30,2022-12-30,24.7,18.3,32.0,0.0,,,8.5,,1017.4,
808,Hassan,Arasikere,Coconut,Grade-III,FAQ,20000,20000,20000,2022-03-31,2022-03-31,27.8,22.3,36.3,0.0,,,9.0,,1010.5,
809,Hassan,Arasikere,Coconut,Grade-III,FAQ,20000,20100,20000,2020-10-16,2020-10-16,23.0,19.1,,0.0,,,,,,
810,Hassan,Arasikere,Coconut,Grade-III,FAQ,20000,21000,20500,2022-05-21,2022-05-21,22.6,18.7,26.6,0.3,,,11.1,,1009.4,
811,Hassan,Arasikere,Coconut,Grade-III,FAQ,20000,24000,22000,2024-11-12,2024-11-12,24.7,19.8,29.0,0.0,,,8.9,,1011.1,
812,Hassan,Arasikere,Coconut,Grade-III,FAQ,20000,25000,20000,2024-04-06,2024-04-06,30.1,21.9,41.1,0.0,,,11.3,,1008.6,
813,Hassan,Arasikere,Coconut,Grade-III,FAQ,20000,25000,20000,2024-04-18,2024-04-18,29.6,23.2,38.7,0.0,,,9.6,,1009.4,
814,Hassan,Arasikere,Coconut,Grade-III,FAQ,20000,25000,22000,2024-03-21,2024-03-21,28.1,21.5,36.6,0.0,,,11.3,,1010.7,
815,Hassan,Arasikere,Coconut,Grade-III,FAQ,20000,30000,25000,2024-11-14,2024-11-14,24.3,21.1,30.0,14.8,,,10.4,,1011.8,
816,Hassan,Arasikere,Coconut,Grade-III,FAQ,20000,35000,35000,2025-02-14,2025-02-14,24.5,16.4,34.0,0.0,,,7.0,,1013.1,
817,Hassan,Arasikere,Coconut,Grade-III,FAQ,20339,20339,20339,2024-06-01,2024-06-01,26.8,23.8,32.6,6.6,,,11.3,,1008.6,
818,Hassan,Arasikere,Coconut,Grade-III,FAQ,20500,20500,20500,2023-12-05,2023-12-05,24.9,19.4,31.6,0.0,,,8.3,,1009.2,
819,Hassan,Arasikere,Coconut,Grade-III,FAQ,20500,20500,20500,2022-06-07,2022-06-07,24.2,21.3,29.4,3.2,,,9.0,,1008.7,
820,Hassan,Arasikere,Coconut,Grade-III,FAQ,20500,20500,20500,2023-12-12,2023-12-12,24.8,19.4,31.0,0.0,,,9.2,,1011.8,
821,Hassan,Arasikere,Coconut,Grade-III,FAQ,20500,20500,20500,2023-12-13,2023-12-13,23.6,17.3,30.3,0.0,,,11.3,,1012.3,
822,Hassan,Arasikere,Coconut,Grade-III,FAQ,20500,20500,20500,2024-01-20,2024-01-20,24.2,17.8,31.4,0.0,,,7.8,,1013.8,
823,Hassan,Arasikere,Coconut,Grade-III,FAQ,20500,20500,20500,2024-01-22,2024-01-22,24.2,17.1,31.8,0.0,,,7.2,,1014.6,
824,Hassan,Arasikere,Coconut,Grade-III,FAQ,20500,20500,20500,2024-07-25,2024-07-25,22.6,21.5,24.0,25.2,,,20.9,,1007.2,
825,Hassan,Arasikere,Coconut,Grade-III,FAQ,20500,20500,20500,2023-12-26,2023-12-26,23.5,15.8,31.8,0.0,,,12.9,,1015.6,
826,Hassan,Arasikere,Coconut,Grade-III,FAQ,20500,21000,20500,2022-08-04,2022-08-04,22.8,20.9,26.3,30.5,,,6.6,,1005.7,
827,Hassan,Arasikere,Coconut,Grade-III,FAQ,20900,22100,22000,2020-04-28,2020-04-28,,,,,,,,,,
828,Hassan,Arasikere,Coconut,Grade-III,FAQ,21000,21000,21000,2022-08-01,2022-08-01,23.3,21.6,26.7,26.6,,,6.7,,1007.4,
829,Hassan,Arasikere,Coconut,Grade-III,FAQ,21000,21000,21000,2023-12-04,2023-12-04,25.0,19.3,30.8,0.0,,,11.3,,1009.8,
830,Hassan,Arasikere,Coconut,Grade-III,FAQ,21000,21000,21000,2023-12-07,2023-12-07,24.3,18.0,31.6,0.0,,,6.8,,1011.4,
831,Hassan,Arasikere,Coconut,Grade-III,FAQ,21000,21000,21000,2023-12-08,2023-12-08,25.5,19.9,32.1,0.3,,,6.1,,1011.9,
832,Hassan,Arasikere,Coconut,Grade-III,FAQ,21000,21000,21000,2022-08-10,2022-08-10,22.1,20.6,25.0,11.6,,,22.7,,1005.6,
833,Hassan,Arasikere,Coconut,Grade-III,FAQ,21000,21000,21000,2023-12-11,2023-12-11,25.6,20.5,30.5,0.0,,,9.5,,1012.5,
834,Hassan,Arasikere,Coconut,Grade-III,FAQ,21000,21000,21000,2022-08-12,2022-08-12,23.1,20.9,26.7,2.1,,,19.4,,1008.7,
835,Hassan,Arasikere,Coconut,Grade-III,FAQ,21000,21000,21000,2022-04-18,2022-04-18,23.9,20.5,30.7,8.2,,,6.1,,1011.7,
836,Hassan,Arasikere,Coconut,Grade-III,FAQ,21000,21000,21000,2024-01-23,2024-01-23,23.8,16.9,31.9,0.0,,,7.1,,1014.2,
837,Hassan,Arasikere,Coconut,Grade-III,FAQ,21000,21000,21000,2023-03-23,2023-03-23,26.7,18.3,36.5,0.0,,,10.0,,1010.1,
838,Hassan,Arasikere,Coconut,Grade-III,FAQ,21000,21000,21000,2024-01-24,2024-01-24,23.0,15.7,31.9,0.0,,,8.5,,1014.0,
839,Hassan,Arasikere,Coconut,Grade-III,FAQ,21000,21000,21000,2023-03-24,2023-03-24,26.5,18.5,35.5,0.0,,,8.2,,1010.0,
840,Hassan,Arasikere,Coconut,Grade-III,FAQ,21000,21000,21000,2024-01-25,2024-01-25,22.9,15.6,31.9,0.0,,,7.9,,1014.8,
841,Hassan,Arasikere,Coconut,Grade-III,FAQ,21000,21000,21000,2023-03-27,2023-03-27,27.0,19.1,36.6,0.0,,,9.9,,1010.7,
842,Hassan,Arasikere,Coconut,Grade-III,FAQ,21000,21000,21000,2023-03-28,2023-03-28,27.3,18.7,37.5,0.0,,,8.7,,1010.0,
843,Hassan,Arasikere,Coconut,Grade-III,FAQ,21000,21000,21000,2022-04-29,2022-04-29,28.1,22.0,34.8,0.0,,,9.4,,1010.0,
844,Hassan,Arasikere,Coconut,Grade-III,FAQ,21000,21000,21000,2023-03-30,2023-03-30,27.1,19.7,36.9,0.0,,,10.6,,1010.5,
845,Hassan,Arasikere,Coconut,Grade-III,FAQ,21000,21500,21000,2024-08-13,2024-08-13,24.4,21.7,29.0,7.0,,,6.7,,1008.5,
846,Hassan,Arasikere,Coconut,Grade-III,FAQ,21000,22000,21000,2019-10-19,2019-10-19,24.6,20.1,28.9,46.5,,,,,,
847,Hassan,Arasikere,Coconut,Grade-III,FAQ,21000,22000,22000,2024-05-04,2024-05-04,29.7,22.4,38.7,0.0,,,11.8,,1008.9,
848,Hassan,Arasikere,Coconut,Grade-III,FAQ,21000,25000,22000,2024-03-28,2024-03-28,29.1,21.2,39.2,0.0,,,10.7,,1012.1,
849,Hassan,Arasikere,Coconut,Grade-III,FAQ,21011,21011,21011,2024-10-09,2024-10-09,24.4,20.9,32.0,17.3,,,7.7,,1009.9,
850,Hassan,Arasikere,Coconut,Grade-III,FAQ,21500,21500,21500,2022-06-02,2022-06-02,24.4,21.5,30.2,7.3,,,7.9,,1008.4,
851,Hassan,Arasikere,Coconut,Grade-III,FAQ,21500,21500,21500,2024-08-03,2024-08-03,22.9,21.5,25.0,1.5,,,15.3,,1010.6,
852,Hassan,Arasikere,Coconut,Grade-III,FAQ,21500,21500,21500,2024-08-07,2024-08-07,22.6,21.1,26.0,13.4,,,10.0,,1010.4,
853,Hassan,Arasikere,Coconut,Grade-III,FAQ,21500,21500,21500,2024-09-10,2024-09-10,23.4,21.1,27.0,1.1,,,16.9,,1008.4,
854,Hassan,Arasikere,Coconut,Grade-III,FAQ,21500,21500,21500,2022-04-12,2022-04-12,28.6,23.8,36.9,0.0,,,7.4,,1007.4,
855,Hassan,Arasikere,Coconut,Grade-III,FAQ,21500,21500,21500,2022-04-20,2022-04-20,27.3,22.1,34.1,0.0,,,7.0,,1009.3,
856,Hassan,Arasikere,Coconut,Grade-III,FAQ,21500,21500,21500,2024-08-21,2024-08-21,24.9,21.6,32.0,10.8,,,8.4,,1007.6,
857,Hassan,Arasikere,Coconut,Grade-III,FAQ,21500,21500,21500,2024-08-22,2024-08-22,24.4,22.3,28.0,0.9,,,20.0,,1008.9,
858,Hassan,Arasikere,Coconut,Grade-III,FAQ,21500,21500,21500,2022-05-26,2022-05-26,,,,,,,,,,
859,Hassan,Arasikere,Coconut,Grade-III,FAQ,21500,22160,22160,2024-08-08,2024-08-08,23.0,21.1,27.0,6.6,,,11.6,,1010.9,
860,Hassan,Arasikere,Coconut,Grade-III,FAQ,21800,22200,22000,2020-04-02,2020-04-02,,,,,,,,,,
861,Hassan,Arasikere,Coconut,Grade-III,FAQ,22000,22000,22000,2022-12-03,2022-12-03,24.9,18.9,31.2,0.0,,,7.8,,1011.7,
862,Hassan,Arasikere,Coconut,Grade-III,FAQ,22000,22000,22000,2022-04-05,2022-04-05,27.7,21.8,36.9,0.0,,,7.8,,1012.6,
863,Hassan,Arasikere,Coconut,Grade-III,FAQ,22000,22000,22000,2022-04-06,2022-04-06,27.3,21.9,35.4,0.0,,,7.6,,1013.1,
864,Hassan,Arasikere,Coconut,Grade-III,FAQ,22000,22000,22000,2023-03-06,2023-03-06,26.5,18.0,35.3,0.0,,,13.3,,1014.4,
865,Hassan,Arasikere,Coconut,Grade-III,FAQ,22000,22000,22000,2022-04-07,2022-04-07,28.1,22.5,35.7,0.0,,,7.8,,1011.6,
866,Hassan,Arasikere,Coconut,Grade-III,FAQ,22000,22000,22000,2023-03-07,2023-03-07,26.0,16.5,35.4,0.0,,,12.0,,1013.6,
867,Hassan,Arasikere,Coconut,Grade-III,FAQ,22000,22000,22000,2024-10-08,2024-10-08,24.2,20.7,30.0,9.6,,,5.3,,1011.6,
868,Hassan,Arasikere,Coconut,Grade-III,FAQ,22000,22000,22000,2024-10-25,2024-10-25,23.8,19.3,30.0,0.0,,,5.4,,1012.0,
869,Hassan,Arasikere,Coconut,Grade-III,FAQ,22000,22000,22000,2020-03-27,2020-03-27,,,,,,,,,,
870,Hassan,Arasikere,Coconut,Grade-III,FAQ,22000,22000,22000,2022-04-28,2022-04-28,27.2,23.6,35.4,10.2,,,8.1,,1009.8,
871,Hassan,Arasikere,Coconut,Grade-III,FAQ,22000,22000,22000,2020-03-31,2020-03-31,,,,,,,,,,
872,Hassan,Arasikere,Coconut,Grade-III,FAQ,22000,22000,22000,2022-05-31,2022-05-31,24.7,21.7,30.3,1.4,,,9.2,,1008.1,
873,Hassan,Arasikere,Coconut,Grade-III,FAQ,22000,23500,22000,2024-04-24,2024-04-24,29.7,23.6,39.2,0.0,,,10.4,,1008.0,
874,Hassan,Arasikere,Coconut,Grade-III,FAQ,22000,30000,22000,2024-10-23,2024-10-23,23.4,20.2,31.0,5.5,,,5.4,,1011.9,
875,Hassan,Arasikere,Coconut,Grade-III,FAQ,22000,30000,23000,2024-10-19,2024-10-19,23.8,21.1,29.0,7.8,,,3.8,,1011.9,
876,Hassan,Arasikere,Coconut,Grade-III,FAQ,22500,22500,22500,2024-10-16,2024-10-16,22.5,20.7,26.0,38.1,,,6.1,,1010.1,
877,Hassan,Arasikere,Coconut,Grade-III,FAQ,22500,26000,24000,2024-09-24,2024-09-24,23.6,21.3,27.0,7.4,,,15.4,,1007.5,
878,Hassan,Arasikere,Coconut,Grade-III,FAQ,22900,23100,23000,2020-04-08,2020-04-08,27.8,20.8,,0.0,,,,,,
879,Hassan,Arasikere,Coconut,Grade-III,FAQ,23000,23000,23000,2024-03-05,2024-03-05,27.5,20.9,36.6,0.0,,,9.4,,1012.1,
880,Hassan,Arasikere,Coconut,Grade-III,FAQ,23000,23000,23000,2024-03-06,2024-03-06,27.8,20.5,35.7,0.0,,,12.4,,1012.6,
881,Hassan,Arasikere,Coconut,Grade-III,FAQ,23000,23000,23000,2024-02-07,2024-02-07,27.3,19.1,35.8,0.0,,,11.2,,1015.1,
882,Hassan,Arasikere,Coconut,Grade-III,FAQ,23000,23000,23000,2024-02-12,2024-02-12,26.0,18.3,35.3,0.0,,,10.3,,1015.0,
883,Hassan,Arasikere,Coconut,Grade-III,FAQ,23000,23000,23000,2024-02-14,2024-02-14,26.4,19.5,34.8,0.0,,,10.6,,1014.1,
884,Hassan,Arasikere,Coconut,Grade-III,FAQ,23000,23000,23000,2024-02-15,2024-02-15,26.4,19.1,35.0,0.0,,,11.1,,1013.6,
885,Hassan,Arasikere,Coconut,Grade-III,FAQ,23000,23000,23000,2024-02-17,2024-02-17,26.7,19.7,35.0,0.0,,,10.1,,1013.3,
886,Hassan,Arasikere,Coconut,Grade-III,FAQ,23000,23000,23000,2024-02-22,2024-02-22,25.7,17.6,34.5,0.0,,,8.8,,1013.0,
887,Hassan,Arasikere,Coconut,Grade-III,FAQ,23000,24000,24000,2024-03-04,2024-03-04,27.5,19.9,36.5,0.0,,,8.0,,1012.2,
888,Hassan,Arasikere,Coconut,Grade-III,FAQ,24000,24000,24000,2024-03-14,2024-03-14,27.8,21.0,36.9,0.0,,,9.3,,1013.2,
889,Hassan,Arasikere,Coconut,Grade-III,FAQ,24000,24000,24000,2024-03-15,2024-03-15,27.4,19.1,37.2,0.0,,,9.4,,1012.0,
890,Hassan,Arasikere,Coconut,Grade-III,FAQ,24000,24000,24000,2024-04-22,2024-04-22,30.0,24.7,37.6,0.0,,,9.1,,1009.4,
891,Hassan,Arasikere,Coconut,Grade-III,FAQ,24000,30000,24000,2024-11-07,2024-11-07,24.1,18.1,31.0,0.0,,,8.2,,1012.9,
892,Hassan,Arasikere,Coconut,Grade-III,FAQ,24000,30000,24000,2025-02-17,2025-02-17,25.4,18.0,35.0,0.0,,,7.2,,1013.5,
893,Hassan,Arasikere,Coconut,Grade-III,FAQ,24000,30000,24000,2024-10-21,2024-10-21,23.6,20.2,29.0,4.4,,,6.7,,1012.4,
894,Hassan,Arasikere,Coconut,Grade-III,FAQ,24270,24270,24270,2024-04-19,2024-04-19,27.9,24.6,37.9,5.5,,,10.2,,1009.1,
895,Hassan,Arasikere,Coconut,Grade-III,FAQ,25000,25000,25000,2024-03-02,2024-03-02,26.7,18.7,36.3,0.0,,,8.8,,1013.4,
896,Hassan,Arasikere,Coconut,Grade-III,FAQ,25000,25000,25000,2025-01-07,2025-01-07,22.5,16.3,31.0,0.0,,,7.5,,1012.9,
897,Hassan,Arasikere,Coconut,Grade-III,FAQ,25000,25000,25000,2024-02-27,2024-02-27,27.5,20.8,36.1,0.0,,,9.5,,1012.0,
898,Hassan,Arasikere,Coconut,Grade-III,FAQ,25000,25000,25000,2024-02-28,2024-02-28,27.8,20.7,35.4,0.0,,,12.0,,1011.5,
899,Hassan,Arasikere,Coconut,Grade-III,FAQ,25000,35000,35000,2025-02-15,2025-02-15,24.7,17.9,33.0,0.0,,,7.7,,1012.2,
900,Hassan,Arasikere,Coconut,Grade-III,FAQ,25270,25270,25270,2024-12-19,2024-12-19,23.3,16.8,31.0,0.0,,,6.9,,1011.1,
901,Hassan,Arasikere,Coconut,Grade-III,FAQ,26000,26000,26000,2020-12-22,2020-12-22,,,,,,,,,,
902,Hassan,Arasikere,Coconut,Grade-III,FAQ,26000,30000,27000,2024-10-29,2024-10-29,23.7,19.5,31.0,2.9,,,7.1,,1011.1,
903,Hassan,Arasikere,Coconut,Grade-III,FAQ,27000,28000,28000,2025-01-02,2025-01-02,22.5,16.2,30.0,0.0,,,13.2,,1013.8,
904,Hassan,Arasikere,Coconut,Grade-III,FAQ,28000,28000,28000,2025-01-16,2025-01-16,24.4,18.8,31.0,0.0,,,13.0,,1014.0,
905,Hassan,Arasikere,Coconut,Grade-III,FAQ,28000,28000,28000,2025-02-21,2025-02-21,26.1,18.8,35.0,0.0,,,6.5,,1013.7,
906,Hassan,Arasikere,Coconut,Grade-III,FAQ,28500,43010,34000,2025-02-20,2025-02-20,25.9,19.0,35.0,0.0,,,7.2,,1012.2,
907,Hassan,Arasikere,Coconut,Grade-III,FAQ,29000,29000,29000,2025-02-06,2025-02-06,24.7,17.9,34.0,0.0,,,9.9,,1011.5,
908,Hassan,Arasikere,Coconut,Grade-III,FAQ,29000,31000,29000,2024-12-18,2024-12-18,21.5,14.5,31.0,0.0,,,6.5,,1011.6,
909,Hassan,Arasikere,Coconut,Grade-III,FAQ,30000,30000,30000,2024-11-05,2024-11-05,23.8,18.5,30.0,0.1,,,8.6,,1012.7,
910,Hassan,Arasikere,Coconut,Grade-III,FAQ,30000,30000,30000,2024-11-08,2024-11-08,24.5,18.5,31.0,0.0,,,8.7,,1012.5,
911,Hassan,Arasikere,Coconut,Grade-III,FAQ,30000,30000,30000,2024-10-22,2024-10-22,23.8,20.1,31.0,8.5,,,5.0,,1012.5,
912,Hassan,Arasikere,Coconut,Grade-III,FAQ,30000,30000,30000,2024-09-25,2024-09-25,23.0,21.2,26.0,1.4,,,14.9,,1007.8,
913,Hassan,Arasikere,Coconut,Grade-III,FAQ,31000,31000,31000,2024-12-03,2024-12-03,24.0,21.6,30.0,3.8,,,11.2,,1009.0,
914,Hassan,Arasikere,Coconut,Grade-III,FAQ,31000,31000,31000,2024-12-17,2024-12-17,21.1,13.9,31.0,0.0,,,7.6,,1012.4,
915,Hassan,Arasikere,Coconut,Grade-III,FAQ,31000,31000,31000,2024-11-20,2024-11-20,22.4,16.3,28.6,0.0,,,9.8,,1012.7,
916,Hassan,Arasikere,Coconut,Grade-III,FAQ,34000,34000,34000,2025-01-18,2025-01-18,22.9,17.7,29.0,0.0,,,11.8,,1012.6,
917,Hassan,Arasikere,Coconut,Grade-III,Medium,10000,16000,12000,2019-12-30,2019-12-30,,,,,,,,,,
918,Hassan,Arasikere,Coconut,Grade-III,Medium,10000,17000,15000,2019-09-16,2019-09-16,,,,,,,,,,
919,Hassan,Arasikere,Coconut,Grade-III,Medium,12000,14280,12000,2019-11-04,2019-11-04,,,,,,,,,,
920,Hassan,Arasikere,Coconut,Grade-III,Medium,12000,16590,15000,2019-07-29,2019-07-29,,,,,,,,,,
921,Hassan,Arasikere,Coconut,Grade-III,Medium,12000,19900,15000,2019-07-25,2019-07-25,,,,,,,,,,
922,Hassan,Arasikere,Coconut,Grade-III,Medium,12100,12800,12380,2019-10-11,2019-10-11,25.0,20.6,30.3,17.8,,,,,,
923,Hassan,Arasikere,Coconut,Grade-III,Medium,14280,14280,14280,2019-11-02,2019-11-02,,,,,,,,,,
924,Hassan,Arasikere,Coconut,Grade-III,Medium,15000,15000,15000,2019-08-09,2019-08-09,24.0,21.6,,5.6,,,,,,
925,Hassan,Arasikere,Coconut,Grade-III,Medium,15000,24100,19000,2020-11-02,2020-11-02,,,,,,,,,,
926,Hassan,Arasikere,Coconut,Grade-III,Medium,16000,20000,17000,2019-07-22,2019-07-22,,,,,,,,,,
927,Hassan,Arasikere,Coconut,Grade-III,Medium,17900,18100,18000,2019-09-05,2019-09-05,23.8,20.7,26.1,8.1,,,,,,
928,Hassan,Arasikere,Coconut,Grade-III,Medium,18000,20000,19000,2019-08-05,2019-08-05,22.9,20.7,25.4,4.6,,,,,,
929,Hassan,Arasikere,Coconut,Grade-III,Medium,18900,20000,20000,2019-10-17,2019-10-17,,,,,,,,,,
930,Hassan,Arasikere,Coconut,Grade-III,Medium,21800,22200,22000,2020-04-01,2020-04-01,,,,,,,,,,
931,Hassan,Arasikere,Coconut,Grade-III,Medium,22900,23100,23000,2020-04-07,2020-04-07,26.4,21.2,34.7,0.8,,,,,,
932,Hassan,Arasikere,Coconut,Grade-III,Ref grade-1,1800,19900,18000,2025-02-01,2025-02-01,24.3,17.3,32.1,0.0,,,6.4,,1012.0,
933,Hassan,Arasikere,Coconut,Grade-III,Ref grade-1,24000,24000,24000,2025-01-31,2025-01-31,23.9,16.8,33.0,0.0,,,6.1,,1011.2,
934,Hassan,Arasikere,Coconut,Grade-III,Ref grade-1,25000,26000,25000,2025-02-04,2025-02-04,23.3,14.7,34.0,0.0,,,7.7,,1012.9,
