Sl no.,District Name,Market,Commodity,Variety,Grade,Min Price (Rs./Quintal),Max Price (Rs./Quintal),Modal_Price,Arrival_Date
5760,Hassan,Hassan,Coconut,Other,FAQ,10,10,10,2023-11-06
5761,Hassan,Hassan,Coconut,Other,FAQ,10,10,10,2024-01-11
5762,Hassan,Hassan,Coconut,Other,FAQ,10,10,10,2023-10-27
5763,Hassan,Hassan,Coconut,Other,FAQ,12,12,12,2023-12-02
5764,Hassan,Hassan,Coconut,Other,FAQ,12,12,12,2024-09-03
5765,Hassan,Hassan,Coconut,Other,FAQ,12,12,12,2024-09-10
5766,Hassan,Hassan,Coconut,Other,FAQ,12,12,12,2024-02-12
5767,Hassan,Hassan,Coconut,Other,FAQ,12,12,12,2023-09-12
5768,Hassan,Hassan,Coconut,Other,FAQ,12,12,12,2024-10-15
5769,Hassan,Hassan,Coconut,Other,FAQ,12,15,12,2023-12-26
5770,Hassan,Hassan,Coconut,Other,FAQ,12,15,13,2024-04-12
5771,Hassan,Hassan,Coconut,Other,FAQ,12,17,16,2024-05-27
5772,Hassan,Hassan,Coconut,Other,FAQ,12,18,14,2024-10-22
5773,Hassan,Hassan,Coconut,Other,FAQ,12,18,16,2024-09-16
5774,Hassan,Hassan,Coconut,Other,FAQ,12,24,14,2024-10-05
5775,Hassan,Hassan,Coconut,Other,FAQ,12,26,18,2024-10-07
5776,Hassan,Hassan,Coconut,Other,FAQ,14,18,14,2024-07-05
5777,Hassan,Hassan,Coconut,Other,FAQ,14,18,16,2024-07-20
5778,Hassan,Hassan,Coconut,Other,FAQ,15,15,15,2024-02-02
5779,Hassan,Hassan,Coconut,Other,FAQ,15,15,15,2024-01-05
5780,Hassan,Hassan,Coconut,Other,FAQ,15,15,15,2023-11-17
5781,Hassan,Hassan,Coconut,Other,FAQ,15,15,15,2023-11-30
5782,Hassan,Hassan,Coconut,Other,FAQ,15,22,16,2024-07-26
5783,Hassan,Hassan,Coconut,Other,FAQ,15,24,16,2024-12-20
5784,Hassan,Hassan,Coconut,Other,FAQ,15,28,25,2025-06-10
5785,Hassan,Hassan,Coconut,Other,FAQ,18,20,18,2024-04-29
5786,Hassan,Hassan,Coconut,Other,FAQ,18,22,18,2024-08-29
5787,Hassan,Hassan,Coconut,Other,FAQ,18,26,24,2024-10-02
5788,Hassan,Hassan,Coconut,Other,FAQ,20,20,20,2023-10-18
5789,Hassan,Hassan,Coconut,Other,FAQ,20,20,20,2024-12-19
5790,Hassan,Hassan,Coconut,Other,FAQ,20,28,25,2025-02-24
5791,Hassan,Hassan,Coconut,Other,FAQ,22,28,25,2025-02-19
5792,Hassan,Hassan,Coconut,Other,FAQ,25,25,25,2024-12-21
5793,Hassan,Hassan,Coconut,Other,FAQ,33,45,33,2025-04-24
5794,Hassan,Hassan,Coconut,Other,FAQ,35,35,35,2025-02-28
5795,Hassan,Hassan,Coconut,Other,FAQ,45,45,45,2025-04-21
5796,Hassan,Hassan,Coconut,Other,FAQ,1200,1500,1425,2024-04-05
5797,Hassan,Hassan,Coconut,Other,FAQ,2000,2000,2000,2023-10-12
5798,Hassan,Hassan,Coconut,Other,FAQ,2206,2206,2206,2023-10-07
5799,Hassan,Hassan,Coconut,Other,FAQ,8000,8000,8000,2021-08-10
5800,Hassan,Hassan,Coconut,Other,FAQ,8000,8000,8000,2019-07-17
5801,Hassan,Hassan,Coconut,Other,FAQ,8000,8000,8000,2021-10-18
5802,Hassan,Hassan,Coconut,Other,FAQ,8000,8000,8000,2022-12-20
5803,Hassan,Hassan,Coconut,Other,FAQ,8000,8000,8000,2019-07-24
5804,Hassan,Hassan,Coconut,Other,FAQ,8000,8000,8000,2022-12-29
5805,Hassan,Hassan,Coconut,Other,FAQ,8000,12000,12000,2021-07-30
5806,Hassan,Hassan,Coconut,Other,FAQ,9000,9000,9000,2023-03-15
5807,Hassan,Hassan,Coconut,Other,FAQ,9143,15000,15000,2019-08-14
5808,Hassan,Hassan,Coconut,Other,FAQ,10000,10000,10000,2019-10-01
5809,Hassan,Hassan,Coconut,Other,FAQ,10000,10000,10000,2019-12-03
5810,Hassan,Hassan,Coconut,Other,FAQ,10000,10000,10000,2021-12-03
5811,Hassan,Hassan,Coconut,Other,FAQ,10000,10000,10000,2020-03-03
5812,Hassan,Hassan,Coconut,Other,FAQ,10000,10000,10000,2022-01-04
5813,Hassan,Hassan,Coconut,Other,FAQ,10000,10000,10000,2020-07-04
5814,Hassan,Hassan,Coconut,Other,FAQ,10000,10000,10000,2021-01-05
5815,Hassan,Hassan,Coconut,Other,FAQ,10000,10000,10000,2023-06-05
5816,Hassan,Hassan,Coconut,Other,FAQ,10000,10000,10000,2019-11-07
5817,Hassan,Hassan,Coconut,Other,FAQ,10000,10000,10000,2020-06-09
5818,Hassan,Hassan,Coconut,Other,FAQ,10000,10000,10000,2020-01-10
5819,Hassan,Hassan,Coconut,Other,FAQ,10000,10000,10000,2020-09-10
5820,Hassan,Hassan,Coconut,Other,FAQ,10000,10000,10000,2020-08-11
5821,Hassan,Hassan,Coconut,Other,FAQ,10000,10000,10000,2023-08-11
5822,Hassan,Hassan,Coconut,Other,FAQ,10000,10000,10000,2020-02-11
5823,Hassan,Hassan,Coconut,Other,FAQ,10000,10000,10000,2019-11-11
5824,Hassan,Hassan,Coconut,Other,FAQ,10000,10000,10000,2019-08-13
5825,Hassan,Hassan,Coconut,Other,FAQ,10000,10000,10000,2019-11-13
5826,Hassan,Hassan,Coconut,Other,FAQ,10000,10000,10000,2020-08-14
5827,Hassan,Hassan,Coconut,Other,FAQ,10000,10000,10000,2019-08-16
5828,Hassan,Hassan,Coconut,Other,FAQ,10000,10000,10000,2019-11-16
5829,Hassan,Hassan,Coconut,Other,FAQ,10000,10000,10000,2019-10-16
5830,Hassan,Hassan,Coconut,Other,FAQ,10000,10000,10000,2019-08-17
5831,Hassan,Hassan,Coconut,Other,FAQ,10000,10000,10000,2020-02-17
5832,Hassan,Hassan,Coconut,Other,FAQ,10000,10000,10000,2023-05-17
5833,Hassan,Hassan,Coconut,Other,FAQ,10000,10000,10000,2019-10-17
5834,Hassan,Hassan,Coconut,Other,FAQ,10000,10000,10000,2021-09-17
5835,Hassan,Hassan,Coconut,Other,FAQ,10000,10000,10000,2022-09-17
5836,Hassan,Hassan,Coconut,Other,FAQ,10000,10000,10000,2020-08-18
5837,Hassan,Hassan,Coconut,Other,FAQ,10000,10000,10000,2019-10-18
5838,Hassan,Hassan,Coconut,Other,FAQ,10000,10000,10000,2020-06-19
5839,Hassan,Hassan,Coconut,Other,FAQ,10000,10000,10000,2019-11-19
5840,Hassan,Hassan,Coconut,Other,FAQ,10000,10000,10000,2019-07-20
5841,Hassan,Hassan,Coconut,Other,FAQ,10000,10000,10000,2021-08-21
5842,Hassan,Hassan,Coconut,Other,FAQ,10000,10000,10000,2019-09-21
5843,Hassan,Hassan,Coconut,Other,FAQ,10000,10000,10000,2020-07-22
5844,Hassan,Hassan,Coconut,Other,FAQ,10000,10000,10000,2019-11-22
5845,Hassan,Hassan,Coconut,Other,FAQ,10000,10000,10000,2022-09-23
5846,Hassan,Hassan,Coconut,Other,FAQ,10000,10000,10000,2021-09-24
5847,Hassan,Hassan,Coconut,Other,FAQ,10000,10000,10000,2020-02-25
5848,Hassan,Hassan,Coconut,Other,FAQ,10000,10000,10000,2019-10-25
5849,Hassan,Hassan,Coconut,Other,FAQ,10000,10000,10000,2019-11-26
5850,Hassan,Hassan,Coconut,Other,FAQ,10000,10000,10000,2023-02-27
5851,Hassan,Hassan,Coconut,Other,FAQ,10000,10000,10000,2020-07-28
5852,Hassan,Hassan,Coconut,Other,FAQ,10000,10000,10000,2020-12-29
5853,Hassan,Hassan,Coconut,Other,FAQ,10000,10000,10000,2019-08-31
5854,Hassan,Hassan,Coconut,Other,FAQ,10000,11000,10000,2019-11-20
5855,Hassan,Hassan,Coconut,Other,FAQ,10000,11000,11000,2020-03-17
5856,Hassan,Hassan,Coconut,Other,FAQ,10000,12000,10000,2021-09-21
5857,Hassan,Hassan,Coconut,Other,FAQ,10000,12000,12000,2019-09-11
5858,Hassan,Hassan,Coconut,Other,FAQ,10000,12000,12000,2019-09-25
5859,Hassan,Hassan,Coconut,Other,FAQ,10000,12000,12000,2021-09-28
5860,Hassan,Hassan,Coconut,Other,FAQ,10000,13300,13300,2021-12-07
5861,Hassan,Hassan,Coconut,Other,FAQ,10000,14000,14000,2020-06-03
5862,Hassan,Hassan,Coconut,Other,FAQ,10000,20000,20000,2021-11-19
5863,Hassan,Hassan,Coconut,Other,FAQ,10000,21000,10000,2019-12-24
5864,Hassan,Hassan,Coconut,Other,FAQ,10000,25000,10000,2019-12-31
5865,Hassan,Hassan,Coconut,Other,FAQ,10000,29000,10000,2019-12-17
5866,Hassan,Hassan,Coconut,Other,FAQ,10000,29000,10000,2019-11-18
5867,Hassan,Hassan,Coconut,Other,FAQ,11000,11000,11000,2019-12-18
5868,Hassan,Hassan,Coconut,Other,FAQ,11000,11000,11000,2019-11-29
5869,Hassan,Hassan,Coconut,Other,FAQ,11000,12000,11000,2020-01-31
5870,Hassan,Hassan,Coconut,Other,FAQ,11000,15000,15000,2020-05-28
5871,Hassan,Hassan,Coconut,Other,FAQ,11500,11500,11500,2020-03-21
5872,Hassan,Hassan,Coconut,Other,FAQ,11667,11667,11667,2022-01-21
5873,Hassan,Hassan,Coconut,Other,FAQ,12000,12000,12000,2021-11-02
5874,Hassan,Hassan,Coconut,Other,FAQ,12000,12000,12000,2019-08-03
5875,Hassan,Hassan,Coconut,Other,FAQ,12000,12000,12000,2019-09-03
5876,Hassan,Hassan,Coconut,Other,FAQ,12000,12000,12000,2020-01-04
5877,Hassan,Hassan,Coconut,Other,FAQ,12000,12000,12000,2020-02-05
5878,Hassan,Hassan,Coconut,Other,FAQ,12000,12000,12000,2019-09-06
5879,Hassan,Hassan,Coconut,Other,FAQ,12000,12000,12000,2019-12-07
5880,Hassan,Hassan,Coconut,Other,FAQ,12000,12000,12000,2020-03-07
5881,Hassan,Hassan,Coconut,Other,FAQ,12000,12000,12000,2022-02-08
5882,Hassan,Hassan,Coconut,Other,FAQ,12000,12000,12000,2021-07-09
5883,Hassan,Hassan,Coconut,Other,FAQ,12000,12000,12000,2021-06-11
5884,Hassan,Hassan,Coconut,Other,FAQ,12000,12000,12000,2021-11-12
5885,Hassan,Hassan,Coconut,Other,FAQ,12000,12000,12000,2021-08-13
5886,Hassan,Hassan,Coconut,Other,FAQ,12000,12000,12000,2021-12-14
5887,Hassan,Hassan,Coconut,Other,FAQ,12000,12000,12000,2019-07-16
5888,Hassan,Hassan,Coconut,Other,FAQ,12000,12000,12000,2019-09-17
5889,Hassan,Hassan,Coconut,Other,FAQ,12000,12000,12000,2019-12-19
5890,Hassan,Hassan,Coconut,Other,FAQ,12000,12000,12000,2019-08-20
5891,Hassan,Hassan,Coconut,Other,FAQ,12000,12000,12000,2022-10-21
5892,Hassan,Hassan,Coconut,Other,FAQ,12000,12000,12000,2021-08-24
5893,Hassan,Hassan,Coconut,Other,FAQ,12000,12000,12000,2021-11-26
5894,Hassan,Hassan,Coconut,Other,FAQ,12000,12000,12000,2021-10-26
5895,Hassan,Hassan,Coconut,Other,FAQ,12000,12000,12000,2019-10-28
5896,Hassan,Hassan,Coconut,Other,FAQ,12000,12000,12000,2020-05-30
5897,Hassan,Hassan,Coconut,Other,FAQ,12000,12000,12000,2019-11-30
5898,Hassan,Hassan,Coconut,Other,FAQ,12000,12000,12000,2019-10-30
5899,Hassan,Hassan,Coconut,Other,FAQ,12000,18000,12000,2019-12-11
5900,Hassan,Hassan,Coconut,Other,FAQ,12000,18000,18000,2021-08-17
5901,Hassan,Hassan,Coconut,Other,FAQ,12000,20000,12000,2019-11-05
5902,Hassan,Hassan,Coconut,Other,FAQ,12000,22000,12000,2021-11-09
5903,Hassan,Hassan,Coconut,Other,FAQ,12000,22000,13000,2019-07-23
5904,Hassan,Hassan,Coconut,Other,FAQ,12500,12500,12500,2020-03-10
5905,Hassan,Hassan,Coconut,Other,FAQ,13000,13000,13000,2020-03-02
5906,Hassan,Hassan,Coconut,Other,FAQ,14000,14000,14000,2021-03-02
5907,Hassan,Hassan,Coconut,Other,FAQ,14000,14000,14000,2020-10-13
5908,Hassan,Hassan,Coconut,Other,FAQ,14000,15000,15000,2021-08-03
5909,Hassan,Hassan,Coconut,Other,FAQ,14000,15000,15000,2021-09-03
5910,Hassan,Hassan,Coconut,Other,FAQ,15000,15000,15000,2020-05-08
5911,Hassan,Hassan,Coconut,Other,FAQ,15000,15000,15000,2019-07-15
5912,Hassan,Hassan,Coconut,Other,FAQ,15000,15000,15000,2020-02-19
5913,Hassan,Hassan,Coconut,Other,FAQ,15000,15000,15000,2020-05-19
5914,Hassan,Hassan,Coconut,Other,FAQ,15000,15000,15000,2019-08-21
5915,Hassan,Hassan,Coconut,Other,FAQ,15000,15000,15000,2019-10-24
5916,Hassan,Hassan,Coconut,Other,FAQ,15000,15000,15000,2020-08-25
5917,Hassan,Hassan,Coconut,Other,FAQ,15000,15000,15000,2020-06-26
5918,Hassan,Hassan,Coconut,Other,FAQ,15000,15000,15000,2021-06-30
5919,Hassan,Hassan,Coconut,Other,FAQ,15000,20000,15000,2020-02-18
5920,Hassan,Hassan,Coconut,Other,FAQ,16000,16000,16000,2020-06-05
5921,Hassan,Hassan,Coconut,Other,FAQ,16000,16000,16000,2020-07-06
5922,Hassan,Hassan,Coconut,Other,FAQ,16000,16000,16000,2020-06-11
5923,Hassan,Hassan,Coconut,Other,FAQ,16000,16000,16000,2020-06-22
5924,Hassan,Hassan,Coconut,Other,FAQ,16000,16000,16000,2020-06-29
5925,Hassan,Hassan,Coconut,Other,FAQ,16000,16000,16000,2020-05-29
5926,Hassan,Hassan,Coconut,Other,FAQ,17288,17288,17288,2022-05-04
5927,Hassan,Hassan,Coconut,Other,FAQ,18000,18000,18000,2020-09-04
5928,Hassan,Hassan,Coconut,Other,FAQ,18000,18000,18000,2023-02-09
5929,Hassan,Hassan,Coconut,Other,FAQ,18000,18000,18000,2022-05-17
5930,Hassan,Hassan,Coconut,Other,FAQ,18000,18000,18000,2022-04-19
5931,Hassan,Hassan,Coconut,Other,FAQ,18000,18000,18000,2020-10-19
5932,Hassan,Hassan,Coconut,Other,FAQ,18000,18000,18000,2022-09-20
5933,Hassan,Hassan,Coconut,Other,FAQ,19000,19000,19000,2020-05-22
5934,Hassan,Hassan,Coconut,Other,FAQ,20000,20000,20000,2019-11-08
5935,Hassan,Hassan,Coconut,Other,FAQ,20000,20000,20000,2020-04-15
5936,Hassan,Hassan,Coconut,Other,FAQ,20000,20000,20000,2019-10-15
5937,Hassan,Hassan,Coconut,Other,FAQ,20000,20000,20000,2020-04-17
5938,Hassan,Hassan,Coconut,Other,FAQ,20000,22000,20000,2021-11-16
5939,Hassan,Hassan,Coconut,Other,FAQ,20000,35000,20000,2020-01-20
5940,Hassan,Hassan,Coconut,Other,FAQ,20769,20769,20769,2019-08-27
5941,Hassan,Hassan,Coconut,Other,FAQ,21000,21000,21000,2020-03-12
5942,Hassan,Hassan,Coconut,Other,FAQ,21000,21000,21000,2020-03-26
5943,Hassan,Hassan,Coconut,Other,FAQ,21000,21000,21000,2020-02-27
5944,Hassan,Hassan,Coconut,Other,FAQ,21000,21000,21000,2020-03-31
5945,Hassan,Hassan,Coconut,Other,FAQ,22000,22000,22000,2020-02-06
5946,Hassan,Hassan,Coconut,Other,FAQ,22000,22000,22000,2020-02-14
5947,Hassan,Hassan,Coconut,Other,FAQ,22000,22000,22000,2020-02-24
5948,Hassan,Hassan,Coconut,Other,FAQ,22500,22500,22500,2020-05-12
5949,Hassan,Hassan,Coconut,Other,FAQ,24000,24000,24000,2020-01-13
5950,Hassan,Hassan,Coconut,Other,FAQ,24000,24000,24000,2019-12-27
5951,Hassan,Hassan,Coconut,Other,FAQ,27000,27000,27000,2019-07-31
5952,Hassan,Hassan,Coconut,Other,FAQ,31000,33000,31000,2021-11-23
5953,Hassan,Hassan,Coconut,Other,FAQ,37000,37000,37000,2020-12-11
