Sl no.,District Name,Market,Commodity,Variety,Grade,Min Price (Rs./Quintal),Max Price (Rs./Quintal),Modal_Price,Arrival_Date
13236,Tumkur,Tumkur,Coconut,Coconut,FAQ,850,1650,1100,2023-05-25
13237,Tumkur,Tumkur,Coconut,Coconut,FAQ,850,1800,1050,2023-05-31
13238,Tumkur,Tumkur,Coconut,Coconut,FAQ,900,1600,1050,2023-05-26
13239,Tumkur,Tumkur,Coconut,Coconut,FAQ,1100,2250,1450,2020-11-30
13240,Tumkur,Tumkur,Coconut,Coconut,FAQ,1200,2100,1450,2020-12-22
13241,Tumkur,Tumkur,Coconut,Coconut,FAQ,1200,25000,14500,2021-03-24
13242,Tumkur,Tumkur,Coconut,Coconut,FAQ,1650,2100,1800,2021-07-26
13243,Tumkur,Tumkur,Coconut,Coconut,FAQ,3800,16000,10500,2022-06-16
13244,Tumkur,Tumkur,Coconut,Coconut,FAQ,6000,16500,9000,2023-09-21
13245,Tumkur,Tumkur,Coconut,Coconut,FAQ,6500,17500,10500,2023-09-27
13246,Tumkur,Tumkur,Coconut,Coconut,FAQ,6650,18500,9500,2023-09-20
13247,Tumkur,Tumkur,Coconut,Coconut,FAQ,7000,13500,10000,2019-08-09
13248,Tumkur,Tumkur,Coconut,Coconut,FAQ,7000,15500,10500,2022-09-02
13249,Tumkur,Tumkur,Coconut,Coconut,FAQ,7000,15500,10500,2022-06-24
13250,Tumkur,Tumkur,Coconut,Coconut,FAQ,7000,16000,9500,2022-11-18
13251,Tumkur,Tumkur,Coconut,Coconut,FAQ,7000,16000,10500,2019-09-05
13252,Tumkur,Tumkur,Coconut,Coconut,FAQ,7000,16000,10800,2019-11-07
13253,Tumkur,Tumkur,Coconut,Coconut,FAQ,7000,16000,10800,2019-11-16
13254,Tumkur,Tumkur,Coconut,Coconut,FAQ,7000,16000,10800,2019-11-22
13255,Tumkur,Tumkur,Coconut,Coconut,FAQ,7000,16000,11000,2019-10-16
13256,Tumkur,Tumkur,Coconut,Coconut,FAQ,7000,16500,9000,2023-09-25
13257,Tumkur,Tumkur,Coconut,Coconut,FAQ,7000,16500,9500,2022-11-05
13258,Tumkur,Tumkur,Coconut,Coconut,FAQ,7000,16500,9500,2022-09-08
13259,Tumkur,Tumkur,Coconut,Coconut,FAQ,7000,16500,9500,2022-11-10
13260,Tumkur,Tumkur,Coconut,Coconut,FAQ,7000,16500,9500,2022-08-29
13261,Tumkur,Tumkur,Coconut,Coconut,FAQ,7000,16500,9500,2023-01-31
13262,Tumkur,Tumkur,Coconut,Coconut,FAQ,7000,16500,10500,2022-10-03
13263,Tumkur,Tumkur,Coconut,Coconut,FAQ,7000,16500,10500,2022-10-13
13264,Tumkur,Tumkur,Coconut,Coconut,FAQ,7000,16500,11500,2019-09-02
13265,Tumkur,Tumkur,Coconut,Coconut,FAQ,7000,17000,9000,2022-09-17
13266,Tumkur,Tumkur,Coconut,Coconut,FAQ,7000,17000,9500,2023-02-03
13267,Tumkur,Tumkur,Coconut,Coconut,FAQ,7000,17000,10000,2022-10-10
13268,Tumkur,Tumkur,Coconut,Coconut,FAQ,7000,17000,10500,2022-10-15
13269,Tumkur,Tumkur,Coconut,Coconut,FAQ,7000,17000,10500,2022-08-24
13270,Tumkur,Tumkur,Coconut,Coconut,FAQ,7000,17500,9500,2022-09-15
13271,Tumkur,Tumkur,Coconut,Coconut,FAQ,7000,17500,10000,2022-11-14
13272,Tumkur,Tumkur,Coconut,Coconut,FAQ,7000,17500,10500,2022-10-07
13273,Tumkur,Tumkur,Coconut,Coconut,FAQ,7000,17500,10500,2022-12-14
13274,Tumkur,Tumkur,Coconut,Coconut,FAQ,7000,17500,10500,2022-09-26
13275,Tumkur,Tumkur,Coconut,Coconut,FAQ,7000,18000,10000,2023-10-17
13276,Tumkur,Tumkur,Coconut,Coconut,FAQ,7000,18000,10500,2022-08-02
13277,Tumkur,Tumkur,Coconut,Coconut,FAQ,7000,18000,10500,2019-11-11
13278,Tumkur,Tumkur,Coconut,Coconut,FAQ,7000,18000,10500,2022-09-12
13279,Tumkur,Tumkur,Coconut,Coconut,FAQ,7000,18000,12500,2023-09-14
13280,Tumkur,Tumkur,Coconut,Coconut,FAQ,7000,18500,11000,2023-10-10
13281,Tumkur,Tumkur,Coconut,Coconut,FAQ,7000,18500,11000,2023-08-29
13282,Tumkur,Tumkur,Coconut,Coconut,FAQ,7000,18500,11500,2023-10-05
13283,Tumkur,Tumkur,Coconut,Coconut,FAQ,7000,18500,11500,2023-10-07
13284,Tumkur,Tumkur,Coconut,Coconut,FAQ,7000,19000,11500,2023-09-11
13285,Tumkur,Tumkur,Coconut,Coconut,FAQ,7000,19000,12000,2023-11-07
13286,Tumkur,Tumkur,Coconut,Coconut,FAQ,7000,19500,11000,2023-10-30
13287,Tumkur,Tumkur,Coconut,Coconut,FAQ,7000,19500,11500,2023-10-11
13288,Tumkur,Tumkur,Coconut,Coconut,FAQ,7000,19500,11500,2023-09-30
13289,Tumkur,Tumkur,Coconut,Coconut,FAQ,7100,16800,10200,2019-12-07
13290,Tumkur,Tumkur,Coconut,Coconut,FAQ,7200,14000,9500,2019-08-27
13291,Tumkur,Tumkur,Coconut,Coconut,FAQ,7200,14500,10100,2019-08-20
13292,Tumkur,Tumkur,Coconut,Coconut,FAQ,7200,15000,10500,2019-08-22
13293,Tumkur,Tumkur,Coconut,Coconut,FAQ,7200,16000,10500,2019-10-21
13294,Tumkur,Tumkur,Coconut,Coconut,FAQ,7200,16000,10800,2019-10-07
13295,Tumkur,Tumkur,Coconut,Coconut,FAQ,7200,16000,11000,2019-09-12
13296,Tumkur,Tumkur,Coconut,Coconut,FAQ,7200,16000,11000,2019-09-27
13297,Tumkur,Tumkur,Coconut,Coconut,FAQ,7200,16100,10500,2020-01-04
13298,Tumkur,Tumkur,Coconut,Coconut,FAQ,7200,16500,10500,2019-10-25
13299,Tumkur,Tumkur,Coconut,Coconut,FAQ,7200,16500,10500,2019-10-30
13300,Tumkur,Tumkur,Coconut,Coconut,FAQ,7200,16500,11500,2019-09-17
13301,Tumkur,Tumkur,Coconut,Coconut,FAQ,7200,17000,11000,2019-09-06
13302,Tumkur,Tumkur,Coconut,Coconut,FAQ,7200,17000,11000,2019-10-23
13303,Tumkur,Tumkur,Coconut,Coconut,FAQ,7200,17000,11500,2019-08-31
13304,Tumkur,Tumkur,Coconut,Coconut,FAQ,7400,16500,11200,2019-12-04
13305,Tumkur,Tumkur,Coconut,Coconut,FAQ,7400,17000,10800,2019-12-09
13306,Tumkur,Tumkur,Coconut,Coconut,FAQ,7500,14000,9500,2019-07-23
13307,Tumkur,Tumkur,Coconut,Coconut,FAQ,7500,14000,10000,2019-08-23
13308,Tumkur,Tumkur,Coconut,Coconut,FAQ,7500,14000,10200,2019-08-05
13309,Tumkur,Tumkur,Coconut,Coconut,FAQ,7500,14000,10500,2019-07-31
13310,Tumkur,Tumkur,Coconut,Coconut,FAQ,7500,15000,10200,2019-08-14
13311,Tumkur,Tumkur,Coconut,Coconut,FAQ,7500,15000,10200,2019-07-26
13312,Tumkur,Tumkur,Coconut,Coconut,FAQ,7500,15000,11000,2022-06-27
13313,Tumkur,Tumkur,Coconut,Coconut,FAQ,7500,15500,10500,2022-06-22
13314,Tumkur,Tumkur,Coconut,Coconut,FAQ,7500,16000,9000,2022-08-30
13315,Tumkur,Tumkur,Coconut,Coconut,FAQ,7500,16000,10500,2019-10-15
13316,Tumkur,Tumkur,Coconut,Coconut,FAQ,7500,16000,10500,2019-10-17
13317,Tumkur,Tumkur,Coconut,Coconut,FAQ,7500,16000,11000,2019-11-04
13318,Tumkur,Tumkur,Coconut,Coconut,FAQ,7500,16000,11000,2019-09-11
13319,Tumkur,Tumkur,Coconut,Coconut,FAQ,7500,16000,11000,2019-09-16
13320,Tumkur,Tumkur,Coconut,Coconut,FAQ,7500,16000,11000,2019-10-22
13321,Tumkur,Tumkur,Coconut,Coconut,FAQ,7500,16000,11000,2019-09-23
13322,Tumkur,Tumkur,Coconut,Coconut,FAQ,7500,16000,11500,2022-08-17
13323,Tumkur,Tumkur,Coconut,Coconut,FAQ,7500,16500,9500,2022-08-05
13324,Tumkur,Tumkur,Coconut,Coconut,FAQ,7500,16500,9500,2023-01-12
13325,Tumkur,Tumkur,Coconut,Coconut,FAQ,7500,16500,9500,2022-11-16
13326,Tumkur,Tumkur,Coconut,Coconut,FAQ,7500,16500,10500,2023-02-06
13327,Tumkur,Tumkur,Coconut,Coconut,FAQ,7500,16500,11000,2019-10-01
13328,Tumkur,Tumkur,Coconut,Coconut,FAQ,7500,16500,11000,2019-08-30
13329,Tumkur,Tumkur,Coconut,Coconut,FAQ,7500,16500,11500,2019-12-23
13330,Tumkur,Tumkur,Coconut,Coconut,FAQ,7500,17000,10000,2022-10-06
13331,Tumkur,Tumkur,Coconut,Coconut,FAQ,7500,17000,10000,2022-09-14
13332,Tumkur,Tumkur,Coconut,Coconut,FAQ,7500,17000,10000,2022-07-20
13333,Tumkur,Tumkur,Coconut,Coconut,FAQ,7500,17000,10000,2022-09-27
13334,Tumkur,Tumkur,Coconut,Coconut,FAQ,7500,17000,10200,2019-11-20
13335,Tumkur,Tumkur,Coconut,Coconut,FAQ,7500,17000,10500,2019-10-03
13336,Tumkur,Tumkur,Coconut,Coconut,FAQ,7500,17000,10500,2022-06-10
13337,Tumkur,Tumkur,Coconut,Coconut,FAQ,7500,17000,10500,2022-10-11
13338,Tumkur,Tumkur,Coconut,Coconut,FAQ,7500,17000,10500,2022-06-18
13339,Tumkur,Tumkur,Coconut,Coconut,FAQ,7500,17000,10500,2022-10-20
13340,Tumkur,Tumkur,Coconut,Coconut,FAQ,7500,17000,11000,2019-10-10
13341,Tumkur,Tumkur,Coconut,Coconut,FAQ,7500,17000,11000,2019-11-19
13342,Tumkur,Tumkur,Coconut,Coconut,FAQ,7500,17000,11000,2019-09-21
13343,Tumkur,Tumkur,Coconut,Coconut,FAQ,7500,17000,11000,2019-10-24
13344,Tumkur,Tumkur,Coconut,Coconut,FAQ,7500,17000,11000,2019-10-31
13345,Tumkur,Tumkur,Coconut,Coconut,FAQ,7500,17000,11500,2020-01-27
13346,Tumkur,Tumkur,Coconut,Coconut,FAQ,7500,17500,10000,2022-07-30
13347,Tumkur,Tumkur,Coconut,Coconut,FAQ,7500,17500,11000,2022-06-13
13348,Tumkur,Tumkur,Coconut,Coconut,FAQ,7500,17500,11000,2022-10-14
13349,Tumkur,Tumkur,Coconut,Coconut,FAQ,7500,17500,12000,2022-08-23
13350,Tumkur,Tumkur,Coconut,Coconut,FAQ,7500,18000,9500,2022-09-16
13351,Tumkur,Tumkur,Coconut,Coconut,FAQ,7500,18000,10500,2023-10-09
13352,Tumkur,Tumkur,Coconut,Coconut,FAQ,7500,18000,11000,2019-10-04
13353,Tumkur,Tumkur,Coconut,Coconut,FAQ,7500,18000,11000,2022-07-08
13354,Tumkur,Tumkur,Coconut,Coconut,FAQ,7500,18000,11000,2022-08-10
13355,Tumkur,Tumkur,Coconut,Coconut,FAQ,7500,18000,11500,2019-11-08
13356,Tumkur,Tumkur,Coconut,Coconut,FAQ,7500,18000,11500,2023-12-11
13357,Tumkur,Tumkur,Coconut,Coconut,FAQ,7500,18000,11500,2022-12-12
13358,Tumkur,Tumkur,Coconut,Coconut,FAQ,7500,18500,9500,2023-03-10
13359,Tumkur,Tumkur,Coconut,Coconut,FAQ,7500,18500,10500,2023-09-02
13360,Tumkur,Tumkur,Coconut,Coconut,FAQ,7500,18500,11000,2023-08-22
13361,Tumkur,Tumkur,Coconut,Coconut,FAQ,7500,18500,11500,2022-02-05
13362,Tumkur,Tumkur,Coconut,Coconut,FAQ,7500,18500,11500,2023-09-26
13363,Tumkur,Tumkur,Coconut,Coconut,FAQ,7500,18500,12000,2023-08-21
13364,Tumkur,Tumkur,Coconut,Coconut,FAQ,7500,19000,11000,2023-10-02
13365,Tumkur,Tumkur,Coconut,Coconut,FAQ,7500,19000,11500,2023-10-31
13366,Tumkur,Tumkur,Coconut,Coconut,FAQ,7500,19500,11000,2023-09-12
13367,Tumkur,Tumkur,Coconut,Coconut,FAQ,7500,19500,12000,2023-09-15
13368,Tumkur,Tumkur,Coconut,Coconut,FAQ,7500,20000,11500,2023-09-06
13369,Tumkur,Tumkur,Coconut,Coconut,FAQ,7500,20000,11500,2024-01-19
13370,Tumkur,Tumkur,Coconut,Coconut,FAQ,7500,20000,11500,2023-10-25
13371,Tumkur,Tumkur,Coconut,Coconut,FAQ,7500,21000,12500,2023-11-09
13372,Tumkur,Tumkur,Coconut,Coconut,FAQ,7500,21000,13000,2024-01-11
13373,Tumkur,Tumkur,Coconut,Coconut,FAQ,7500,21000,13500,2024-01-04
13374,Tumkur,Tumkur,Coconut,Coconut,FAQ,7600,14500,9100,2019-08-26
13375,Tumkur,Tumkur,Coconut,Coconut,FAQ,7600,14700,10000,2019-07-19
13376,Tumkur,Tumkur,Coconut,Coconut,FAQ,7600,15000,10200,2019-08-19
13377,Tumkur,Tumkur,Coconut,Coconut,FAQ,7600,16000,10000,2019-10-28
13378,Tumkur,Tumkur,Coconut,Coconut,FAQ,7600,16000,10800,2019-12-13
13379,Tumkur,Tumkur,Coconut,Coconut,FAQ,7600,16500,10500,2019-11-21
13380,Tumkur,Tumkur,Coconut,Coconut,FAQ,7600,17000,10500,2019-11-02
13381,Tumkur,Tumkur,Coconut,Coconut,FAQ,7600,17000,11000,2019-12-19
13382,Tumkur,Tumkur,Coconut,Coconut,FAQ,7600,17500,12200,2020-03-19
13383,Tumkur,Tumkur,Coconut,Coconut,FAQ,7800,14500,10500,2019-07-29
13384,Tumkur,Tumkur,Coconut,Coconut,FAQ,7800,15000,11000,2019-08-02
13385,Tumkur,Tumkur,Coconut,Coconut,FAQ,7800,15500,11000,2019-09-13
13386,Tumkur,Tumkur,Coconut,Coconut,FAQ,7800,16000,11500,2019-09-09
13387,Tumkur,Tumkur,Coconut,Coconut,FAQ,7800,16500,10200,2019-09-24
13388,Tumkur,Tumkur,Coconut,Coconut,FAQ,7800,16500,10500,2020-01-06
13389,Tumkur,Tumkur,Coconut,Coconut,FAQ,7800,16500,11000,2019-12-16
13390,Tumkur,Tumkur,Coconut,Coconut,FAQ,7800,16500,11500,2020-02-03
13391,Tumkur,Tumkur,Coconut,Coconut,FAQ,7800,16500,11500,2019-10-05
13392,Tumkur,Tumkur,Coconut,Coconut,FAQ,7800,17000,11000,2019-10-09
13393,Tumkur,Tumkur,Coconut,Coconut,FAQ,7800,17000,11000,2019-09-30
13394,Tumkur,Tumkur,Coconut,Coconut,FAQ,7800,17000,11500,2020-01-16
13395,Tumkur,Tumkur,Coconut,Coconut,FAQ,7800,17000,11500,2020-03-17
13396,Tumkur,Tumkur,Coconut,Coconut,FAQ,7800,17000,12000,2020-01-24
13397,Tumkur,Tumkur,Coconut,Coconut,FAQ,7800,18000,10000,2023-10-13
13398,Tumkur,Tumkur,Coconut,Coconut,FAQ,7800,18000,11500,2020-01-20
13399,Tumkur,Tumkur,Coconut,Coconut,FAQ,8000,13000,9500,2019-07-15
13400,Tumkur,Tumkur,Coconut,Coconut,FAQ,8000,13000,10200,2019-07-17
13401,Tumkur,Tumkur,Coconut,Coconut,FAQ,8000,14000,11000,2019-07-22
13402,Tumkur,Tumkur,Coconut,Coconut,FAQ,8000,14500,10200,2019-08-17
13403,Tumkur,Tumkur,Coconut,Coconut,FAQ,8000,14500,10500,2022-11-03
13404,Tumkur,Tumkur,Coconut,Coconut,FAQ,8000,15500,10500,2022-06-23
13405,Tumkur,Tumkur,Coconut,Coconut,FAQ,8000,16000,11500,2022-06-07
13406,Tumkur,Tumkur,Coconut,Coconut,FAQ,8000,16000,11500,2019-08-28
13407,Tumkur,Tumkur,Coconut,Coconut,FAQ,8000,16500,10000,2022-08-25
13408,Tumkur,Tumkur,Coconut,Coconut,FAQ,8000,16500,11500,2022-07-04
13409,Tumkur,Tumkur,Coconut,Coconut,FAQ,8000,16500,11500,2022-06-15
13410,Tumkur,Tumkur,Coconut,Coconut,FAQ,8000,17000,10500,2019-10-14
13411,Tumkur,Tumkur,Coconut,Coconut,FAQ,8000,17000,10500,2022-10-19
13412,Tumkur,Tumkur,Coconut,Coconut,FAQ,8000,17000,11500,2020-02-05
13413,Tumkur,Tumkur,Coconut,Coconut,FAQ,8000,17000,11500,2022-06-06
13414,Tumkur,Tumkur,Coconut,Coconut,FAQ,8000,17000,11500,2020-01-13
13415,Tumkur,Tumkur,Coconut,Coconut,FAQ,8000,17000,11600,2020-01-23
13416,Tumkur,Tumkur,Coconut,Coconut,FAQ,8000,17000,12400,2020-01-29
13417,Tumkur,Tumkur,Coconut,Coconut,FAQ,8000,17500,10500,2022-12-23
13418,Tumkur,Tumkur,Coconut,Coconut,FAQ,8000,17500,11000,2022-07-12
13419,Tumkur,Tumkur,Coconut,Coconut,FAQ,8000,17500,11000,2022-12-20
13420,Tumkur,Tumkur,Coconut,Coconut,FAQ,8000,17500,11000,2023-01-20
13421,Tumkur,Tumkur,Coconut,Coconut,FAQ,8000,17500,11000,2022-10-24
13422,Tumkur,Tumkur,Coconut,Coconut,FAQ,8000,17500,11500,2022-08-12
13423,Tumkur,Tumkur,Coconut,Coconut,FAQ,8000,17500,12000,2020-10-19
13424,Tumkur,Tumkur,Coconut,Coconut,FAQ,8000,18000,9500,2023-02-07
13425,Tumkur,Tumkur,Coconut,Coconut,FAQ,8000,18000,10000,2023-03-14
13426,Tumkur,Tumkur,Coconut,Coconut,FAQ,8000,18000,10500,2022-10-27
13427,Tumkur,Tumkur,Coconut,Coconut,FAQ,8000,18000,11000,2023-09-13
13428,Tumkur,Tumkur,Coconut,Coconut,FAQ,8000,18000,11000,2023-09-28
13429,Tumkur,Tumkur,Coconut,Coconut,FAQ,8000,18000,11500,2020-01-07
13430,Tumkur,Tumkur,Coconut,Coconut,FAQ,8000,18000,11500,2022-01-20
13431,Tumkur,Tumkur,Coconut,Coconut,FAQ,8000,18000,12500,2020-08-10
13432,Tumkur,Tumkur,Coconut,Coconut,FAQ,8000,18500,10500,2022-08-06
13433,Tumkur,Tumkur,Coconut,Coconut,FAQ,8000,18500,10500,2023-04-12
13434,Tumkur,Tumkur,Coconut,Coconut,FAQ,8000,18500,10500,2023-05-16
13435,Tumkur,Tumkur,Coconut,Coconut,FAQ,8000,18500,11000,2022-01-11
13436,Tumkur,Tumkur,Coconut,Coconut,FAQ,8000,18500,11500,2023-06-05
13437,Tumkur,Tumkur,Coconut,Coconut,FAQ,8000,18500,12000,2023-11-03
13438,Tumkur,Tumkur,Coconut,Coconut,FAQ,8000,18500,12600,2021-09-15
13439,Tumkur,Tumkur,Coconut,Coconut,FAQ,8000,19000,11500,2023-07-01
13440,Tumkur,Tumkur,Coconut,Coconut,FAQ,8000,19000,11500,2023-08-14
13441,Tumkur,Tumkur,Coconut,Coconut,FAQ,8000,19000,12500,2023-08-07
13442,Tumkur,Tumkur,Coconut,Coconut,FAQ,8000,19000,12500,2020-09-15
13443,Tumkur,Tumkur,Coconut,Coconut,FAQ,8000,19000,12500,2020-07-23
13444,Tumkur,Tumkur,Coconut,Coconut,FAQ,8000,19000,12500,2023-12-28
13445,Tumkur,Tumkur,Coconut,Coconut,FAQ,8000,19000,13500,2023-08-04
13446,Tumkur,Tumkur,Coconut,Coconut,FAQ,8000,19200,12500,2020-10-09
13447,Tumkur,Tumkur,Coconut,Coconut,FAQ,8000,19500,10500,2023-05-09
13448,Tumkur,Tumkur,Coconut,Coconut,FAQ,8000,19500,11000,2023-09-04
13449,Tumkur,Tumkur,Coconut,Coconut,FAQ,8000,19500,11500,2023-07-18
13450,Tumkur,Tumkur,Coconut,Coconut,FAQ,8000,19500,12000,2023-11-15
13451,Tumkur,Tumkur,Coconut,Coconut,FAQ,8000,19500,12000,2023-07-25
13452,Tumkur,Tumkur,Coconut,Coconut,FAQ,8000,19500,12500,2020-09-03
13453,Tumkur,Tumkur,Coconut,Coconut,FAQ,8000,19500,12500,2023-07-04
13454,Tumkur,Tumkur,Coconut,Coconut,FAQ,8000,19500,12500,2023-07-27
13455,Tumkur,Tumkur,Coconut,Coconut,FAQ,8000,19500,13500,2021-11-16
13456,Tumkur,Tumkur,Coconut,Coconut,FAQ,8000,20000,11000,2023-08-28
13457,Tumkur,Tumkur,Coconut,Coconut,FAQ,8000,20000,12500,2023-08-11
13458,Tumkur,Tumkur,Coconut,Coconut,FAQ,8000,20000,12800,2020-08-27
13459,Tumkur,Tumkur,Coconut,Coconut,FAQ,8000,20100,13500,2020-08-06
13460,Tumkur,Tumkur,Coconut,Coconut,FAQ,8000,20500,11500,2023-04-19
13461,Tumkur,Tumkur,Coconut,Coconut,FAQ,8000,21000,11500,2023-10-04
13462,Tumkur,Tumkur,Coconut,Coconut,FAQ,8000,21000,11500,2023-10-26
13463,Tumkur,Tumkur,Coconut,Coconut,FAQ,8000,21500,13000,2023-12-19
13464,Tumkur,Tumkur,Coconut,Coconut,FAQ,8000,22000,12000,2024-09-18
13465,Tumkur,Tumkur,Coconut,Coconut,FAQ,8100,17000,11200,2020-06-19
13466,Tumkur,Tumkur,Coconut,Coconut,FAQ,8100,17000,11600,2020-02-24
13467,Tumkur,Tumkur,Coconut,Coconut,FAQ,8100,17000,12600,2020-02-12
13468,Tumkur,Tumkur,Coconut,Coconut,FAQ,8100,17100,12100,2020-03-02
13469,Tumkur,Tumkur,Coconut,Coconut,FAQ,8100,17500,12500,2020-02-10
13470,Tumkur,Tumkur,Coconut,Coconut,FAQ,8200,14000,9000,2019-07-16
13471,Tumkur,Tumkur,Coconut,Coconut,FAQ,8200,14000,10500,2019-07-18
13472,Tumkur,Tumkur,Coconut,Coconut,FAQ,8200,17000,11500,2020-02-19
13473,Tumkur,Tumkur,Coconut,Coconut,FAQ,8200,17000,11800,2020-03-04
13474,Tumkur,Tumkur,Coconut,Coconut,FAQ,8200,17000,12000,2020-02-07
13475,Tumkur,Tumkur,Coconut,Coconut,FAQ,8200,18000,12000,2020-09-11
13476,Tumkur,Tumkur,Coconut,Coconut,FAQ,8200,18000,12500,2020-02-13
13477,Tumkur,Tumkur,Coconut,Coconut,FAQ,8200,18000,12500,2020-08-28
13478,Tumkur,Tumkur,Coconut,Coconut,FAQ,8200,18400,11500,2020-07-03
13479,Tumkur,Tumkur,Coconut,Coconut,FAQ,8200,18500,12500,2020-06-25
13480,Tumkur,Tumkur,Coconut,Coconut,FAQ,8400,16500,11500,2020-03-06
13481,Tumkur,Tumkur,Coconut,Coconut,FAQ,8400,18500,12500,2022-05-21
13482,Tumkur,Tumkur,Coconut,Coconut,FAQ,8400,20200,12800,2020-08-13
13483,Tumkur,Tumkur,Coconut,Coconut,FAQ,8500,14000,11000,2022-11-02
13484,Tumkur,Tumkur,Coconut,Coconut,FAQ,8500,16500,12500,2022-06-08
13485,Tumkur,Tumkur,Coconut,Coconut,FAQ,8500,17000,10000,2022-07-13
13486,Tumkur,Tumkur,Coconut,Coconut,FAQ,8500,17000,10500,2022-07-19
13487,Tumkur,Tumkur,Coconut,Coconut,FAQ,8500,17000,12000,2020-10-23
13488,Tumkur,Tumkur,Coconut,Coconut,FAQ,8500,17500,10500,2023-02-17
13489,Tumkur,Tumkur,Coconut,Coconut,FAQ,8500,17500,11500,2020-06-18
13490,Tumkur,Tumkur,Coconut,Coconut,FAQ,8500,17500,12500,2020-08-11
13491,Tumkur,Tumkur,Coconut,Coconut,FAQ,8500,18000,11500,2022-01-10
13492,Tumkur,Tumkur,Coconut,Coconut,FAQ,8500,18000,11600,2020-03-07
13493,Tumkur,Tumkur,Coconut,Coconut,FAQ,8500,18000,11800,2020-07-06
13494,Tumkur,Tumkur,Coconut,Coconut,FAQ,8500,18000,12000,2022-06-30
13495,Tumkur,Tumkur,Coconut,Coconut,FAQ,8500,18000,12500,2021-10-04
13496,Tumkur,Tumkur,Coconut,Coconut,FAQ,8500,18000,12500,2022-02-16
13497,Tumkur,Tumkur,Coconut,Coconut,FAQ,8500,18000,12500,2020-06-23
13498,Tumkur,Tumkur,Coconut,Coconut,FAQ,8500,18500,11000,2023-03-17
13499,Tumkur,Tumkur,Coconut,Coconut,FAQ,8500,18500,11500,2021-09-30
13500,Tumkur,Tumkur,Coconut,Coconut,FAQ,8500,18500,12500,2022-01-19
13501,Tumkur,Tumkur,Coconut,Coconut,FAQ,8500,18500,12500,2020-08-20
13502,Tumkur,Tumkur,Coconut,Coconut,FAQ,8500,18500,12600,2020-07-21
13503,Tumkur,Tumkur,Coconut,Coconut,FAQ,8500,18500,14000,2020-08-07
13504,Tumkur,Tumkur,Coconut,Coconut,FAQ,8500,19000,11500,2023-09-05
13505,Tumkur,Tumkur,Coconut,Coconut,FAQ,8500,19000,11500,2023-06-07
13506,Tumkur,Tumkur,Coconut,Coconut,FAQ,8500,19000,11500,2023-05-17
13507,Tumkur,Tumkur,Coconut,Coconut,FAQ,8500,19000,12500,2020-09-09
13508,Tumkur,Tumkur,Coconut,Coconut,FAQ,8500,19000,12500,2021-11-30
13509,Tumkur,Tumkur,Coconut,Coconut,FAQ,8500,19000,12800,2020-09-05
13510,Tumkur,Tumkur,Coconut,Coconut,FAQ,8500,19100,12200,2020-07-22
13511,Tumkur,Tumkur,Coconut,Coconut,FAQ,8500,19500,11500,2023-08-18
13512,Tumkur,Tumkur,Coconut,Coconut,FAQ,8500,19500,11500,2023-06-28
13513,Tumkur,Tumkur,Coconut,Coconut,FAQ,8500,19500,12500,2021-11-06
13514,Tumkur,Tumkur,Coconut,Coconut,FAQ,8500,19500,12500,2020-09-07
13515,Tumkur,Tumkur,Coconut,Coconut,FAQ,8500,19500,12500,2021-11-10
13516,Tumkur,Tumkur,Coconut,Coconut,FAQ,8500,19500,12500,2021-12-17
13517,Tumkur,Tumkur,Coconut,Coconut,FAQ,8500,19500,12500,2020-08-26
13518,Tumkur,Tumkur,Coconut,Coconut,FAQ,8500,19500,12500,2022-01-31
13519,Tumkur,Tumkur,Coconut,Coconut,FAQ,8500,19500,13000,2023-08-10
13520,Tumkur,Tumkur,Coconut,Coconut,FAQ,8500,19500,13000,2020-08-29
13521,Tumkur,Tumkur,Coconut,Coconut,FAQ,8500,20000,12000,2023-07-03
13522,Tumkur,Tumkur,Coconut,Coconut,FAQ,8500,20000,12000,2023-07-28
13523,Tumkur,Tumkur,Coconut,Coconut,FAQ,8500,20000,12500,2021-10-11
13524,Tumkur,Tumkur,Coconut,Coconut,FAQ,8500,20000,12500,2023-11-13
13525,Tumkur,Tumkur,Coconut,Coconut,FAQ,8500,20000,12500,2020-10-26
13526,Tumkur,Tumkur,Coconut,Coconut,FAQ,8500,20000,12500,2020-08-31
13527,Tumkur,Tumkur,Coconut,Coconut,FAQ,8500,20000,13500,2023-08-09
13528,Tumkur,Tumkur,Coconut,Coconut,FAQ,8500,20000,13500,2023-07-31
13529,Tumkur,Tumkur,Coconut,Coconut,FAQ,8500,20500,12500,2020-03-26
13530,Tumkur,Tumkur,Coconut,Coconut,FAQ,8500,20500,14500,2021-12-13
13531,Tumkur,Tumkur,Coconut,Coconut,FAQ,8500,20600,12000,2020-08-14
13532,Tumkur,Tumkur,Coconut,Coconut,FAQ,8500,21000,13500,2024-01-01
13533,Tumkur,Tumkur,Coconut,Coconut,FAQ,8500,21000,13500,2023-11-22
13534,Tumkur,Tumkur,Coconut,Coconut,FAQ,8500,21000,13500,2023-11-27
13535,Tumkur,Tumkur,Coconut,Coconut,FAQ,8500,21500,14000,2021-01-11
13536,Tumkur,Tumkur,Coconut,Coconut,FAQ,8500,23000,18500,2024-02-01
13537,Tumkur,Tumkur,Coconut,Coconut,FAQ,8600,18500,12500,2020-09-19
13538,Tumkur,Tumkur,Coconut,Coconut,FAQ,8600,19500,13000,2020-08-24
13539,Tumkur,Tumkur,Coconut,Coconut,FAQ,8800,18500,11500,2020-03-09
13540,Tumkur,Tumkur,Coconut,Coconut,FAQ,8800,19000,13500,2020-08-25
13541,Tumkur,Tumkur,Coconut,Coconut,FAQ,8800,19000,14000,2021-12-28
13542,Tumkur,Tumkur,Coconut,Coconut,FAQ,9000,18000,12000,2021-10-01
13543,Tumkur,Tumkur,Coconut,Coconut,FAQ,9000,18000,12000,2022-01-21
13544,Tumkur,Tumkur,Coconut,Coconut,FAQ,9000,18000,12000,2021-08-27
13545,Tumkur,Tumkur,Coconut,Coconut,FAQ,9000,18000,12100,2022-05-23
13546,Tumkur,Tumkur,Coconut,Coconut,FAQ,9000,18000,12500,2020-07-24
13547,Tumkur,Tumkur,Coconut,Coconut,FAQ,9000,18000,14000,2021-10-16
13548,Tumkur,Tumkur,Coconut,Coconut,FAQ,9000,18500,10000,2023-04-06
13549,Tumkur,Tumkur,Coconut,Coconut,FAQ,9000,18500,12500,2021-09-13
13550,Tumkur,Tumkur,Coconut,Coconut,FAQ,9000,18500,12500,2021-10-21
13551,Tumkur,Tumkur,Coconut,Coconut,FAQ,9000,18500,12500,2021-09-23
13552,Tumkur,Tumkur,Coconut,Coconut,FAQ,9000,19000,12500,2022-01-24
13553,Tumkur,Tumkur,Coconut,Coconut,FAQ,9000,19000,14500,2021-09-20
13554,Tumkur,Tumkur,Coconut,Coconut,FAQ,9000,19500,12500,2023-06-21
13555,Tumkur,Tumkur,Coconut,Coconut,FAQ,9000,20000,11500,2023-03-21
13556,Tumkur,Tumkur,Coconut,Coconut,FAQ,9000,20000,12000,2024-08-30
13557,Tumkur,Tumkur,Coconut,Coconut,FAQ,9000,20000,13000,2021-10-05
13558,Tumkur,Tumkur,Coconut,Coconut,FAQ,9000,20500,14000,2023-08-01
13559,Tumkur,Tumkur,Coconut,Coconut,FAQ,9000,21000,12500,2024-09-02
13560,Tumkur,Tumkur,Coconut,Coconut,FAQ,9000,21000,13500,2023-12-02
13561,Tumkur,Tumkur,Coconut,Coconut,FAQ,9000,21000,13500,2023-12-30
13562,Tumkur,Tumkur,Coconut,Coconut,FAQ,9000,22000,13500,2023-11-16
13563,Tumkur,Tumkur,Coconut,Coconut,FAQ,9000,22000,14500,2022-05-11
13564,Tumkur,Tumkur,Coconut,Coconut,FAQ,9050,19000,12500,2021-08-09
13565,Tumkur,Tumkur,Coconut,Coconut,FAQ,9100,18600,12500,2020-06-30
13566,Tumkur,Tumkur,Coconut,Coconut,FAQ,9300,18300,11500,2021-09-01
13567,Tumkur,Tumkur,Coconut,Coconut,FAQ,9500,17500,11200,2021-08-21
13568,Tumkur,Tumkur,Coconut,Coconut,FAQ,9500,18000,12000,2021-09-14
13569,Tumkur,Tumkur,Coconut,Coconut,FAQ,9500,18000,14500,2021-09-17
13570,Tumkur,Tumkur,Coconut,Coconut,FAQ,9500,18000,14500,2021-08-19
13571,Tumkur,Tumkur,Coconut,Coconut,FAQ,9500,18500,11500,2022-05-16
13572,Tumkur,Tumkur,Coconut,Coconut,FAQ,9500,18500,12000,2021-08-10
13573,Tumkur,Tumkur,Coconut,Coconut,FAQ,9500,18500,12000,2020-07-15
13574,Tumkur,Tumkur,Coconut,Coconut,FAQ,9500,18500,12200,2021-08-23
13575,Tumkur,Tumkur,Coconut,Coconut,FAQ,9500,18500,12500,2021-08-26
13576,Tumkur,Tumkur,Coconut,Coconut,FAQ,9500,18500,12500,2021-09-27
13577,Tumkur,Tumkur,Coconut,Coconut,FAQ,9500,18500,14200,2021-08-17
13578,Tumkur,Tumkur,Coconut,Coconut,FAQ,9500,19000,12500,2021-08-03
13579,Tumkur,Tumkur,Coconut,Coconut,FAQ,9500,19000,13000,2021-09-28
13580,Tumkur,Tumkur,Coconut,Coconut,FAQ,9500,20000,14500,2021-09-18
13581,Tumkur,Tumkur,Coconut,Coconut,FAQ,9500,20500,12500,2023-06-22
13582,Tumkur,Tumkur,Coconut,Coconut,FAQ,9500,21000,12500,2020-04-03
13583,Tumkur,Tumkur,Coconut,Coconut,FAQ,9500,21000,14200,2022-02-17
13584,Tumkur,Tumkur,Coconut,Coconut,FAQ,9500,21000,15500,2020-10-28
13585,Tumkur,Tumkur,Coconut,Coconut,FAQ,9500,21500,14500,2020-12-18
13586,Tumkur,Tumkur,Coconut,Coconut,FAQ,9500,21500,14500,2022-02-24
13587,Tumkur,Tumkur,Coconut,Coconut,FAQ,9500,21800,14500,2020-11-25
13588,Tumkur,Tumkur,Coconut,Coconut,FAQ,9500,22000,14500,2022-02-25
13589,Tumkur,Tumkur,Coconut,Coconut,FAQ,9500,22000,16500,2020-11-09
13590,Tumkur,Tumkur,Coconut,Coconut,FAQ,9600,22000,14000,2020-11-05
13591,Tumkur,Tumkur,Coconut,Coconut,FAQ,9600,22000,14500,2020-11-02
13592,Tumkur,Tumkur,Coconut,Coconut,FAQ,9800,18500,14200,2021-08-18
13593,Tumkur,Tumkur,Coconut,Coconut,FAQ,10000,19500,14500,2024-06-19
13594,Tumkur,Tumkur,Coconut,Coconut,FAQ,10000,21000,14000,2021-01-22
13595,Tumkur,Tumkur,Coconut,Coconut,FAQ,10000,22500,14500,2021-01-25
13596,Tumkur,Tumkur,Coconut,Coconut,FAQ,10000,24200,16500,2021-03-06
13597,Tumkur,Tumkur,Coconut,Coconut,FAQ,10000,26000,14000,2024-12-09
13598,Tumkur,Tumkur,Coconut,Coconut,FAQ,10000,26000,14000,2024-11-25
13599,Tumkur,Tumkur,Coconut,Coconut,FAQ,10000,26000,16000,2024-12-02
13600,Tumkur,Tumkur,Coconut,Coconut,FAQ,10000,28000,16000,2024-12-05
13601,Tumkur,Tumkur,Coconut,Coconut,FAQ,10200,24500,14200,2021-06-29
13602,Tumkur,Tumkur,Coconut,Coconut,FAQ,10300,18300,13500,2021-08-12
13603,Tumkur,Tumkur,Coconut,Coconut,FAQ,10500,18500,12000,2022-05-27
13604,Tumkur,Tumkur,Coconut,Coconut,FAQ,10500,20500,14500,2022-02-22
13605,Tumkur,Tumkur,Coconut,Coconut,FAQ,10500,21000,14500,2021-01-21
13606,Tumkur,Tumkur,Coconut,Coconut,FAQ,10500,22100,14200,2021-07-23
13607,Tumkur,Tumkur,Coconut,Coconut,FAQ,10500,22400,14500,2021-07-27
13608,Tumkur,Tumkur,Coconut,Coconut,FAQ,10500,22500,12500,2022-05-05
13609,Tumkur,Tumkur,Coconut,Coconut,FAQ,10500,22500,14500,2021-01-14
13610,Tumkur,Tumkur,Coconut,Coconut,FAQ,10500,22500,14500,2022-03-29
13611,Tumkur,Tumkur,Coconut,Coconut,FAQ,10500,23500,15500,2022-05-09
13612,Tumkur,Tumkur,Coconut,Coconut,FAQ,10500,24000,14500,2021-06-23
13613,Tumkur,Tumkur,Coconut,Coconut,FAQ,10500,24500,14500,2021-07-06
13614,Tumkur,Tumkur,Coconut,Coconut,FAQ,10500,24500,14500,2021-02-26
13615,Tumkur,Tumkur,Coconut,Coconut,FAQ,10600,22500,14000,2021-06-22
13616,Tumkur,Tumkur,Coconut,Coconut,FAQ,10800,22500,14500,2021-01-12
13617,Tumkur,Tumkur,Coconut,Coconut,FAQ,11000,21500,14500,2020-12-08
13618,Tumkur,Tumkur,Coconut,Coconut,FAQ,11000,21800,14500,2021-01-06
13619,Tumkur,Tumkur,Coconut,Coconut,FAQ,11000,22000,14500,2021-07-02
13620,Tumkur,Tumkur,Coconut,Coconut,FAQ,11000,22000,14500,2021-01-20
13621,Tumkur,Tumkur,Coconut,Coconut,FAQ,11000,22000,14500,2021-06-21
13622,Tumkur,Tumkur,Coconut,Coconut,FAQ,11000,22000,16500,2020-12-19
13623,Tumkur,Tumkur,Coconut,Coconut,FAQ,11000,22500,14500,2022-03-23
13624,Tumkur,Tumkur,Coconut,Coconut,FAQ,11000,23000,14500,2020-11-20
13625,Tumkur,Tumkur,Coconut,Coconut,FAQ,11000,23000,15300,2021-01-27
13626,Tumkur,Tumkur,Coconut,Coconut,FAQ,11000,23000,16500,2022-05-06
13627,Tumkur,Tumkur,Coconut,Coconut,FAQ,11000,24000,14200,2021-02-03
13628,Tumkur,Tumkur,Coconut,Coconut,FAQ,11000,24000,16500,2021-03-02
13629,Tumkur,Tumkur,Coconut,Coconut,FAQ,11000,24500,16200,2021-03-10
13630,Tumkur,Tumkur,Coconut,Coconut,FAQ,11000,25000,14000,2024-11-26
13631,Tumkur,Tumkur,Coconut,Coconut,FAQ,11200,23000,15500,2020-11-18
13632,Tumkur,Tumkur,Coconut,Coconut,FAQ,11500,22000,14000,2021-01-19
13633,Tumkur,Tumkur,Coconut,Coconut,FAQ,11500,22000,14500,2021-01-02
13634,Tumkur,Tumkur,Coconut,Coconut,FAQ,11500,22600,16200,2020-11-13
13635,Tumkur,Tumkur,Coconut,Coconut,FAQ,11500,22800,14500,2021-02-05
13636,Tumkur,Tumkur,Coconut,Coconut,FAQ,11500,24200,14500,2021-02-11
13637,Tumkur,Tumkur,Coconut,Coconut,FAQ,11500,24500,14500,2021-07-16
13638,Tumkur,Tumkur,Coconut,Coconut,FAQ,12000,22400,15200,2021-01-01
13639,Tumkur,Tumkur,Coconut,Coconut,FAQ,12000,23000,14500,2021-01-18
13640,Tumkur,Tumkur,Coconut,Coconut,FAQ,12000,23000,15000,2020-11-19
13641,Tumkur,Tumkur,Coconut,Coconut,FAQ,12000,24000,14500,2021-02-08
13642,Tumkur,Tumkur,Coconut,Coconut,FAQ,12000,24200,16500,2021-03-03
13643,Tumkur,Tumkur,Coconut,Coconut,FAQ,12000,24500,14500,2022-03-31
13644,Tumkur,Tumkur,Coconut,Coconut,FAQ,12000,24500,15600,2021-02-09
13645,Tumkur,Tumkur,Coconut,Coconut,FAQ,12000,25000,16000,2024-11-27
13646,Tumkur,Tumkur,Coconut,Coconut,FAQ,12000,28000,18000,2024-12-23
13647,Tumkur,Tumkur,Coconut,Coconut,FAQ,12000,30000,20000,2025-01-02
13648,Tumkur,Tumkur,Coconut,Coconut,FAQ,12000,30000,20000,2025-02-06
13649,Tumkur,Tumkur,Coconut,Coconut,FAQ,12500,21500,14000,2021-01-04
13650,Tumkur,Tumkur,Coconut,Coconut,FAQ,12500,22500,14600,2020-12-30
13651,Tumkur,Tumkur,Coconut,Coconut,FAQ,12500,23500,18000,2020-12-14
13652,Tumkur,Tumkur,Coconut,Coconut,FAQ,12500,25000,15500,2024-10-03
13653,Tumkur,Tumkur,Coconut,Coconut,FAQ,13000,25000,16500,2021-04-21
13654,Tumkur,Tumkur,Coconut,Coconut,FAQ,13000,27000,18000,2024-10-08
13655,Tumkur,Tumkur,Coconut,Coconut,FAQ,14000,28000,20000,2025-02-18
13656,Tumkur,Tumkur,Coconut,Coconut,FAQ,15000,30000,20000,2025-01-06
13657,Tumkur,Tumkur,Coconut,Coconut,FAQ,16000,32000,24000,2025-05-27
13658,Tumkur,Tumkur,Coconut,Coconut,FAQ,18000,32000,21000,2025-05-15
13659,Tumkur,Tumkur,Coconut,Coconut,FAQ,18000,32000,24000,2025-05-28
13660,Tumkur,Tumkur,Coconut,Coconut,FAQ,22000,38000,26000,2025-06-23
13661,Tumkur,Tumkur,Coconut,Coconut,FAQ,48100,49800,49100,2022-06-21
13662,Tumkur,Tumkur,Coconut,Grade-I,FAQ,800,15000,12000,2020-05-30
13663,Tumkur,Tumkur,Coconut,Grade-I,FAQ,6000,18000,12000,2020-06-04
13664,Tumkur,Tumkur,Coconut,Grade-I,FAQ,6000,18000,12000,2020-06-05
13665,Tumkur,Tumkur,Coconut,Grade-I,FAQ,6500,17000,9500,2023-09-22
13666,Tumkur,Tumkur,Coconut,Grade-I,FAQ,7000,12000,10000,2020-05-15
13667,Tumkur,Tumkur,Coconut,Grade-I,FAQ,7000,15500,9500,2022-07-27
13668,Tumkur,Tumkur,Coconut,Grade-I,FAQ,7000,16500,9500,2023-02-13
13669,Tumkur,Tumkur,Coconut,Grade-I,FAQ,7000,16500,9500,2023-01-24
13670,Tumkur,Tumkur,Coconut,Grade-I,FAQ,7000,16500,10500,2022-09-21
13671,Tumkur,Tumkur,Coconut,Grade-I,FAQ,7000,16500,10500,2022-08-22
13672,Tumkur,Tumkur,Coconut,Grade-I,FAQ,7000,16500,10500,2022-09-28
13673,Tumkur,Tumkur,Coconut,Grade-I,FAQ,7000,16500,10500,2022-07-29
13674,Tumkur,Tumkur,Coconut,Grade-I,FAQ,7000,16500,11000,2022-08-19
13675,Tumkur,Tumkur,Coconut,Grade-I,FAQ,7000,17000,9000,2022-09-22
13676,Tumkur,Tumkur,Coconut,Grade-I,FAQ,7000,17000,9500,2023-01-13
13677,Tumkur,Tumkur,Coconut,Grade-I,FAQ,7000,17500,9500,2022-09-23
13678,Tumkur,Tumkur,Coconut,Grade-I,FAQ,7000,17500,10000,2022-11-22
13679,Tumkur,Tumkur,Coconut,Grade-I,FAQ,7000,18500,10500,2023-10-12
13680,Tumkur,Tumkur,Coconut,Grade-I,FAQ,7000,18500,11000,2023-11-02
13681,Tumkur,Tumkur,Coconut,Grade-I,FAQ,7000,18500,11000,2024-02-17
13682,Tumkur,Tumkur,Coconut,Grade-I,FAQ,7000,19000,11000,2024-03-02
13683,Tumkur,Tumkur,Coconut,Grade-I,FAQ,7000,19000,11500,2023-09-19
13684,Tumkur,Tumkur,Coconut,Grade-I,FAQ,7200,18500,10500,2023-10-18
13685,Tumkur,Tumkur,Coconut,Grade-I,FAQ,7500,14000,9800,2019-07-25
13686,Tumkur,Tumkur,Coconut,Grade-I,FAQ,7500,14000,10200,2019-08-06
13687,Tumkur,Tumkur,Coconut,Grade-I,FAQ,7500,14000,10500,2019-08-12
13688,Tumkur,Tumkur,Coconut,Grade-I,FAQ,7500,14000,10500,2019-07-20
13689,Tumkur,Tumkur,Coconut,Grade-I,FAQ,7500,16000,9000,2023-01-30
13690,Tumkur,Tumkur,Coconut,Grade-I,FAQ,7500,16000,9500,2022-08-26
13691,Tumkur,Tumkur,Coconut,Grade-I,FAQ,7500,16000,10000,2023-02-01
13692,Tumkur,Tumkur,Coconut,Grade-I,FAQ,7500,16000,10000,2022-09-29
13693,Tumkur,Tumkur,Coconut,Grade-I,FAQ,7500,16500,9500,2022-10-21
13694,Tumkur,Tumkur,Coconut,Grade-I,FAQ,7500,16500,10500,2020-01-03
13695,Tumkur,Tumkur,Coconut,Grade-I,FAQ,7500,16500,10500,2019-11-25
13696,Tumkur,Tumkur,Coconut,Grade-I,FAQ,7500,16500,11500,2022-12-30
13697,Tumkur,Tumkur,Coconut,Grade-I,FAQ,7500,17000,10000,2023-01-03
13698,Tumkur,Tumkur,Coconut,Grade-I,FAQ,7500,17000,11000,2022-07-05
13699,Tumkur,Tumkur,Coconut,Grade-I,FAQ,7500,17000,11000,2019-09-18
13700,Tumkur,Tumkur,Coconut,Grade-I,FAQ,7500,17000,11200,2019-12-30
13701,Tumkur,Tumkur,Coconut,Grade-I,FAQ,7500,17000,11800,2020-02-01
13702,Tumkur,Tumkur,Coconut,Grade-I,FAQ,7500,17500,9500,2022-09-20
13703,Tumkur,Tumkur,Coconut,Grade-I,FAQ,7500,17500,10000,2023-01-16
13704,Tumkur,Tumkur,Coconut,Grade-I,FAQ,7500,18000,9500,2022-07-28
13705,Tumkur,Tumkur,Coconut,Grade-I,FAQ,7500,18000,10500,2022-08-01
13706,Tumkur,Tumkur,Coconut,Grade-I,FAQ,7500,18000,10500,2022-11-21
13707,Tumkur,Tumkur,Coconut,Grade-I,FAQ,7500,18000,11500,2024-02-26
13708,Tumkur,Tumkur,Coconut,Grade-I,FAQ,7500,18500,9500,2024-02-07
13709,Tumkur,Tumkur,Coconut,Grade-I,FAQ,7500,18500,10500,2023-10-16
13710,Tumkur,Tumkur,Coconut,Grade-I,FAQ,7500,18500,10500,2022-07-26
13711,Tumkur,Tumkur,Coconut,Grade-I,FAQ,7500,18500,11000,2023-11-04
13712,Tumkur,Tumkur,Coconut,Grade-I,FAQ,7500,18500,11000,2023-09-08
13713,Tumkur,Tumkur,Coconut,Grade-I,FAQ,7500,18500,11000,2023-10-21
13714,Tumkur,Tumkur,Coconut,Grade-I,FAQ,7500,19000,12500,2020-03-23
13715,Tumkur,Tumkur,Coconut,Grade-I,FAQ,7500,21000,11500,2024-03-16
13716,Tumkur,Tumkur,Coconut,Grade-I,FAQ,7500,21500,12500,2024-01-23
13717,Tumkur,Tumkur,Coconut,Grade-I,FAQ,7600,18000,10500,2019-11-26
13718,Tumkur,Tumkur,Coconut,Grade-I,FAQ,7800,16000,11000,2019-09-19
13719,Tumkur,Tumkur,Coconut,Grade-I,FAQ,7800,17500,11200,2020-01-09
13720,Tumkur,Tumkur,Coconut,Grade-I,FAQ,7800,17500,11500,2020-01-21
13721,Tumkur,Tumkur,Coconut,Grade-I,FAQ,7800,18000,13500,2020-06-08
13722,Tumkur,Tumkur,Coconut,Grade-I,FAQ,8000,14000,10500,2022-10-31
13723,Tumkur,Tumkur,Coconut,Grade-I,FAQ,8000,15500,9500,2022-09-01
13724,Tumkur,Tumkur,Coconut,Grade-I,FAQ,8000,16000,10500,2022-07-15
13725,Tumkur,Tumkur,Coconut,Grade-I,FAQ,8000,16000,12000,2020-05-01
13726,Tumkur,Tumkur,Coconut,Grade-I,FAQ,8000,16000,13000,2020-04-21
13727,Tumkur,Tumkur,Coconut,Grade-I,FAQ,8000,17000,10500,2023-01-11
13728,Tumkur,Tumkur,Coconut,Grade-I,FAQ,8000,17000,10500,2023-02-20
13729,Tumkur,Tumkur,Coconut,Grade-I,FAQ,8000,17000,11000,2022-12-31
13730,Tumkur,Tumkur,Coconut,Grade-I,FAQ,8000,17000,12500,2022-07-01
13731,Tumkur,Tumkur,Coconut,Grade-I,FAQ,8000,17500,10500,2023-06-01
13732,Tumkur,Tumkur,Coconut,Grade-I,FAQ,8000,17500,10500,2022-07-11
13733,Tumkur,Tumkur,Coconut,Grade-I,FAQ,8000,17500,11500,2022-07-14
13734,Tumkur,Tumkur,Coconut,Grade-I,FAQ,8000,18000,9500,2023-04-10
13735,Tumkur,Tumkur,Coconut,Grade-I,FAQ,8000,18000,10500,2023-02-15
13736,Tumkur,Tumkur,Coconut,Grade-I,FAQ,8000,18000,10500,2023-02-16
13737,Tumkur,Tumkur,Coconut,Grade-I,FAQ,8000,18000,10500,2022-07-25
13738,Tumkur,Tumkur,Coconut,Grade-I,FAQ,8000,18000,11500,2023-10-19
13739,Tumkur,Tumkur,Coconut,Grade-I,FAQ,8000,18000,12500,2022-01-17
13740,Tumkur,Tumkur,Coconut,Grade-I,FAQ,8000,18000,12500,2020-10-21
13741,Tumkur,Tumkur,Coconut,Grade-I,FAQ,8000,18000,13000,2020-06-09
13742,Tumkur,Tumkur,Coconut,Grade-I,FAQ,8000,18500,11500,2023-03-02
13743,Tumkur,Tumkur,Coconut,Grade-I,FAQ,8000,18500,11500,2022-12-06
13744,Tumkur,Tumkur,Coconut,Grade-I,FAQ,8000,18500,11500,2023-06-16
13745,Tumkur,Tumkur,Coconut,Grade-I,FAQ,8000,19000,12000,2021-11-09
13746,Tumkur,Tumkur,Coconut,Grade-I,FAQ,8000,19500,11000,2023-06-14
13747,Tumkur,Tumkur,Coconut,Grade-I,FAQ,8000,19500,11500,2023-07-07
13748,Tumkur,Tumkur,Coconut,Grade-I,FAQ,8000,19500,12500,2021-11-24
13749,Tumkur,Tumkur,Coconut,Grade-I,FAQ,8000,20000,12500,2023-04-13
13750,Tumkur,Tumkur,Coconut,Grade-I,FAQ,8000,20000,12500,2023-12-22
13751,Tumkur,Tumkur,Coconut,Grade-I,FAQ,8000,20000,13000,2024-01-03
13752,Tumkur,Tumkur,Coconut,Grade-I,FAQ,8000,20000,13000,2023-12-18
13753,Tumkur,Tumkur,Coconut,Grade-I,FAQ,8000,22000,13000,2023-12-12
13754,Tumkur,Tumkur,Coconut,Grade-I,FAQ,8000,22000,13000,2023-11-24
13755,Tumkur,Tumkur,Coconut,Grade-I,FAQ,8100,17500,11600,2020-02-17
13756,Tumkur,Tumkur,Coconut,Grade-I,FAQ,8200,18000,11600,2020-10-12
13757,Tumkur,Tumkur,Coconut,Grade-I,FAQ,8200,18000,12500,2020-10-06
13758,Tumkur,Tumkur,Coconut,Grade-I,FAQ,8400,20200,12800,2020-08-12
13759,Tumkur,Tumkur,Coconut,Grade-I,FAQ,8500,16500,10500,2022-07-06
13760,Tumkur,Tumkur,Coconut,Grade-I,FAQ,8500,16500,12500,2022-06-03
13761,Tumkur,Tumkur,Coconut,Grade-I,FAQ,8500,17000,11000,2022-08-15
13762,Tumkur,Tumkur,Coconut,Grade-I,FAQ,8500,18000,10500,2023-04-05
13763,Tumkur,Tumkur,Coconut,Grade-I,FAQ,8500,18000,10500,2023-01-21
13764,Tumkur,Tumkur,Coconut,Grade-I,FAQ,8500,18000,11500,2021-09-08
13765,Tumkur,Tumkur,Coconut,Grade-I,FAQ,8500,18000,11500,2020-10-13
13766,Tumkur,Tumkur,Coconut,Grade-I,FAQ,8500,18000,12500,2020-09-28
13767,Tumkur,Tumkur,Coconut,Grade-I,FAQ,8500,18500,11000,2023-06-08
13768,Tumkur,Tumkur,Coconut,Grade-I,FAQ,8500,18500,11500,2022-01-04
13769,Tumkur,Tumkur,Coconut,Grade-I,FAQ,8500,18500,12000,2020-10-05
13770,Tumkur,Tumkur,Coconut,Grade-I,FAQ,8500,18500,12500,2020-10-16
13771,Tumkur,Tumkur,Coconut,Grade-I,FAQ,8500,18800,12500,2022-01-14
13772,Tumkur,Tumkur,Coconut,Grade-I,FAQ,8500,19000,11500,2023-07-17
13773,Tumkur,Tumkur,Coconut,Grade-I,FAQ,8500,19000,11500,2023-07-21
13774,Tumkur,Tumkur,Coconut,Grade-I,FAQ,8500,19000,11500,2023-07-24
13775,Tumkur,Tumkur,Coconut,Grade-I,FAQ,8500,19000,12000,2020-07-27
13776,Tumkur,Tumkur,Coconut,Grade-I,FAQ,8500,19000,12200,2020-07-31
13777,Tumkur,Tumkur,Coconut,Grade-I,FAQ,8500,19000,12500,2023-12-21
13778,Tumkur,Tumkur,Coconut,Grade-I,FAQ,8500,19000,14500,2021-12-04
13779,Tumkur,Tumkur,Coconut,Grade-I,FAQ,8500,19500,11000,2023-06-17
13780,Tumkur,Tumkur,Coconut,Grade-I,FAQ,8500,19500,11500,2023-06-13
13781,Tumkur,Tumkur,Coconut,Grade-I,FAQ,8500,19500,11500,2023-04-26
13782,Tumkur,Tumkur,Coconut,Grade-I,FAQ,8500,19500,11500,2021-12-31
13783,Tumkur,Tumkur,Coconut,Grade-I,FAQ,8500,19500,12000,2023-12-04
13784,Tumkur,Tumkur,Coconut,Grade-I,FAQ,8500,19500,12100,2021-11-19
13785,Tumkur,Tumkur,Coconut,Grade-I,FAQ,8500,19500,12500,2022-01-05
13786,Tumkur,Tumkur,Coconut,Grade-I,FAQ,8500,19500,12500,2023-12-15
13787,Tumkur,Tumkur,Coconut,Grade-I,FAQ,8500,20000,14500,2021-10-13
13788,Tumkur,Tumkur,Coconut,Grade-I,FAQ,8500,20500,11000,2023-05-08
13789,Tumkur,Tumkur,Coconut,Grade-I,FAQ,8500,20500,12500,2021-11-12
13790,Tumkur,Tumkur,Coconut,Grade-I,FAQ,8500,21000,12000,2023-04-18
13791,Tumkur,Tumkur,Coconut,Grade-I,FAQ,8500,21000,12500,2023-12-07
13792,Tumkur,Tumkur,Coconut,Grade-I,FAQ,8500,21000,13000,2023-11-18
13793,Tumkur,Tumkur,Coconut,Grade-I,FAQ,8500,21000,13500,2023-12-13
13794,Tumkur,Tumkur,Coconut,Grade-I,FAQ,8800,19500,14500,2021-12-14
13795,Tumkur,Tumkur,Coconut,Grade-I,FAQ,9000,18000,12500,2020-07-14
13796,Tumkur,Tumkur,Coconut,Grade-I,FAQ,9000,18500,11500,2023-06-12
13797,Tumkur,Tumkur,Coconut,Grade-I,FAQ,9000,19000,12500,2022-05-17
13798,Tumkur,Tumkur,Coconut,Grade-I,FAQ,9000,19500,11500,2023-07-05
13799,Tumkur,Tumkur,Coconut,Grade-I,FAQ,9000,19500,12000,2023-06-23
13800,Tumkur,Tumkur,Coconut,Grade-I,FAQ,9000,20000,11500,2023-06-29
13801,Tumkur,Tumkur,Coconut,Grade-I,FAQ,9000,22000,12500,2023-12-05
13802,Tumkur,Tumkur,Coconut,Grade-I,FAQ,9200,18500,12600,2020-07-16
13803,Tumkur,Tumkur,Coconut,Grade-I,FAQ,9500,18000,12000,2021-10-29
13804,Tumkur,Tumkur,Coconut,Grade-I,FAQ,9500,18500,11500,2021-10-27
13805,Tumkur,Tumkur,Coconut,Grade-I,FAQ,9500,18500,12500,2022-01-28
13806,Tumkur,Tumkur,Coconut,Grade-I,FAQ,9500,20000,11500,2023-07-06
13807,Tumkur,Tumkur,Coconut,Grade-I,FAQ,9500,20000,11500,2023-06-26
13808,Tumkur,Tumkur,Coconut,Grade-I,FAQ,9500,20000,12500,2023-07-12
13809,Tumkur,Tumkur,Coconut,Grade-I,FAQ,9500,21000,14000,2021-10-08
13810,Tumkur,Tumkur,Coconut,Grade-I,FAQ,9500,21000,14500,2022-02-19
13811,Tumkur,Tumkur,Coconut,Grade-I,FAQ,9500,21500,14500,2020-10-29
13812,Tumkur,Tumkur,Coconut,Grade-I,FAQ,9500,22500,15500,2022-03-07
13813,Tumkur,Tumkur,Coconut,Grade-I,FAQ,9800,18500,12200,2021-08-07
13814,Tumkur,Tumkur,Coconut,Grade-I,FAQ,9800,22500,12500,2021-07-22
13815,Tumkur,Tumkur,Coconut,Grade-I,FAQ,10500,22500,14000,2020-11-21
13816,Tumkur,Tumkur,Coconut,Grade-I,FAQ,10500,22500,14500,2022-03-14
13817,Tumkur,Tumkur,Coconut,Grade-I,FAQ,10500,22500,14500,2022-02-28
13818,Tumkur,Tumkur,Coconut,Grade-I,FAQ,10500,24000,14500,2021-02-25
13819,Tumkur,Tumkur,Coconut,Grade-I,FAQ,10500,24500,14000,2021-07-09
13820,Tumkur,Tumkur,Coconut,Grade-I,FAQ,10800,24200,14500,2021-07-13
13821,Tumkur,Tumkur,Coconut,Grade-I,FAQ,11000,21000,14500,2021-01-08
13822,Tumkur,Tumkur,Coconut,Grade-I,FAQ,11000,22500,14200,2020-12-05
13823,Tumkur,Tumkur,Coconut,Grade-I,FAQ,11000,22500,15000,2020-11-16
13824,Tumkur,Tumkur,Coconut,Grade-I,FAQ,11000,24000,15500,2021-02-18
13825,Tumkur,Tumkur,Coconut,Grade-I,FAQ,11500,23000,15500,2022-03-25
13826,Tumkur,Tumkur,Coconut,Grade-I,FAQ,11500,23800,14300,2021-01-29
13827,Tumkur,Tumkur,Coconut,Grade-I,FAQ,11500,24000,14000,2022-04-01
13828,Tumkur,Tumkur,Coconut,Grade-I,FAQ,12000,24000,14500,2021-04-17
13829,Tumkur,Tumkur,Coconut,Grade-I,FAQ,12000,24000,16000,2022-04-27
13830,Tumkur,Tumkur,Coconut,Grade-I,FAQ,12100,24500,16500,2021-04-05
13831,Tumkur,Tumkur,Coconut,Grade-I,FAQ,12500,24000,16500,2021-04-01
13832,Tumkur,Tumkur,Coconut,Grade-I,FAQ,12500,24500,14500,2022-04-14
13833,Tumkur,Tumkur,Coconut,Grade-I,FAQ,12500,24500,15500,2022-04-26
13834,Tumkur,Tumkur,Coconut,Grade-I,FAQ,12500,25000,14000,2021-04-19
13835,Tumkur,Tumkur,Coconut,Grade-I,FAQ,12500,25000,18500,2021-04-15
13836,Tumkur,Tumkur,Coconut,Grade-I,FAQ,13000,24500,16500,2022-04-19
13837,Tumkur,Tumkur,Coconut,Grade-I,FAQ,14000,25000,18000,2021-05-03
13838,Tumkur,Tumkur,Coconut,Grade-I,FAQ,14000,25000,18500,2021-04-07
13839,Tumkur,Tumkur,Coconut,Grade-I,FAQ,14000,25000,18500,2021-05-11
13840,Tumkur,Tumkur,Coconut,Grade-I,FAQ,14000,30000,20000,2025-05-14
13841,Tumkur,Tumkur,Coconut,Grade-I,FAQ,18000,32000,22000,2025-06-10
13842,Tumkur,Tumkur,Coconut,Grade-I,Ref grade-1,15000,30000,20000,2025-01-31
