Sl no.,District Name,Market,Commodity,Variety,Grade,Min Price (Rs./Quintal),Max Price (Rs./Quintal),Modal_Price,Arrival_Date,date,tavg,tmin,tmax,prcp,snow,wdir,wspd,wpgt,pres,tsun
3066,Hassan,Channarayapatna,Coconut,Grade- II,FAQ,9000,9000,9000,2020-06-06,2020-06-06,,,,,,,,,,
3067,Hassan,Channarayapatna,Coconut,Grade- II,FAQ,10000,10000,10000,2020-08-01,2020-08-01,,,,,,,,,,
3068,Hassan,Channarayapatna,Coconut,Grade- II,FAQ,10000,10000,10000,2021-08-01,2021-08-01,24.2,20.4,28.8,0.4,,,17.9,,1010.9,
3069,Hassan,Channarayapatna,Coconut,Grade- II,FAQ,10000,10000,10000,2022-02-01,2022-02-01,24.8,18.6,30.7,0.0,,,7.0,,1011.4,
3070,Hassan,Channarayapatna,Coconut,Grade- II,FAQ,10000,10000,10000,2021-01-01,2021-01-01,,,,,,,,,,
3071,Hassan,Channarayapatna,Coconut,Grade- II,FAQ,10000,10000,10000,2022-01-01,2022-01-01,22.2,19.3,27.8,0.5,,,12.5,,1016.8,
3072,Hassan,Channarayapatna,Coconut,Grade- II,FAQ,10000,10000,10000,2020-07-01,2020-07-01,,,,,,,,,,
3073,Hassan,Channarayapatna,Coconut,Grade- II,FAQ,10000,10000,10000,2020-06-01,2020-06-01,,,,,,,,,,
3074,Hassan,Channarayapatna,Coconut,Grade- II,FAQ,10000,10000,10000,2022-10-01,2022-10-01,21.8,20.5,24.3,8.4,,,14.5,,1010.5,
3075,Hassan,Channarayapatna,Coconut,Grade- II,FAQ,10000,10000,10000,2022-08-02,2022-08-02,22.7,20.8,27.6,24.2,,,6.1,,1005.8,
3076,Hassan,Channarayapatna,Coconut,Grade- II,FAQ,10000,10000,10000,2021-12-02,2021-12-02,22.6,19.6,27.6,4.8,,,4.5,,1012.7,
3077,Hassan,Channarayapatna,Coconut,Grade- II,FAQ,10000,10000,10000,2022-01-02,2022-01-02,22.2,17.9,27.1,0.0,,,12.5,,1015.8,
3078,Hassan,Channarayapatna,Coconut,Grade- II,FAQ,10000,10000,10000,2020-06-02,2020-06-02,,,,,,,,,,
3079,Hassan,Channarayapatna,Coconut,Grade- II,FAQ,10000,10000,10000,2021-05-02,2021-05-02,27.8,22.7,33.7,0.4,,,6.2,,1009.8,
3080,Hassan,Channarayapatna,Coconut,Grade- II,FAQ,10000,10000,10000,2022-09-02,2022-09-02,23.3,19.5,28.5,8.5,,,5.4,,1009.0,
3081,Hassan,Channarayapatna,Coconut,Grade- II,FAQ,10000,10000,10000,2020-04-03,2020-04-03,,,,,,,,,,
3082,Hassan,Channarayapatna,Coconut,Grade- II,FAQ,10000,10000,10000,2020-08-03,2020-08-03,,,,,,,,,,
3083,Hassan,Channarayapatna,Coconut,Grade- II,FAQ,10000,10000,10000,2020-07-03,2020-07-03,,,,,,,,,,
3084,Hassan,Channarayapatna,Coconut,Grade- II,FAQ,10000,10000,10000,2021-07-03,2021-07-03,25.3,21.0,32.0,6.8,,,9.8,,1009.4,
3085,Hassan,Channarayapatna,Coconut,Grade- II,FAQ,10000,10000,10000,2022-07-03,2022-07-03,24.4,21.2,29.1,2.7,,,17.4,,1007.2,
3086,Hassan,Channarayapatna,Coconut,Grade- II,FAQ,10000,10000,10000,2020-08-04,2020-08-04,,,,,,,,,,
3087,Hassan,Channarayapatna,Coconut,Grade- II,FAQ,10000,10000,10000,2021-08-04,2021-08-04,24.3,21.2,28.5,0.9,,,17.7,,1012.7,
3088,Hassan,Channarayapatna,Coconut,Grade- II,FAQ,10000,10000,10000,2023-02-04,2023-02-04,24.5,17.9,31.6,0.0,,,12.2,,1012.1,
3089,Hassan,Channarayapatna,Coconut,Grade- II,FAQ,10000,10000,10000,2022-01-04,2022-01-04,21.3,16.3,27.7,0.0,,,8.8,,1015.3,
3090,Hassan,Channarayapatna,Coconut,Grade- II,FAQ,10000,10000,10000,2021-07-04,2021-07-04,24.6,21.2,30.8,16.8,,,7.7,,1009.7,
3091,Hassan,Channarayapatna,Coconut,Grade- II,FAQ,10000,10000,10000,2021-11-04,2021-11-04,22.2,19.8,26.1,24.3,,,6.2,,1011.8,
3092,Hassan,Channarayapatna,Coconut,Grade- II,FAQ,10000,10000,10000,2022-10-04,2022-10-04,23.7,19.6,29.1,0.6,,,9.3,,1009.3,
3093,Hassan,Channarayapatna,Coconut,Grade- II,FAQ,10000,10000,10000,2022-04-05,2022-04-05,27.1,20.3,34.1,0.0,,,11.0,,1012.9,
3094,Hassan,Channarayapatna,Coconut,Grade- II,FAQ,10000,10000,10000,2020-08-05,2020-08-05,,,,,,,,,,
3095,Hassan,Channarayapatna,Coconut,Grade- II,FAQ,10000,10000,10000,2022-02-05,2022-02-05,23.2,15.3,33.0,0.0,,,5.4,,1010.9,
3096,Hassan,Channarayapatna,Coconut,Grade- II,FAQ,10000,10000,10000,2023-02-05,2023-02-05,24.3,16.9,32.2,0.0,,,10.7,,1011.8,
3097,Hassan,Channarayapatna,Coconut,Grade- II,FAQ,10000,10000,10000,2020-07-05,2020-07-05,,,,,,,,,,
3098,Hassan,Channarayapatna,Coconut,Grade- II,FAQ,10000,10000,10000,2022-07-05,2022-07-05,21.8,20.8,25.4,22.1,,,19.0,,1006.7,
3099,Hassan,Channarayapatna,Coconut,Grade- II,FAQ,10000,10000,10000,2020-06-05,2020-06-05,,,,,,,,,,
3100,Hassan,Channarayapatna,Coconut,Grade- II,FAQ,10000,10000,10000,2020-08-06,2020-08-06,,,,,,,,,,
3101,Hassan,Channarayapatna,Coconut,Grade- II,FAQ,10000,10000,10000,2021-12-06,2021-12-06,22.5,18.7,27.0,2.0,,,5.5,,1012.9,
3102,Hassan,Channarayapatna,Coconut,Grade- II,FAQ,10000,10000,10000,2022-02-06,2022-02-06,23.3,16.4,30.3,0.0,,,7.8,,1013.2,
3103,Hassan,Channarayapatna,Coconut,Grade- II,FAQ,10000,10000,10000,2022-01-06,2022-01-06,21.6,15.4,28.4,0.0,,,8.2,,1013.9,
3104,Hassan,Channarayapatna,Coconut,Grade- II,FAQ,10000,10000,10000,2021-11-06,2021-11-06,22.6,19.3,27.5,2.6,,,7.0,,1010.9,
3105,Hassan,Channarayapatna,Coconut,Grade- II,FAQ,10000,10000,10000,2020-09-06,2020-09-06,,,,,,,,,,
3106,Hassan,Channarayapatna,Coconut,Grade- II,FAQ,10000,10000,10000,2020-12-07,2020-12-07,,,,,,,,,,
3107,Hassan,Channarayapatna,Coconut,Grade- II,FAQ,10000,10000,10000,2021-02-07,2021-02-07,22.4,15.5,30.1,0.0,,,9.5,,1013.6,
3108,Hassan,Channarayapatna,Coconut,Grade- II,FAQ,10000,10000,10000,2023-02-07,2023-02-07,23.8,16.0,31.3,0.0,,,6.4,,1012.0,
3109,Hassan,Channarayapatna,Coconut,Grade- II,FAQ,10000,10000,10000,2022-01-07,2022-01-07,22.5,16.9,29.2,0.0,,,8.1,,1014.1,
3110,Hassan,Channarayapatna,Coconut,Grade- II,FAQ,10000,10000,10000,2023-01-07,2023-01-07,21.5,15.4,28.1,0.0,,,9.9,,1016.3,
3111,Hassan,Channarayapatna,Coconut,Grade- II,FAQ,10000,10000,10000,2020-07-07,2020-07-07,,,,,,,,,,
3112,Hassan,Channarayapatna,Coconut,Grade- II,FAQ,10000,10000,10000,2021-06-07,2021-06-07,25.7,20.8,30.7,0.0,,,10.5,,1010.1,
3113,Hassan,Channarayapatna,Coconut,Grade- II,FAQ,10000,10000,10000,2023-03-07,2023-03-07,25.1,15.9,32.6,0.0,,,13.4,,1014.2,
3114,Hassan,Channarayapatna,Coconut,Grade- II,FAQ,10000,10000,10000,2023-04-08,2023-04-08,27.8,19.8,34.8,0.0,,,11.3,,1013.1,
3115,Hassan,Channarayapatna,Coconut,Grade- II,FAQ,10000,10000,10000,2020-08-08,2020-08-08,,,,,,,,,,
3116,Hassan,Channarayapatna,Coconut,Grade- II,FAQ,10000,10000,10000,2022-02-08,2022-02-08,23.8,17.0,30.6,0.0,,,6.7,,1012.8,
3117,Hassan,Channarayapatna,Coconut,Grade- II,FAQ,10000,10000,10000,2023-01-08,2023-01-08,21.6,15.2,27.9,0.0,,,8.3,,1015.4,
3118,Hassan,Channarayapatna,Coconut,Grade- II,FAQ,10000,10000,10000,2020-07-08,2020-07-08,,,,,,,,,,
3119,Hassan,Channarayapatna,Coconut,Grade- II,FAQ,10000,10000,10000,2021-07-08,2021-07-08,25.0,21.0,31.0,1.9,,,10.1,,1008.0,
3120,Hassan,Channarayapatna,Coconut,Grade- II,FAQ,10000,10000,10000,2020-06-08,2020-06-08,,,,,,,,,,
3121,Hassan,Channarayapatna,Coconut,Grade- II,FAQ,10000,10000,10000,2020-04-09,2020-04-09,,,,,,,,,,
3122,Hassan,Channarayapatna,Coconut,Grade- II,FAQ,10000,10000,10000,2021-04-09,2021-04-09,27.7,20.6,34.8,0.0,,,7.8,,1009.2,
3123,Hassan,Channarayapatna,Coconut,Grade- II,FAQ,10000,10000,10000,2020-08-09,2020-08-09,,,,,,,,,,
3124,Hassan,Channarayapatna,Coconut,Grade- II,FAQ,10000,10000,10000,2020-07-09,2020-07-09,,,,,,,,,,
3125,Hassan,Channarayapatna,Coconut,Grade- II,FAQ,10000,10000,10000,2020-06-09,2020-06-09,,,,,,,,,,
3126,Hassan,Channarayapatna,Coconut,Grade- II,FAQ,10000,10000,10000,2021-06-09,2021-06-09,24.1,20.0,30.1,4.2,,,13.2,,1009.5,
3127,Hassan,Channarayapatna,Coconut,Grade- II,FAQ,10000,10000,10000,2023-05-09,2023-05-09,25.4,21.3,31.4,10.8,,,6.2,,1009.4,
3128,Hassan,Channarayapatna,Coconut,Grade- II,FAQ,10000,10000,10000,2020-04-10,2020-04-10,,,,,,,,,,
3129,Hassan,Channarayapatna,Coconut,Grade- II,FAQ,10000,10000,10000,2021-07-10,2021-07-10,22.7,21.1,26.6,11.3,,,15.9,,1006.8,
3130,Hassan,Channarayapatna,Coconut,Grade- II,FAQ,10000,10000,10000,2020-06-10,2020-06-10,,,,,,,,,,
3131,Hassan,Channarayapatna,Coconut,Grade- II,FAQ,10000,10000,10000,2020-04-11,2020-04-11,,,,,,,,,,
3132,Hassan,Channarayapatna,Coconut,Grade- II,FAQ,10000,10000,10000,2021-04-11,2021-04-11,27.7,21.6,34.6,0.4,,,8.1,,1011.6,
3133,Hassan,Channarayapatna,Coconut,Grade- II,FAQ,10000,10000,10000,2020-08-11,2020-08-11,,,,,,,,,,
3134,Hassan,Channarayapatna,Coconut,Grade- II,FAQ,10000,10000,10000,2021-08-11,2021-08-11,24.2,20.6,30.3,7.4,,,12.1,,1011.0,
3135,Hassan,Channarayapatna,Coconut,Grade- II,FAQ,10000,10000,10000,2020-12-11,2020-12-11,,,,,,,,,,
3136,Hassan,Channarayapatna,Coconut,Grade- II,FAQ,10000,10000,10000,2022-12-11,2022-12-11,20.7,19.1,24.2,8.2,,,6.5,,1009.5,
3137,Hassan,Channarayapatna,Coconut,Grade- II,FAQ,10000,10000,10000,2021-01-11,2021-01-11,22.2,20.2,24.8,0.6,,,8.1,,1012.9,
3138,Hassan,Channarayapatna,Coconut,Grade- II,FAQ,10000,10000,10000,2022-06-11,2022-06-11,24.6,20.9,30.4,1.8,,,14.9,,1009.5,
3139,Hassan,Channarayapatna,Coconut,Grade- II,FAQ,10000,10000,10000,2022-05-11,2022-05-11,24.1,22.3,26.8,1.0,,,19.8,,1006.3,
3140,Hassan,Channarayapatna,Coconut,Grade- II,FAQ,10000,10000,10000,2020-04-12,2020-04-12,,,,,,,,,,
3141,Hassan,Channarayapatna,Coconut,Grade- II,FAQ,10000,10000,10000,2020-08-12,2020-08-12,,,,,,,,,,
3142,Hassan,Channarayapatna,Coconut,Grade- II,FAQ,10000,10000,10000,2021-02-12,2021-02-12,22.3,14.6,30.7,0.0,,,8.0,,1012.8,
3143,Hassan,Channarayapatna,Coconut,Grade- II,FAQ,10000,10000,10000,2020-07-12,2020-07-12,,,,,,,,,,
3144,Hassan,Channarayapatna,Coconut,Grade- II,FAQ,10000,10000,10000,2022-07-12,2022-07-12,23.1,20.5,27.0,0.2,,,20.9,,1009.5,
3145,Hassan,Channarayapatna,Coconut,Grade- II,FAQ,10000,10000,10000,2020-11-12,2020-11-12,,,,,,,,,,
3146,Hassan,Channarayapatna,Coconut,Grade- II,FAQ,10000,10000,10000,2022-11-12,2022-11-12,21.4,19.3,25.6,8.6,,,14.5,,1012.5,
3147,Hassan,Channarayapatna,Coconut,Grade- II,FAQ,10000,10000,10000,2021-10-12,2021-10-12,22.5,20.8,24.5,14.9,,,7.9,,1008.7,
3148,Hassan,Channarayapatna,Coconut,Grade- II,FAQ,10000,10000,10000,2020-04-13,2020-04-13,,,,,,,,,,
3149,Hassan,Channarayapatna,Coconut,Grade- II,FAQ,10000,10000,10000,2020-08-13,2020-08-13,,,,,,,,,,
3150,Hassan,Channarayapatna,Coconut,Grade- II,FAQ,10000,10000,10000,2022-12-13,2022-12-13,21.3,19.4,25.3,10.9,,,10.4,,1012.0,
3151,Hassan,Channarayapatna,Coconut,Grade- II,FAQ,10000,10000,10000,2021-07-13,2021-07-13,23.5,22.0,26.2,1.8,,,18.9,,1007.4,
3152,Hassan,Channarayapatna,Coconut,Grade- II,FAQ,10000,10000,10000,2023-06-13,2023-06-13,26.1,22.4,31.9,1.8,,,17.3,,1008.9,
3153,Hassan,Channarayapatna,Coconut,Grade- II,FAQ,10000,10000,10000,2022-03-13,2022-03-13,26.6,18.0,34.2,0.0,,,11.3,,1010.5,
3154,Hassan,Channarayapatna,Coconut,Grade- II,FAQ,10000,10000,10000,2022-11-13,2022-11-13,21.8,20.0,26.1,5.4,,,11.3,,1013.1,
3155,Hassan,Channarayapatna,Coconut,Grade- II,FAQ,10000,10000,10000,2021-10-13,2021-10-13,23.2,20.7,27.5,3.2,,,10.6,,1008.2,
3156,Hassan,Channarayapatna,Coconut,Grade- II,FAQ,10000,10000,10000,2021-09-13,2021-09-13,24.3,21.2,28.4,1.0,,,19.1,,1007.7,
3157,Hassan,Channarayapatna,Coconut,Grade- II,FAQ,10000,10000,10000,2020-04-14,2020-04-14,,,,,,,,,,
3158,Hassan,Channarayapatna,Coconut,Grade- II,FAQ,10000,10000,10000,2021-12-14,2021-12-14,22.1,19.2,27.3,0.8,,,11.5,,1013.8,
3159,Hassan,Channarayapatna,Coconut,Grade- II,FAQ,10000,10000,10000,2021-02-14,2021-02-14,23.0,14.5,31.1,0.0,,,7.1,,1013.5,
3160,Hassan,Channarayapatna,Coconut,Grade- II,FAQ,10000,10000,10000,2021-01-14,2021-01-14,22.4,16.9,27.9,0.6,,,12.5,,1012.2,
3161,Hassan,Channarayapatna,Coconut,Grade- II,FAQ,10000,10000,10000,2020-06-14,2020-06-14,,,,,,,,,,
3162,Hassan,Channarayapatna,Coconut,Grade- II,FAQ,10000,10000,10000,2022-06-14,2022-06-14,24.8,20.9,31.6,3.3,,,11.3,,1009.6,
3163,Hassan,Channarayapatna,Coconut,Grade- II,FAQ,10000,10000,10000,2020-09-14,2020-09-14,,,,,,,,,,
3164,Hassan,Channarayapatna,Coconut,Grade- II,FAQ,10000,10000,10000,2021-08-15,2021-08-15,24.2,20.5,29.3,0.0,,,14.6,,1009.4,
3165,Hassan,Channarayapatna,Coconut,Grade- II,FAQ,10000,10000,10000,2020-07-15,2020-07-15,,,,,,,,,,
3166,Hassan,Channarayapatna,Coconut,Grade- II,FAQ,10000,10000,10000,2020-06-15,2020-06-15,,,,,,,,,,
3167,Hassan,Channarayapatna,Coconut,Grade- II,FAQ,10000,10000,10000,2020-05-15,2020-05-15,,,,,,,,,,
3168,Hassan,Channarayapatna,Coconut,Grade- II,FAQ,10000,10000,10000,2020-11-15,2020-11-15,,,,,,,,,,
3169,Hassan,Channarayapatna,Coconut,Grade- II,FAQ,10000,10000,10000,2021-09-15,2021-09-15,24.1,20.3,29.0,0.9,,,13.1,,1009.2,
3170,Hassan,Channarayapatna,Coconut,Grade- II,FAQ,10000,10000,10000,2020-08-16,2020-08-16,,,,,,,,,,
3171,Hassan,Channarayapatna,Coconut,Grade- II,FAQ,10000,10000,10000,2022-07-16,2022-07-16,23.4,20.6,27.3,4.9,,,17.2,,1007.9,
3172,Hassan,Channarayapatna,Coconut,Grade- II,FAQ,10000,10000,10000,2021-06-16,2021-06-16,23.4,21.4,26.3,3.8,,,18.8,,1008.8,
3173,Hassan,Channarayapatna,Coconut,Grade- II,FAQ,10000,10000,10000,2021-03-16,2021-03-16,27.0,18.9,34.0,0.0,,,7.8,,1011.3,
3174,Hassan,Channarayapatna,Coconut,Grade- II,FAQ,10000,10000,10000,2019-10-16,2019-10-16,,,,,,,,,,
3175,Hassan,Channarayapatna,Coconut,Grade- II,FAQ,10000,10000,10000,2020-08-17,2020-08-17,,,,,,,,,,
3176,Hassan,Channarayapatna,Coconut,Grade- II,FAQ,10000,10000,10000,2021-12-17,2021-12-17,21.7,16.7,27.4,0.0,,,8.3,,1015.3,
3177,Hassan,Channarayapatna,Coconut,Grade- II,FAQ,10000,10000,10000,2021-02-17,2021-02-17,25.0,19.8,30.6,1.6,,,6.1,,1011.4,
3178,Hassan,Channarayapatna,Coconut,Grade- II,FAQ,10000,10000,10000,2021-04-18,2021-04-18,26.2,21.7,32.5,3.0,,,7.3,,1013.0,
3179,Hassan,Channarayapatna,Coconut,Grade- II,FAQ,10000,10000,10000,2019-12-18,2019-12-18,,,,,,,,,,
3180,Hassan,Channarayapatna,Coconut,Grade- II,FAQ,10000,10000,10000,2021-12-18,2021-12-18,21.0,15.4,26.8,0.0,,,8.5,,1014.9,
3181,Hassan,Channarayapatna,Coconut,Grade- II,FAQ,10000,10000,10000,2021-02-18,2021-02-18,23.8,18.5,29.9,2.1,,,8.5,,1013.0,
3182,Hassan,Channarayapatna,Coconut,Grade- II,FAQ,10000,10000,10000,2020-06-18,2020-06-18,,,,,,,,,,
3183,Hassan,Channarayapatna,Coconut,Grade- II,FAQ,10000,10000,10000,2021-06-18,2021-06-18,24.1,21.2,28.1,0.0,,,20.4,,1010.7,
3184,Hassan,Channarayapatna,Coconut,Grade- II,FAQ,10000,10000,10000,2022-03-18,2022-03-18,27.4,20.5,35.0,0.0,,,9.0,,1008.3,
3185,Hassan,Channarayapatna,Coconut,Grade- II,FAQ,10000,10000,10000,2022-10-18,2022-10-18,22.6,19.3,28.0,5.2,,,5.0,,1012.7,
3186,Hassan,Channarayapatna,Coconut,Grade- II,FAQ,10000,10000,10000,2020-09-18,2020-09-18,,,,,,,,,,
3187,Hassan,Channarayapatna,Coconut,Grade- II,FAQ,10000,10000,10000,2020-08-19,2020-08-19,,,,,,,,,,
3188,Hassan,Channarayapatna,Coconut,Grade- II,FAQ,10000,10000,10000,2023-08-19,2023-08-19,24.5,21.3,29.4,0.8,,,17.6,,1010.2,
3189,Hassan,Channarayapatna,Coconut,Grade- II,FAQ,10000,10000,10000,2021-12-19,2021-12-19,19.9,14.8,26.1,0.0,,,9.2,,1016.0,
3190,Hassan,Channarayapatna,Coconut,Grade- II,FAQ,10000,10000,10000,2020-07-19,2020-07-19,,,,,,,,,,
3191,Hassan,Channarayapatna,Coconut,Grade- II,FAQ,10000,10000,10000,2021-07-19,2021-07-19,22.9,20.7,25.9,7.0,,,16.5,,1009.3,
3192,Hassan,Channarayapatna,Coconut,Grade- II,FAQ,10000,10000,10000,2022-07-19,2022-07-19,23.5,20.6,28.4,3.2,,,11.2,,1009.2,
3193,Hassan,Channarayapatna,Coconut,Grade- II,FAQ,10000,10000,10000,2020-06-19,2020-06-19,,,,,,,,,,
3194,Hassan,Channarayapatna,Coconut,Grade- II,FAQ,10000,10000,10000,2020-04-20,2020-04-20,,,,,,,,,,
3195,Hassan,Channarayapatna,Coconut,Grade- II,FAQ,10000,10000,10000,2021-04-20,2021-04-20,26.1,22.5,32.8,4.1,,,7.0,,1010.6,
3196,Hassan,Channarayapatna,Coconut,Grade- II,FAQ,10000,10000,10000,2022-08-20,2022-08-20,24.1,19.9,29.5,0.1,,,13.3,,1009.9,
3197,Hassan,Channarayapatna,Coconut,Grade- II,FAQ,10000,10000,10000,2019-12-20,2019-12-20,,,,,,,,,,
3198,Hassan,Channarayapatna,Coconut,Grade- II,FAQ,10000,10000,10000,2022-02-20,2022-02-20,24.7,17.1,32.2,0.0,,,7.0,,1011.6,
3199,Hassan,Channarayapatna,Coconut,Grade- II,FAQ,10000,10000,10000,2021-07-20,2021-07-20,23.9,20.8,28.3,0.2,,,17.6,,1010.8,
3200,Hassan,Channarayapatna,Coconut,Grade- II,FAQ,10000,10000,10000,2023-02-21,2023-02-21,25.0,17.3,32.3,0.0,,,9.9,,1013.7,
3201,Hassan,Channarayapatna,Coconut,Grade- II,FAQ,10000,10000,10000,2023-01-21,2023-01-21,22.1,16.6,28.8,0.0,,,10.5,,1014.3,
3202,Hassan,Channarayapatna,Coconut,Grade- II,FAQ,10000,10000,10000,2020-07-21,2020-07-21,,,,,,,,,,
3203,Hassan,Channarayapatna,Coconut,Grade- II,FAQ,10000,10000,10000,2021-03-21,2021-03-21,27.0,19.5,36.0,0.0,,,7.2,,1009.4,
3204,Hassan,Channarayapatna,Coconut,Grade- II,FAQ,10000,10000,10000,2022-01-22,2022-01-22,23.5,17.2,31.2,0.0,,,6.8,,1011.0,
3205,Hassan,Channarayapatna,Coconut,Grade- II,FAQ,10000,10000,10000,2021-07-22,2021-07-22,21.8,20.7,23.3,16.2,,,22.4,,1008.0,
3206,Hassan,Channarayapatna,Coconut,Grade- II,FAQ,10000,10000,10000,2020-06-22,2020-06-22,,,,,,,,,,
3207,Hassan,Channarayapatna,Coconut,Grade- II,FAQ,10000,10000,10000,2022-10-22,2022-10-22,22.8,18.4,27.5,0.0,,,8.3,,1013.9,
3208,Hassan,Channarayapatna,Coconut,Grade- II,FAQ,10000,10000,10000,2021-09-22,2021-09-22,24.6,20.3,30.1,0.6,,,11.5,,1008.6,
3209,Hassan,Channarayapatna,Coconut,Grade- II,FAQ,10000,10000,10000,2020-08-23,2020-08-23,,,,,,,,,,
3210,Hassan,Channarayapatna,Coconut,Grade- II,FAQ,10000,10000,10000,2021-07-23,2021-07-23,22.7,20.6,26.2,5.7,,,20.2,,1007.1,
3211,Hassan,Channarayapatna,Coconut,Grade- II,FAQ,10000,10000,10000,2022-07-23,2022-07-23,23.5,20.7,27.7,1.8,,,12.9,,1008.8,
3212,Hassan,Channarayapatna,Coconut,Grade- II,FAQ,10000,10000,10000,2020-06-23,2020-06-23,,,,,,,,,,
3213,Hassan,Channarayapatna,Coconut,Grade- II,FAQ,10000,10000,10000,2020-05-23,2020-05-23,,,,,,,,,,
3214,Hassan,Channarayapatna,Coconut,Grade- II,FAQ,10000,10000,10000,2023-05-23,2023-05-23,26.2,21.3,33.0,0.0,,,7.4,,1012.4,
3215,Hassan,Channarayapatna,Coconut,Grade- II,FAQ,10000,10000,10000,2022-10-23,2022-10-23,22.2,17.3,27.7,0.0,,,7.7,,1013.5,
3216,Hassan,Channarayapatna,Coconut,Grade- II,FAQ,10000,10000,10000,2020-04-24,2020-04-24,,,,,,,,,,
3217,Hassan,Channarayapatna,Coconut,Grade- II,FAQ,10000,10000,10000,2020-08-24,2020-08-24,,,,,,,,,,
3218,Hassan,Channarayapatna,Coconut,Grade- II,FAQ,10000,10000,10000,2020-07-24,2020-07-24,,,,,,,,,,
3219,Hassan,Channarayapatna,Coconut,Grade- II,FAQ,10000,10000,10000,2021-07-24,2021-07-24,24.1,20.7,29.1,0.7,,,16.1,,1008.4,
3220,Hassan,Channarayapatna,Coconut,Grade- II,FAQ,10000,10000,10000,2020-06-24,2020-06-24,,,,,,,,,,
3221,Hassan,Channarayapatna,Coconut,Grade- II,FAQ,10000,10000,10000,2021-06-24,2021-06-24,25.1,21.3,30.0,0.1,,,14.4,,1010.6,
3222,Hassan,Channarayapatna,Coconut,Grade- II,FAQ,10000,10000,10000,2023-06-24,2023-06-24,24.8,21.6,29.3,0.4,,,17.2,,1008.7,
3223,Hassan,Channarayapatna,Coconut,Grade- II,FAQ,10000,10000,10000,2022-05-24,2022-05-24,25.6,22.5,30.8,3.3,,,11.3,,1008.9,
3224,Hassan,Channarayapatna,Coconut,Grade- II,FAQ,10000,10000,10000,2021-12-25,2021-12-25,21.2,13.0,28.3,0.0,,,5.4,,1014.4,
3225,Hassan,Channarayapatna,Coconut,Grade- II,FAQ,10000,10000,10000,2020-06-25,2020-06-25,,,,,,,,,,
3226,Hassan,Channarayapatna,Coconut,Grade- II,FAQ,10000,10000,10000,2022-06-25,2022-06-25,23.7,21.2,28.3,0.4,,,18.9,,1007.0,
3227,Hassan,Channarayapatna,Coconut,Grade- II,FAQ,10000,10000,10000,2020-05-25,2020-05-25,,,,,,,,,,
3228,Hassan,Channarayapatna,Coconut,Grade- II,FAQ,10000,10000,10000,2021-11-25,2021-11-25,22.7,19.4,27.4,0.1,,,10.3,,1011.8,
3229,Hassan,Channarayapatna,Coconut,Grade- II,FAQ,10000,10000,10000,2020-10-25,2020-10-25,,,,,,,,,,
3230,Hassan,Channarayapatna,Coconut,Grade- II,FAQ,10000,10000,10000,2021-12-26,2021-12-26,21.0,14.0,28.4,0.0,,,7.2,,1015.5,
3231,Hassan,Channarayapatna,Coconut,Grade- II,FAQ,10000,10000,10000,2022-07-26,2022-07-26,23.4,20.4,29.5,11.7,,,8.2,,1010.3,
3232,Hassan,Channarayapatna,Coconut,Grade- II,FAQ,10000,10000,10000,2022-06-26,2022-06-26,24.3,21.2,28.6,0.9,,,19.5,,1007.3,
3233,Hassan,Channarayapatna,Coconut,Grade- II,FAQ,10000,10000,10000,2022-08-27,2022-08-27,22.4,20.7,26.4,17.2,,,7.1,,1009.0,
3234,Hassan,Channarayapatna,Coconut,Grade- II,FAQ,10000,10000,10000,2021-12-27,2021-12-27,21.1,15.8,27.8,0.0,,,9.3,,1015.9,
3235,Hassan,Channarayapatna,Coconut,Grade- II,FAQ,10000,10000,10000,2021-05-27,2021-05-27,25.1,21.4,30.0,0.1,,,14.9,,1009.0,
3236,Hassan,Channarayapatna,Coconut,Grade- II,FAQ,10000,10000,10000,2022-11-27,2022-11-27,22.4,17.5,27.9,0.1,,,6.6,,1010.7,
3237,Hassan,Channarayapatna,Coconut,Grade- II,FAQ,10000,10000,10000,2020-08-28,2020-08-28,,,,,,,,,,
3238,Hassan,Channarayapatna,Coconut,Grade- II,FAQ,10000,10000,10000,2022-08-28,2022-08-28,23.3,20.0,28.6,16.4,,,7.9,,1008.6,
3239,Hassan,Channarayapatna,Coconut,Grade- II,FAQ,10000,10000,10000,2021-12-28,2021-12-28,20.6,15.3,27.0,0.0,,,8.5,,1015.2,
3240,Hassan,Channarayapatna,Coconut,Grade- II,FAQ,10000,10000,10000,2021-02-28,2021-02-28,25.9,17.8,33.6,0.0,,,8.8,,1010.3,
3241,Hassan,Channarayapatna,Coconut,Grade- II,FAQ,10000,10000,10000,2023-01-28,2023-01-28,21.7,14.8,29.7,0.0,,,10.6,,1012.4,
3242,Hassan,Channarayapatna,Coconut,Grade- II,FAQ,10000,10000,10000,2020-07-28,2020-07-28,,,,,,,,,,
3243,Hassan,Channarayapatna,Coconut,Grade- II,FAQ,10000,10000,10000,2020-06-28,2020-06-28,,,,,,,,,,
3244,Hassan,Channarayapatna,Coconut,Grade- II,FAQ,10000,10000,10000,2022-06-28,2022-06-28,23.6,20.9,28.0,0.2,,,15.1,,1009.1,
3245,Hassan,Channarayapatna,Coconut,Grade- II,FAQ,10000,10000,10000,2021-03-28,2021-03-28,28.4,21.2,35.0,0.0,,,8.4,,1009.7,
3246,Hassan,Channarayapatna,Coconut,Grade- II,FAQ,10000,10000,10000,2023-03-28,2023-03-28,27.5,18.5,35.7,0.0,,,8.9,,1009.9,
3247,Hassan,Channarayapatna,Coconut,Grade- II,FAQ,10000,10000,10000,2019-08-29,2019-08-29,,,,,,,,,,
3248,Hassan,Channarayapatna,Coconut,Grade- II,FAQ,10000,10000,10000,2021-08-29,2021-08-29,22.2,20.2,25.6,17.3,,,13.4,,1006.5,
3249,Hassan,Channarayapatna,Coconut,Grade- II,FAQ,10000,10000,10000,2022-01-29,2022-01-29,22.8,17.0,28.9,0.0,,,11.6,,1014.0,
3250,Hassan,Channarayapatna,Coconut,Grade- II,FAQ,10000,10000,10000,2023-01-29,2023-01-29,22.4,14.0,30.5,0.0,,,11.9,,1011.3,
3251,Hassan,Channarayapatna,Coconut,Grade- II,FAQ,10000,10000,10000,2020-07-29,2020-07-29,,,,,,,,,,
3252,Hassan,Channarayapatna,Coconut,Grade- II,FAQ,10000,10000,10000,2022-08-30,2022-08-30,23.5,20.6,28.7,23.9,,,5.2,,1008.9,
3253,Hassan,Channarayapatna,Coconut,Grade- II,FAQ,10000,10000,10000,2022-07-30,2022-07-30,23.8,20.4,29.9,6.2,,,4.0,,1008.9,
3254,Hassan,Channarayapatna,Coconut,Grade- II,FAQ,10000,10000,10000,2020-06-30,2020-06-30,,,,,,,,,,
3255,Hassan,Channarayapatna,Coconut,Grade- II,FAQ,10000,10000,10000,2020-03-30,2020-03-30,,,,,,,,,,
3256,Hassan,Channarayapatna,Coconut,Grade- II,FAQ,10000,10000,10000,2020-07-31,2020-07-31,,,,,,,,,,
3257,Hassan,Channarayapatna,Coconut,Grade- II,FAQ,10000,10000,10000,2022-07-31,2022-07-31,23.5,20.7,28.1,15.9,,,4.7,,1007.5,
3258,Hassan,Channarayapatna,Coconut,Grade- II,FAQ,10000,10000,10000,2020-03-31,2020-03-31,,,,,,,,,,
3259,Hassan,Channarayapatna,Coconut,Grade- II,FAQ,10000,10000,10000,2021-03-31,2021-03-31,29.0,21.6,36.8,0.0,,,9.9,,1007.1,
3260,Hassan,Channarayapatna,Coconut,Grade- II,FAQ,10000,10000,10000,2021-05-31,2021-05-31,25.4,21.0,31.4,0.4,,,15.0,,1008.7,
3261,Hassan,Channarayapatna,Coconut,Grade- II,FAQ,10000,11000,10000,2022-05-03,2022-05-03,27.6,22.3,34.8,0.2,,,7.0,,1008.2,
3262,Hassan,Channarayapatna,Coconut,Grade- II,FAQ,10000,11000,10000,2022-11-08,2022-11-08,22.4,17.7,28.1,0.0,,,8.6,,1013.9,
3263,Hassan,Channarayapatna,Coconut,Grade- II,FAQ,10000,11000,10000,2022-01-11,2022-01-11,23.1,16.6,29.6,0.0,,,6.6,,1013.1,
3264,Hassan,Channarayapatna,Coconut,Grade- II,FAQ,10000,11000,10000,2022-04-12,2022-04-12,27.0,22.5,34.3,0.0,,,7.3,,1008.1,
3265,Hassan,Channarayapatna,Coconut,Grade- II,FAQ,10000,11000,10000,2022-11-22,2022-11-22,21.2,15.8,25.9,0.6,,,5.5,,1011.4,
3266,Hassan,Channarayapatna,Coconut,Grade- II,FAQ,10000,11000,10000,2020-11-29,2020-11-29,,,,,,,,,,
3267,Hassan,Channarayapatna,Coconut,Grade- II,FAQ,10000,11000,11000,2022-03-01,2022-03-01,25.3,17.4,31.9,0.0,,,10.1,,1013.5,
3268,Hassan,Channarayapatna,Coconut,Grade- II,FAQ,10000,11000,11000,2021-01-03,2021-01-03,22.8,19.5,28.1,0.6,,,11.8,,1012.0,
3269,Hassan,Channarayapatna,Coconut,Grade- II,FAQ,10000,11000,11000,2021-11-07,2021-11-07,22.7,19.1,27.1,0.4,,,7.2,,1010.6,
3270,Hassan,Channarayapatna,Coconut,Grade- II,FAQ,10000,11000,11000,2022-03-08,2022-03-08,25.5,18.6,32.4,0.7,,,9.7,,1011.5,
3271,Hassan,Channarayapatna,Coconut,Grade- II,FAQ,10000,11000,11000,2022-02-22,2022-02-22,25.7,18.1,33.1,0.0,,,9.1,,1011.4,
3272,Hassan,Channarayapatna,Coconut,Grade- II,FAQ,10000,11500,10000,2022-11-26,2022-11-26,22.6,17.8,28.2,0.0,,,6.7,,1012.1,
3273,Hassan,Channarayapatna,Coconut,Grade- II,FAQ,10000,12000,10000,2022-07-02,2022-07-02,24.7,21.7,29.5,0.4,,,17.1,,1006.9,
3274,Hassan,Channarayapatna,Coconut,Grade- II,FAQ,10000,12000,10000,2021-11-02,2021-11-02,22.8,20.4,27.5,8.0,,,12.2,,1011.3,
3275,Hassan,Channarayapatna,Coconut,Grade- II,FAQ,10000,12000,10000,2021-08-03,2021-08-03,24.4,21.3,29.5,0.6,,,18.3,,1012.2,
3276,Hassan,Channarayapatna,Coconut,Grade- II,FAQ,10000,12000,10000,2020-11-04,2020-11-04,,,,,,,,,,
3277,Hassan,Channarayapatna,Coconut,Grade- II,FAQ,10000,12000,10000,2020-02-05,2020-02-05,,,,,,,,,,
3278,Hassan,Channarayapatna,Coconut,Grade- II,FAQ,10000,12000,10000,2022-03-05,2022-03-05,25.7,16.9,33.6,0.0,,,10.4,,1011.4,
3279,Hassan,Channarayapatna,Coconut,Grade- II,FAQ,10000,12000,10000,2022-12-06,2022-12-06,22.4,17.6,27.8,0.0,,,7.1,,1012.6,
3280,Hassan,Channarayapatna,Coconut,Grade- II,FAQ,10000,12000,10000,2022-06-07,2022-06-07,24.9,20.9,30.9,0.7,,,11.4,,1008.5,
3281,Hassan,Channarayapatna,Coconut,Grade- II,FAQ,10000,12000,10000,2021-09-07,2021-09-07,22.7,19.8,27.3,3.0,,,18.0,,1008.9,
3282,Hassan,Channarayapatna,Coconut,Grade- II,FAQ,10000,12000,10000,2022-04-09,2022-04-09,27.3,21.3,34.2,0.0,,,6.6,,1010.0,
3283,Hassan,Channarayapatna,Coconut,Grade- II,FAQ,10000,12000,10000,2021-01-10,2021-01-10,23.0,19.8,27.9,0.1,,,10.5,,1011.6,
3284,Hassan,Channarayapatna,Coconut,Grade- II,FAQ,10000,12000,10000,2022-03-12,2022-03-12,26.8,18.8,34.3,0.0,,,9.6,,1010.0,
3285,Hassan,Channarayapatna,Coconut,Grade- II,FAQ,10000,12000,10000,2023-01-14,2023-01-14,20.9,13.4,29.7,0.0,,,9.2,,1013.5,
3286,Hassan,Channarayapatna,Coconut,Grade- II,FAQ,10000,12000,10000,2022-05-14,2022-05-14,23.8,21.2,28.4,15.8,,,9.4,,1007.3,
3287,Hassan,Channarayapatna,Coconut,Grade- II,FAQ,10000,12000,10000,2021-09-14,2021-09-14,24.4,21.0,29.2,0.6,,,16.2,,1008.2,
3288,Hassan,Channarayapatna,Coconut,Grade- II,FAQ,10000,12000,10000,2021-12-15,2021-12-15,21.8,18.2,26.7,0.0,,,10.5,,1014.3,
3289,Hassan,Channarayapatna,Coconut,Grade- II,FAQ,10000,12000,10000,2022-03-15,2022-03-15,26.7,19.6,33.8,0.0,,,7.5,,1009.7,
3290,Hassan,Channarayapatna,Coconut,Grade- II,FAQ,10000,12000,10000,2022-08-16,2022-08-16,24.5,19.1,29.8,0.0,,,7.1,,1010.0,
3291,Hassan,Channarayapatna,Coconut,Grade- II,FAQ,10000,12000,10000,2021-02-16,2021-02-16,24.0,18.1,29.8,0.5,,,6.8,,1012.3,
3292,Hassan,Channarayapatna,Coconut,Grade- II,FAQ,10000,12000,10000,2021-01-17,2021-01-17,23.3,19.2,29.4,0.0,,,9.5,,1011.8,
3293,Hassan,Channarayapatna,Coconut,Grade- II,FAQ,10000,12000,10000,2022-05-17,2022-05-17,22.6,21.0,27.2,54.2,,,6.3,,1006.0,
3294,Hassan,Channarayapatna,Coconut,Grade- II,FAQ,10000,12000,10000,2022-09-17,2022-09-17,23.8,20.1,29.2,0.5,,,11.4,,1010.6,
3295,Hassan,Channarayapatna,Coconut,Grade- II,FAQ,10000,12000,10000,2022-06-18,2022-06-18,23.6,20.9,29.0,10.2,,,6.3,,1008.5,
3296,Hassan,Channarayapatna,Coconut,Grade- II,FAQ,10000,12000,10000,2021-09-18,2021-09-18,25.1,20.8,30.6,0.6,,,7.5,,1010.1,
3297,Hassan,Channarayapatna,Coconut,Grade- II,FAQ,10000,12000,10000,2022-03-19,2022-03-19,26.5,20.5,33.2,0.0,,,10.8,,1008.6,
3298,Hassan,Channarayapatna,Coconut,Grade- II,FAQ,10000,12000,10000,2021-10-19,2021-10-19,24.1,20.1,28.7,0.0,,,7.0,,1011.6,
3299,Hassan,Channarayapatna,Coconut,Grade- II,FAQ,10000,12000,10000,2021-08-21,2021-08-21,23.5,20.7,30.0,1.9,,,6.6,,1010.5,
3300,Hassan,Channarayapatna,Coconut,Grade- II,FAQ,10000,12000,10000,2020-06-21,2020-06-21,,,,,,,,,,
3301,Hassan,Channarayapatna,Coconut,Grade- II,FAQ,10000,12000,10000,2022-06-21,2022-06-21,23.3,20.9,28.0,1.1,,,15.0,,1007.4,
3302,Hassan,Channarayapatna,Coconut,Grade- II,FAQ,10000,12000,10000,2022-05-21,2022-05-21,24.1,20.5,29.1,4.1,,,16.0,,1008.7,
3303,Hassan,Channarayapatna,Coconut,Grade- II,FAQ,10000,12000,10000,2021-09-21,2021-09-21,25.1,21.0,32.0,0.5,,,10.1,,1010.0,
3304,Hassan,Channarayapatna,Coconut,Grade- II,FAQ,10000,12000,10000,2022-03-22,2022-03-22,25.0,20.9,31.0,0.3,,,7.2,,1009.4,
3305,Hassan,Channarayapatna,Coconut,Grade- II,FAQ,10000,12000,10000,2021-08-24,2021-08-24,24.4,20.4,30.0,0.5,,,8.2,,1009.9,
3306,Hassan,Channarayapatna,Coconut,Grade- II,FAQ,10000,12000,10000,2022-12-24,2022-12-24,20.2,12.3,27.6,0.0,,,7.7,,1012.4,
3307,Hassan,Channarayapatna,Coconut,Grade- II,FAQ,10000,12000,10000,2022-10-25,2022-10-25,20.6,14.1,27.4,0.0,,,6.6,,1012.6,
3308,Hassan,Channarayapatna,Coconut,Grade- II,FAQ,10000,12000,10000,2022-04-26,2022-04-26,28.2,21.6,35.7,0.0,,,6.3,,1008.4,
3309,Hassan,Channarayapatna,Coconut,Grade- II,FAQ,10000,12000,10000,2022-02-26,2022-02-26,23.8,16.0,31.6,0.0,,,9.1,,1013.8,
3310,Hassan,Channarayapatna,Coconut,Grade- II,FAQ,10000,12000,10000,2022-03-26,2022-03-26,27.1,20.3,34.7,0.0,,,6.1,,1011.5,
3311,Hassan,Channarayapatna,Coconut,Grade- II,FAQ,10000,12000,10000,2021-09-26,2021-09-26,24.2,20.5,29.6,0.6,,,9.6,,1007.4,
3312,Hassan,Channarayapatna,Coconut,Grade- II,FAQ,10000,12000,10000,2022-12-27,2022-12-27,23.0,19.9,28.1,0.8,,,12.3,,1015.0,
3313,Hassan,Channarayapatna,Coconut,Grade- II,FAQ,10000,12000,10000,2024-01-27,2024-01-27,23.7,17.3,30.9,0.0,,,12.8,,1016.8,
3314,Hassan,Channarayapatna,Coconut,Grade- II,FAQ,10000,12000,10000,2021-07-27,2021-07-27,23.9,20.3,29.0,0.4,,,18.0,,1009.5,
3315,Hassan,Channarayapatna,Coconut,Grade- II,FAQ,10000,12000,10000,2022-03-29,2022-03-29,27.2,21.8,34.3,1.5,,,7.9,,1010.6,
3316,Hassan,Channarayapatna,Coconut,Grade- II,FAQ,10000,12000,10000,2022-04-30,2022-04-30,28.4,23.3,36.3,2.2,,,10.8,,1008.5,
3317,Hassan,Channarayapatna,Coconut,Grade- II,FAQ,10000,12000,10000,2021-08-31,2021-08-31,23.9,20.5,29.6,0.7,,,11.0,,1008.3,
3318,Hassan,Channarayapatna,Coconut,Grade- II,FAQ,10000,12000,11000,2020-11-01,2020-11-01,,,,,,,,,,
3319,Hassan,Channarayapatna,Coconut,Grade- II,FAQ,10000,12000,11000,2020-11-08,2020-11-08,,,,,,,,,,
3320,Hassan,Channarayapatna,Coconut,Grade- II,FAQ,10000,12000,11000,2022-02-15,2022-02-15,24.2,17.6,31.0,0.0,,,7.2,,1010.9,
3321,Hassan,Channarayapatna,Coconut,Grade- II,FAQ,10000,12000,11000,2022-02-19,2022-02-19,24.5,17.1,31.7,0.0,,,9.1,,1011.7,
3322,Hassan,Channarayapatna,Coconut,Grade- II,FAQ,10000,12000,12000,2021-12-05,2021-12-05,22.9,19.4,27.2,2.4,,,3.0,,1013.4,
3323,Hassan,Channarayapatna,Coconut,Grade- II,FAQ,10000,12000,12000,2020-04-08,2020-04-08,,,,,,,,,,
3324,Hassan,Channarayapatna,Coconut,Grade- II,FAQ,10000,12000,12000,2021-11-09,2021-11-09,21.3,19.6,24.4,2.1,,,6.5,,1012.4,
3325,Hassan,Channarayapatna,Coconut,Grade- II,FAQ,10000,12000,12000,2020-12-10,2020-12-10,,,,,,,,,,
3326,Hassan,Channarayapatna,Coconut,Grade- II,FAQ,10000,12000,12000,2021-10-16,2021-10-16,23.3,20.0,28.9,16.1,,,4.6,,1004.5,
3327,Hassan,Channarayapatna,Coconut,Grade- II,FAQ,10000,12000,12000,2020-08-18,2020-08-18,,,,,,,,,,
3328,Hassan,Channarayapatna,Coconut,Grade- II,FAQ,10000,12000,12000,2020-12-20,2020-12-20,,,,,,,,,,
3329,Hassan,Channarayapatna,Coconut,Grade- II,FAQ,10000,12000,12000,2021-11-20,2021-11-20,22.0,20.4,25.5,12.7,,,11.5,,1007.3,
3330,Hassan,Channarayapatna,Coconut,Grade- II,FAQ,10000,12000,12000,2021-11-23,2021-11-23,23.1,19.9,27.7,1.3,,,6.9,,1011.6,
3331,Hassan,Channarayapatna,Coconut,Grade- II,FAQ,10000,12000,12000,2021-07-29,2021-07-29,23.9,20.5,28.3,0.5,,,19.0,,1011.0,
3332,Hassan,Channarayapatna,Coconut,Grade- II,FAQ,10000,12500,10000,2021-12-04,2021-12-04,22.5,18.4,26.8,1.5,,,2.2,,1013.4,
3333,Hassan,Channarayapatna,Coconut,Grade- II,FAQ,10000,12500,10000,2022-09-13,2022-09-13,23.5,20.2,28.2,1.0,,,15.7,,1009.9,
3334,Hassan,Channarayapatna,Coconut,Grade- II,FAQ,10000,13000,10000,2021-01-05,2021-01-05,22.8,19.4,27.8,0.7,,,11.8,,1012.9,
3335,Hassan,Channarayapatna,Coconut,Grade- II,FAQ,10000,13000,10000,2021-03-13,2021-03-13,25.5,16.9,33.2,0.0,,,8.2,,1013.4,
3336,Hassan,Channarayapatna,Coconut,Grade- II,FAQ,10000,13000,10000,2021-10-30,2021-10-30,23.0,20.1,28.0,12.4,,,9.5,,1013.2,
3337,Hassan,Channarayapatna,Coconut,Grade- II,FAQ,10000,13000,11000,2020-09-13,2020-09-13,,,,,,,,,,
3338,Hassan,Channarayapatna,Coconut,Grade- II,FAQ,10000,13000,12000,2021-08-10,2021-08-10,24.4,21.2,29.5,8.7,,,11.8,,1010.8,
3339,Hassan,Channarayapatna,Coconut,Grade- II,FAQ,10000,13000,13000,2021-02-01,2021-02-01,23.7,16.7,30.6,0.0,,,9.7,,1015.2,
3340,Hassan,Channarayapatna,Coconut,Grade- II,FAQ,10000,13000,13000,2021-03-15,2021-03-15,26.3,19.0,33.6,0.0,,,7.3,,1011.4,
3341,Hassan,Channarayapatna,Coconut,Grade- II,FAQ,10000,13000,13000,2021-12-16,2021-12-16,21.6,17.1,26.6,0.0,,,8.5,,1015.1,
3342,Hassan,Channarayapatna,Coconut,Grade- II,FAQ,10000,14000,10000,2021-02-09,2021-02-09,22.2,15.1,29.7,0.0,,,10.8,,1013.9,
3343,Hassan,Channarayapatna,Coconut,Grade- II,FAQ,10000,14000,10000,2021-03-09,2021-03-09,25.9,18.0,33.7,0.0,,,8.4,,1013.1,
3344,Hassan,Channarayapatna,Coconut,Grade- II,FAQ,10000,14000,10000,2020-12-13,2020-12-13,,,,,,,,,,
3345,Hassan,Channarayapatna,Coconut,Grade- II,FAQ,10000,14000,10000,2021-03-27,2021-03-27,28.7,20.1,36.2,0.0,,,10.4,,1009.5,
3346,Hassan,Channarayapatna,Coconut,Grade- II,FAQ,10000,14000,14000,2021-02-02,2021-02-02,23.2,16.3,30.1,0.0,,,10.7,,1015.6,
3347,Hassan,Channarayapatna,Coconut,Grade- II,FAQ,10000,14000,14000,2021-03-02,2021-03-02,25.4,17.2,33.2,0.0,,,9.3,,1013.3,
3348,Hassan,Channarayapatna,Coconut,Grade- II,FAQ,10000,14000,14000,2021-02-23,2021-02-23,23.6,17.5,31.0,0.0,,,7.7,,1013.4,
3349,Hassan,Channarayapatna,Coconut,Grade- II,FAQ,10000,14000,14000,2020-12-27,2020-12-27,,,,,,,,,,
3350,Hassan,Channarayapatna,Coconut,Grade- II,FAQ,10000,14000,14000,2021-03-30,2021-03-30,28.3,22.2,35.0,0.1,,,8.8,,1008.9,
3351,Hassan,Channarayapatna,Coconut,Grade- II,FAQ,10000,14400,10000,2020-08-30,2020-08-30,,,,,,,,,,
3352,Hassan,Channarayapatna,Coconut,Grade- II,FAQ,10000,15000,10000,2021-04-03,2021-04-03,27.8,22.4,35.1,0.0,,,11.9,,1009.0,
3353,Hassan,Channarayapatna,Coconut,Grade- II,FAQ,10000,15000,10000,2021-10-05,2021-10-05,24.2,20.4,29.4,3.2,,,5.7,,1008.4,
3354,Hassan,Channarayapatna,Coconut,Grade- II,FAQ,10000,15000,10000,2021-03-06,2021-03-06,24.9,16.3,34.0,0.0,,,6.6,,1013.5,
3355,Hassan,Channarayapatna,Coconut,Grade- II,FAQ,10000,15000,10000,2021-04-10,2021-04-10,27.9,20.8,35.6,0.0,,,8.1,,1007.1,
3356,Hassan,Channarayapatna,Coconut,Grade- II,FAQ,10000,15000,10000,2022-02-12,2022-02-12,23.9,16.6,30.8,0.0,,,9.7,,1011.7,
3357,Hassan,Channarayapatna,Coconut,Grade- II,FAQ,10000,15000,10000,2021-02-13,2021-02-13,22.2,14.4,30.4,0.0,,,6.8,,1013.9,
3358,Hassan,Channarayapatna,Coconut,Grade- II,FAQ,10000,15000,10000,2021-07-15,2021-07-15,21.9,20.4,24.6,13.4,,,18.0,,1007.7,
3359,Hassan,Channarayapatna,Coconut,Grade- II,FAQ,10000,15000,10000,2021-12-21,2021-12-21,19.8,14.6,26.3,0.0,,,6.8,,1016.0,
3360,Hassan,Channarayapatna,Coconut,Grade- II,FAQ,10000,15000,10000,2021-02-27,2021-02-27,25.5,17.7,33.3,0.0,,,6.0,,1010.0,
3361,Hassan,Channarayapatna,Coconut,Grade- II,FAQ,10000,15000,12000,2021-04-06,2021-04-06,29.2,21.5,36.8,0.0,,,9.2,,1010.2,
3362,Hassan,Channarayapatna,Coconut,Grade- II,FAQ,10000,15000,12000,2021-11-30,2021-11-30,22.2,19.7,26.0,1.8,,,13.6,,1012.9,
3363,Hassan,Channarayapatna,Coconut,Grade- II,FAQ,10000,15000,15000,2024-02-03,2024-02-03,25.5,18.6,32.2,0.0,,,10.1,,1014.6,
3364,Hassan,Channarayapatna,Coconut,Grade- II,FAQ,10000,15000,15000,2024-02-06,2024-02-06,25.4,17.4,34.6,0.0,,,13.0,,1016.0,
3365,Hassan,Channarayapatna,Coconut,Grade- II,FAQ,10000,15000,15000,2021-05-11,2021-05-11,26.4,22.3,33.6,11.9,,,4.8,,1009.3,
3366,Hassan,Channarayapatna,Coconut,Grade- II,FAQ,10000,15000,15000,2021-04-17,2021-04-17,26.6,20.7,32.7,0.1,,,6.7,,1011.7,
3367,Hassan,Channarayapatna,Coconut,Grade- II,FAQ,10000,15000,15000,2021-11-28,2021-11-28,21.6,20.1,24.8,16.0,,,10.9,,1012.3,
3368,Hassan,Channarayapatna,Coconut,Grade- II,FAQ,10000,15630,10000,2023-04-01,2023-04-01,27.7,21.2,33.4,0.0,,,8.8,,1010.1,
3369,Hassan,Channarayapatna,Coconut,Grade- II,FAQ,10000,16000,12000,2020-05-31,2020-05-31,,,,,,,,,,
3370,Hassan,Channarayapatna,Coconut,Grade- II,FAQ,10000,16500,10000,2022-08-23,2022-08-23,23.5,20.6,28.5,6.5,,,14.5,,1009.6,
3371,Hassan,Channarayapatna,Coconut,Grade- II,FAQ,10000,17000,16000,2020-06-12,2020-06-12,,,,,,,,,,
3372,Hassan,Channarayapatna,Coconut,Grade- II,FAQ,10000,17500,15000,2024-01-30,2024-01-30,23.8,16.6,31.2,0.0,,,7.7,,1014.9,
3373,Hassan,Channarayapatna,Coconut,Grade- II,FAQ,10000,17500,17500,2024-07-02,2024-07-02,25.0,21.8,30.0,0.3,,,18.2,,1008.7,
3374,Hassan,Channarayapatna,Coconut,Grade- II,FAQ,10000,18000,10000,2022-01-18,2022-01-18,22.3,16.9,29.2,0.0,,,8.4,,1015.0,
3375,Hassan,Channarayapatna,Coconut,Grade- II,FAQ,10000,18000,10000,2020-04-19,2020-04-19,,,,,,,,,,
3376,Hassan,Channarayapatna,Coconut,Grade- II,FAQ,10000,18000,10000,2022-01-25,2022-01-25,22.2,15.6,29.3,0.0,,,6.1,,1010.4,
3377,Hassan,Channarayapatna,Coconut,Grade- II,FAQ,10000,18000,10000,2020-06-29,2020-06-29,,,,,,,,,,
3378,Hassan,Channarayapatna,Coconut,Grade- II,FAQ,10000,18500,10000,2021-11-13,2021-11-13,22.3,20.5,26.5,19.1,,,7.0,,1009.1,
3379,Hassan,Channarayapatna,Coconut,Grade- II,FAQ,10000,18700,10000,2021-11-16,2021-11-16,22.1,20.0,25.6,15.4,,,5.2,,1008.4,
3380,Hassan,Channarayapatna,Coconut,Grade- II,FAQ,10000,20000,10000,2021-02-21,2021-02-21,20.5,17.8,25.8,6.1,,,7.4,,1015.0,
3381,Hassan,Channarayapatna,Coconut,Grade- II,FAQ,10000,22000,22000,2020-09-20,2020-09-20,,,,,,,,,,
3382,Hassan,Channarayapatna,Coconut,Grade- II,FAQ,10000,22000,22000,2021-01-24,2021-01-24,22.5,17.2,29.5,0.0,,,7.9,,1013.6,
3383,Hassan,Channarayapatna,Coconut,Grade- II,FAQ,11000,11000,11000,2020-11-05,2020-11-05,,,,,,,,,,
3384,Hassan,Channarayapatna,Coconut,Grade- II,FAQ,11000,11000,11000,2021-08-08,2021-08-08,24.8,20.8,30.1,2.9,,,10.5,,1010.3,
3385,Hassan,Channarayapatna,Coconut,Grade- II,FAQ,11000,11000,11000,2022-02-13,2022-02-13,23.9,17.2,30.7,0.0,,,8.3,,1010.8,
3386,Hassan,Channarayapatna,Coconut,Grade- II,FAQ,11000,11000,11000,2020-11-13,2020-11-13,,,,,,,,,,
3387,Hassan,Channarayapatna,Coconut,Grade- II,FAQ,11000,11000,11000,2022-02-18,2022-02-18,24.6,17.4,31.4,0.0,,,10.5,,1009.7,
3388,Hassan,Channarayapatna,Coconut,Grade- II,FAQ,11000,11000,11000,2021-02-19,2021-02-19,22.8,18.4,29.3,0.8,,,9.7,,1014.2,
3389,Hassan,Channarayapatna,Coconut,Grade- II,FAQ,11000,11000,11000,2022-02-25,2022-02-25,24.1,16.4,32.0,0.0,,,8.8,,1014.2,
3390,Hassan,Channarayapatna,Coconut,Grade- II,FAQ,11000,11000,11000,2022-02-27,2022-02-27,24.2,17.7,31.7,0.0,,,7.8,,1014.1,
3391,Hassan,Channarayapatna,Coconut,Grade- II,FAQ,11000,11000,11000,2021-10-31,2021-10-31,23.0,20.1,28.8,10.8,,,8.2,,1013.1,
3392,Hassan,Channarayapatna,Coconut,Grade- II,FAQ,11000,12000,11000,2020-10-29,2020-10-29,,,,,,,,,,
3393,Hassan,Channarayapatna,Coconut,Grade- II,FAQ,11000,12000,12000,2020-08-22,2020-08-22,,,,,,,,,,
3394,Hassan,Channarayapatna,Coconut,Grade- II,FAQ,11000,13500,12000,2020-12-06,2020-12-06,,,,,,,,,,
3395,Hassan,Channarayapatna,Coconut,Grade- II,FAQ,11000,14000,14000,2022-02-11,2022-02-11,23.9,16.5,30.8,0.0,,,11.6,,1012.0,
3396,Hassan,Channarayapatna,Coconut,Grade- II,FAQ,11000,15000,12000,2020-09-22,2020-09-22,,,,,,,,,,
3397,Hassan,Channarayapatna,Coconut,Grade- II,FAQ,11000,15000,15000,2020-10-15,2020-10-15,,,,,,,,,,
3398,Hassan,Channarayapatna,Coconut,Grade- II,FAQ,11100,11100,11100,2020-04-27,2020-04-27,,,,,,,,,,
3399,Hassan,Channarayapatna,Coconut,Grade- II,FAQ,11500,14000,12000,2020-12-29,2020-12-29,,,,,,,,,,
3400,Hassan,Channarayapatna,Coconut,Grade- II,FAQ,12000,12000,12000,2020-09-04,2020-09-04,,,,,,,,,,
3401,Hassan,Channarayapatna,Coconut,Grade- II,FAQ,12000,12000,12000,2022-08-05,2022-08-05,21.9,20.9,23.8,16.0,,,21.5,,1006.9,
3402,Hassan,Channarayapatna,Coconut,Grade- II,FAQ,12000,12000,12000,2021-01-06,2021-01-06,22.8,20.0,28.1,9.5,,,8.1,,1012.3,
3403,Hassan,Channarayapatna,Coconut,Grade- II,FAQ,12000,12000,12000,2021-09-06,2021-09-06,21.9,20.6,26.6,8.3,,,14.4,,1009.2,
3404,Hassan,Channarayapatna,Coconut,Grade- II,FAQ,12000,12000,12000,2020-06-07,2020-06-07,,,,,,,,,,
3405,Hassan,Channarayapatna,Coconut,Grade- II,FAQ,12000,12000,12000,2020-11-09,2020-11-09,,,,,,,,,,
3406,Hassan,Channarayapatna,Coconut,Grade- II,FAQ,12000,12000,12000,2021-01-13,2021-01-13,23.3,19.0,28.6,0.0,,,14.1,,1012.0,
3407,Hassan,Channarayapatna,Coconut,Grade- II,FAQ,12000,12000,12000,2020-10-14,2020-10-14,,,,,,,,,,
3408,Hassan,Channarayapatna,Coconut,Grade- II,FAQ,12000,12000,12000,2020-11-16,2020-11-16,,,,,,,,,,
3409,Hassan,Channarayapatna,Coconut,Grade- II,FAQ,12000,12000,12000,2020-09-16,2020-09-16,,,,,,,,,,
3410,Hassan,Channarayapatna,Coconut,Grade- II,FAQ,12000,12000,12000,2020-06-17,2020-06-17,,,,,,,,,,
3411,Hassan,Channarayapatna,Coconut,Grade- II,FAQ,12000,12000,12000,2020-12-21,2020-12-21,,,,,,,,,,
3412,Hassan,Channarayapatna,Coconut,Grade- II,FAQ,12000,12000,12000,2020-10-21,2020-10-21,,,,,,,,,,
3413,Hassan,Channarayapatna,Coconut,Grade- II,FAQ,12000,12000,12000,2020-12-23,2020-12-23,,,,,,,,,,
3414,Hassan,Channarayapatna,Coconut,Grade- II,FAQ,12000,12000,12000,2021-03-23,2021-03-23,28.1,20.7,35.6,0.0,,,8.7,,1011.1,
3415,Hassan,Channarayapatna,Coconut,Grade- II,FAQ,12000,12000,12000,2020-09-23,2020-09-23,,,,,,,,,,
3416,Hassan,Channarayapatna,Coconut,Grade- II,FAQ,12000,12000,12000,2021-12-29,2021-12-29,21.4,16.8,27.6,0.3,,,8.7,,1014.2,
3417,Hassan,Channarayapatna,Coconut,Grade- II,FAQ,12000,12000,12000,2020-11-30,2020-11-30,,,,,,,,,,
3418,Hassan,Channarayapatna,Coconut,Grade- II,FAQ,12000,13000,12000,2020-12-02,2020-12-02,,,,,,,,,,
3419,Hassan,Channarayapatna,Coconut,Grade- II,FAQ,12000,15000,15000,2021-07-14,2021-07-14,22.9,21.5,25.8,10.5,,,16.2,,1007.7,
3420,Hassan,Channarayapatna,Coconut,Grade- II,FAQ,12000,15000,15000,2020-12-18,2020-12-18,,,,,,,,,,
3421,Hassan,Channarayapatna,Coconut,Grade- II,FAQ,12700,12700,12700,2020-10-08,2020-10-08,,,,,,,,,,
3422,Hassan,Channarayapatna,Coconut,Grade- II,FAQ,13000,13000,13000,2021-10-01,2021-10-01,24.0,20.9,29.6,10.5,,,5.3,,1010.0,
3423,Hassan,Channarayapatna,Coconut,Grade- II,FAQ,13000,13000,13000,2020-12-04,2020-12-04,,,,,,,,,,
3424,Hassan,Channarayapatna,Coconut,Grade- II,FAQ,13000,13000,13000,2020-10-07,2020-10-07,,,,,,,,,,
3425,Hassan,Channarayapatna,Coconut,Grade- II,FAQ,13000,13000,13000,2020-12-24,2020-12-24,,,,,,,,,,
3426,Hassan,Channarayapatna,Coconut,Grade- II,FAQ,13000,13000,13000,2021-08-26,2021-08-26,24.9,20.7,31.0,1.3,,,11.4,,1007.6,
3427,Hassan,Channarayapatna,Coconut,Grade- II,FAQ,13000,13000,13000,2021-10-27,2021-10-27,23.5,18.9,28.2,0.3,,,8.9,,1011.8,
3428,Hassan,Channarayapatna,Coconut,Grade- II,FAQ,13000,14000,14000,2020-10-18,2020-10-18,,,,,,,,,,
3429,Hassan,Channarayapatna,Coconut,Grade- II,FAQ,13120,13120,13120,2021-09-03,2021-09-03,22.7,20.9,26.7,9.1,,,10.5,,1008.9,
3430,Hassan,Channarayapatna,Coconut,Grade- II,FAQ,14000,14000,14000,2020-11-19,2020-11-19,,,,,,,,,,
3431,Hassan,Channarayapatna,Coconut,Grade- II,FAQ,14000,14000,14000,2021-08-30,2021-08-30,22.9,20.2,26.5,2.0,,,14.9,,1007.8,
3432,Hassan,Channarayapatna,Coconut,Grade- II,FAQ,14000,18770,14500,2024-09-01,2024-09-01,,,,,,,,,,
3433,Hassan,Channarayapatna,Coconut,Grade- II,FAQ,14400,14400,14400,2020-09-03,2020-09-03,,,,,,,,,,
3434,Hassan,Channarayapatna,Coconut,Grade- II,FAQ,14450,14450,14450,2024-06-12,2024-06-12,24.5,21.8,28.0,0.7,,,18.1,,1011.0,
3435,Hassan,Channarayapatna,Coconut,Grade- II,FAQ,14500,14500,14500,2020-06-16,2020-06-16,,,,,,,,,,
3436,Hassan,Channarayapatna,Coconut,Grade- II,FAQ,15000,15000,15000,2020-10-05,2020-10-05,,,,,,,,,,
3437,Hassan,Channarayapatna,Coconut,Grade- II,FAQ,15000,15000,15000,2020-10-12,2020-10-12,,,,,,,,,,
3438,Hassan,Channarayapatna,Coconut,Grade- II,FAQ,15000,15000,15000,2020-05-21,2020-05-21,,,,,,,,,,
3439,Hassan,Channarayapatna,Coconut,Grade- II,FAQ,15000,15000,15000,2021-11-21,2021-11-21,23.0,19.5,27.8,8.6,,,5.6,,1010.5,
3440,Hassan,Channarayapatna,Coconut,Grade- II,FAQ,15000,15000,15000,2020-10-22,2020-10-22,,,,,,,,,,
3441,Hassan,Channarayapatna,Coconut,Grade- II,FAQ,15000,15000,15000,2020-11-26,2020-11-26,,,,,,,,,,
3442,Hassan,Channarayapatna,Coconut,Grade- II,FAQ,15000,15000,15000,2024-03-30,2024-03-30,29.4,21.4,37.1,0.0,,,11.1,,1012.4,
3443,Hassan,Channarayapatna,Coconut,Grade- II,FAQ,16000,16000,16000,2021-05-04,2021-05-04,25.5,21.8,31.2,6.2,,,5.5,,1010.2,
3444,Hassan,Channarayapatna,Coconut,Grade- II,FAQ,16000,16000,16000,2020-09-07,2020-09-07,,,,,,,,,,
3445,Hassan,Channarayapatna,Coconut,Grade- II,FAQ,16000,17000,16000,2020-05-09,2020-05-09,,,,,,,,,,
3446,Hassan,Channarayapatna,Coconut,Grade- II,FAQ,17750,17750,17750,2024-08-19,2024-08-19,24.4,21.7,29.9,16.4,,,8.4,,1007.6,
3447,Hassan,Channarayapatna,Coconut,Grade- II,FAQ,18340,19350,18340,2020-10-16,2020-10-16,,,,,,,,,,
3448,Hassan,Channarayapatna,Coconut,Grade- II,FAQ,19000,19000,19000,2024-09-06,2024-09-06,24.9,21.5,29.7,0.4,,,17.3,,1009.7,
3449,Hassan,Channarayapatna,Coconut,Grade- II,FAQ,19500,19500,19500,2024-12-20,2024-12-20,24.0,18.6,30.2,0.0,,,8.8,,1010.8,
3450,Hassan,Channarayapatna,Coconut,Grade- II,FAQ,20000,20000,20000,2021-08-06,2021-08-06,24.8,21.5,28.9,0.6,,,16.9,,1009.5,
3451,Hassan,Channarayapatna,Coconut,Grade- II,FAQ,20000,20000,20000,2025-02-06,2025-02-06,22.4,15.3,30.0,0.0,,,12.1,,1012.2,
3452,Hassan,Channarayapatna,Coconut,Grade- II,FAQ,20000,20000,20000,2025-02-07,2025-02-07,22.1,14.9,30.6,0.0,,,10.4,,1013.5,
3453,Hassan,Channarayapatna,Coconut,Grade- II,FAQ,20000,20000,20000,2024-12-12,2024-12-12,,,,,,,,,,
3454,Hassan,Channarayapatna,Coconut,Grade- II,FAQ,20000,20000,20000,2025-03-14,2025-03-14,26.8,20.3,34.8,0.0,,,10.8,,1011.4,
3455,Hassan,Channarayapatna,Coconut,Grade- II,FAQ,20000,20000,20000,2025-01-15,2025-01-15,22.4,18.2,28.1,0.0,,,15.9,,1015.3,
3456,Hassan,Channarayapatna,Coconut,Grade- II,FAQ,20000,20000,20000,2024-12-16,2024-12-16,19.9,14.5,26.3,0.0,,,10.1,,1013.9,
3457,Hassan,Channarayapatna,Coconut,Grade- II,FAQ,20000,20000,20000,2025-01-16,2025-01-16,22.2,16.8,28.1,0.0,,,14.4,,1014.9,
3458,Hassan,Channarayapatna,Coconut,Grade- II,FAQ,20000,20000,20000,2024-12-19,2024-12-19,23.0,17.4,28.7,0.2,,,6.7,,1011.2,
3459,Hassan,Channarayapatna,Coconut,Grade- II,FAQ,20000,20000,20000,2025-01-24,2025-01-24,21.7,16.0,28.6,0.0,,,12.7,,1011.9,
3460,Hassan,Channarayapatna,Coconut,Grade- II,FAQ,20000,20000,20000,2022-12-28,2022-12-28,22.9,19.7,28.2,0.0,,,9.8,,1016.2,
3461,Hassan,Channarayapatna,Coconut,Grade- II,FAQ,20000,20000,20000,2025-01-29,2025-01-29,21.8,14.9,30.8,0.0,,,10.4,,1013.1,
3462,Hassan,Channarayapatna,Coconut,Grade- II,FAQ,20000,25000,20000,2025-01-20,2025-01-20,23.1,18.8,29.4,0.0,,,12.0,,1012.8,
3463,Hassan,Channarayapatna,Coconut,Grade- II,FAQ,20000,25000,25000,2025-02-15,2025-02-15,23.1,15.4,30.7,0.0,,,7.1,,1012.5,
3464,Hassan,Channarayapatna,Coconut,Grade- II,FAQ,20000,27000,20000,2025-04-05,2025-04-05,25.2,20.5,31.7,4.2,,,7.5,,1012.0,
3465,Hassan,Channarayapatna,Coconut,Grade- II,FAQ,20000,34000,20000,2025-03-15,2025-03-15,,,,,,,,,,
3466,Hassan,Channarayapatna,Coconut,Grade- II,FAQ,21000,25000,25000,2025-02-16,2025-02-16,23.8,16.5,32.0,0.0,,,8.7,,1012.6,
3467,Hassan,Channarayapatna,Coconut,Grade- II,FAQ,21500,36000,24000,2025-01-22,2025-01-22,21.9,14.7,29.3,0.0,,,10.5,,1012.2,
3468,Hassan,Channarayapatna,Coconut,Grade- II,FAQ,22000,22000,22000,2025-03-26,2025-03-26,26.7,20.0,33.2,0.0,,,9.7,,1009.7,
3469,Hassan,Channarayapatna,Coconut,Grade- II,FAQ,24000,24000,24000,2025-04-16,2025-04-16,25.9,20.9,33.1,1.6,,,8.4,,1010.7,
3470,Hassan,Channarayapatna,Coconut,Grade- II,FAQ,25000,25000,25000,2025-06-02,2025-06-02,24.5,20.9,30.1,0.5,,,18.3,,1010.3,
3471,Hassan,Channarayapatna,Coconut,Grade- II,FAQ,25000,25000,25000,2025-04-22,2025-04-22,26.5,20.8,33.5,0.0,,,9.0,,1011.6,
3472,Hassan,Channarayapatna,Coconut,Grade- II,FAQ,25000,25000,25000,2025-01-27,2025-01-27,21.4,14.7,29.5,0.0,,,10.2,,1012.0,
3473,Hassan,Channarayapatna,Coconut,Grade- II,FAQ,25000,31000,31000,2025-02-11,2025-02-11,22.4,15.3,30.1,0.0,,,8.9,,1014.5,
3474,Hassan,Channarayapatna,Coconut,Grade- II,FAQ,26500,26500,26500,2024-07-12,2024-07-12,24.2,21.5,30.7,6.4,,,16.8,,1008.7,
3475,Hassan,Channarayapatna,Coconut,Grade- II,FAQ,38000,38000,38000,2025-04-24,2025-04-24,27.0,21.9,33.7,0.0,,,10.2,,1009.2,
3476,Hassan,Channarayapatna,Coconut,Grade- II,Ref grade-1,20000,20000,20000,2025-01-30,2025-01-30,22.6,16.3,29.7,0.0,,,7.6,,1012.4,
3477,Hassan,Channarayapatna,Coconut,Grade- II,Ref grade-1,20000,20000,20000,2025-01-31,2025-01-31,23.7,17.7,30.1,0.0,,,9.3,,1011.5,
3478,Hassan,Channarayapatna,Coconut,Grade- II,Ref grade-1,20000,22000,20000,2025-02-03,2025-02-03,22.2,15.4,30.1,0.0,,,8.9,,1013.0,
3479,Hassan,Channarayapatna,Coconut,Grade- II,Ref grade-1,20000,23000,23000,2025-02-05,2025-02-05,22.8,15.9,30.5,0.0,,,10.8,,1012.4,
3480,Hassan,Channarayapatna,Coconut,Grade- II,Ref grade-1,20000,25000,20000,2025-02-04,2025-02-04,22.4,14.9,30.3,0.0,,,9.6,,1013.4,
3481,Hassan,Channarayapatna,Coconut,Grade-III,FAQ,10000,10000,10000,2019-08-01,2019-08-01,,,,,,,,,,
3482,Hassan,Channarayapatna,Coconut,Grade-III,FAQ,10000,10000,10000,2023-08-01,2023-08-01,24.9,22.0,29.4,0.0,,,23.2,,1010.6,
3483,Hassan,Channarayapatna,Coconut,Grade-III,FAQ,10000,10000,10000,2023-01-01,2023-01-01,21.5,14.3,27.9,0.0,,,5.5,,1016.5,
3484,Hassan,Channarayapatna,Coconut,Grade-III,FAQ,10000,10000,10000,2023-07-01,2023-07-01,25.6,20.7,31.2,0.3,,,15.5,,1010.8,
3485,Hassan,Channarayapatna,Coconut,Grade-III,FAQ,10000,10000,10000,2024-06-01,2024-06-01,26.5,23.3,32.6,7.9,,,9.9,,1008.3,
3486,Hassan,Channarayapatna,Coconut,Grade-III,FAQ,10000,10000,10000,2022-11-01,2022-11-01,21.7,17.6,26.7,6.1,,,8.4,,1012.8,
3487,Hassan,Channarayapatna,Coconut,Grade-III,FAQ,10000,10000,10000,2020-01-02,2020-01-02,,,,,,,,,,
3488,Hassan,Channarayapatna,Coconut,Grade-III,FAQ,10000,10000,10000,2023-05-02,2023-05-02,24.6,20.2,30.9,9.1,,,7.4,,1009.7,
3489,Hassan,Channarayapatna,Coconut,Grade-III,FAQ,10000,10000,10000,2023-09-02,2023-09-02,25.2,21.9,31.6,16.0,,,10.4,,1010.0,
3490,Hassan,Channarayapatna,Coconut,Grade-III,FAQ,10000,10000,10000,2020-01-03,2020-01-03,,,,,,,,,,
3491,Hassan,Channarayapatna,Coconut,Grade-III,FAQ,10000,10000,10000,2023-01-03,2023-01-03,21.3,14.7,27.9,0.0,,,9.5,,1016.6,
3492,Hassan,Channarayapatna,Coconut,Grade-III,FAQ,10000,10000,10000,2023-06-03,2023-06-03,27.0,22.9,33.9,2.8,,,12.1,,1009.9,
3493,Hassan,Channarayapatna,Coconut,Grade-III,FAQ,10000,10000,10000,2024-03-03,2024-03-03,26.5,18.7,34.6,0.0,,,7.8,,1012.5,
3494,Hassan,Channarayapatna,Coconut,Grade-III,FAQ,10000,10000,10000,2023-10-03,2023-10-03,25.1,19.8,31.5,0.0,,,13.5,,1011.5,
3495,Hassan,Channarayapatna,Coconut,Grade-III,FAQ,10000,10000,10000,2019-09-03,2019-09-03,,,,,,,,,,
3496,Hassan,Channarayapatna,Coconut,Grade-III,FAQ,10000,10000,10000,2023-04-04,2023-04-04,25.6,22.7,30.8,0.6,,,8.2,,1011.5,
3497,Hassan,Channarayapatna,Coconut,Grade-III,FAQ,10000,10000,10000,2019-12-04,2019-12-04,,,,,,,,,,
3498,Hassan,Channarayapatna,Coconut,Grade-III,FAQ,10000,10000,10000,2023-12-04,2023-12-04,23.3,19.6,27.5,0.0,,,11.9,,1009.9,
3499,Hassan,Channarayapatna,Coconut,Grade-III,FAQ,10000,10000,10000,2023-07-04,2023-07-04,23.3,21.6,26.9,17.7,,,21.6,,1007.4,
3500,Hassan,Channarayapatna,Coconut,Grade-III,FAQ,10000,10000,10000,2023-03-04,2023-03-04,25.0,16.3,33.1,0.0,,,14.9,,1016.9,
3501,Hassan,Channarayapatna,Coconut,Grade-III,FAQ,10000,10000,10000,2019-10-04,2019-10-04,,,,,,,,,,
3502,Hassan,Channarayapatna,Coconut,Grade-III,FAQ,10000,10000,10000,2019-08-05,2019-08-05,,,,,,,,,,
3503,Hassan,Channarayapatna,Coconut,Grade-III,FAQ,10000,10000,10000,2019-12-05,2019-12-05,,,,,,,,,,
3504,Hassan,Channarayapatna,Coconut,Grade-III,FAQ,10000,10000,10000,2020-03-05,2020-03-05,,,,,,,,,,
3505,Hassan,Channarayapatna,Coconut,Grade-III,FAQ,10000,10000,10000,2023-09-05,2023-09-05,23.9,21.3,30.8,10.3,,,15.6,,1008.0,
3506,Hassan,Channarayapatna,Coconut,Grade-III,FAQ,10000,10000,10000,2022-08-06,2022-08-06,22.7,20.9,24.6,7.0,,,23.4,,1006.8,
3507,Hassan,Channarayapatna,Coconut,Grade-III,FAQ,10000,10000,10000,2020-02-06,2020-02-06,,,,,,,,,,
3508,Hassan,Channarayapatna,Coconut,Grade-III,FAQ,10000,10000,10000,2023-06-06,2023-06-06,27.1,21.8,34.3,0.6,,,13.3,,1009.1,
3509,Hassan,Channarayapatna,Coconut,Grade-III,FAQ,10000,10000,10000,2020-03-06,2020-03-06,,,,,,,,,,
3510,Hassan,Channarayapatna,Coconut,Grade-III,FAQ,10000,10000,10000,2023-05-06,2023-05-06,25.9,21.2,31.6,3.1,,,8.3,,1009.2,
3511,Hassan,Channarayapatna,Coconut,Grade-III,FAQ,10000,10000,10000,2022-11-06,2022-11-06,22.5,19.2,27.1,1.4,,,8.6,,1015.0,
3512,Hassan,Channarayapatna,Coconut,Grade-III,FAQ,10000,10000,10000,2020-02-07,2020-02-07,,,,,,,,,,
3513,Hassan,Channarayapatna,Coconut,Grade-III,FAQ,10000,10000,10000,2019-11-07,2019-11-07,,,,,,,,,,
3514,Hassan,Channarayapatna,Coconut,Grade-III,FAQ,10000,10000,10000,2019-08-08,2019-08-08,,,,,,,,,,
3515,Hassan,Channarayapatna,Coconut,Grade-III,FAQ,10000,10000,10000,2023-08-08,2023-08-08,24.6,20.7,30.8,1.4,,,13.3,,1010.9,
3516,Hassan,Channarayapatna,Coconut,Grade-III,FAQ,10000,10000,10000,2020-01-08,2020-01-08,,,,,,,,,,
3517,Hassan,Channarayapatna,Coconut,Grade-III,FAQ,10000,10000,10000,2023-07-08,2023-07-08,23.5,20.8,27.8,2.3,,,16.6,,1011.6,
3518,Hassan,Channarayapatna,Coconut,Grade-III,FAQ,10000,10000,10000,2019-11-08,2019-11-08,,,,,,,,,,
3519,Hassan,Channarayapatna,Coconut,Grade-III,FAQ,10000,10000,10000,2019-10-08,2019-10-08,,,,,,,,,,
3520,Hassan,Channarayapatna,Coconut,Grade-III,FAQ,10000,10000,10000,2022-10-08,2022-10-08,23.5,19.0,28.2,0.0,,,5.5,,1010.1,
3521,Hassan,Channarayapatna,Coconut,Grade-III,FAQ,10000,10000,10000,2022-08-09,2022-08-09,23.2,21.2,26.3,1.2,,,24.4,,1006.1,
3522,Hassan,Channarayapatna,Coconut,Grade-III,FAQ,10000,10000,10000,2019-12-09,2019-12-09,,,,,,,,,,
3523,Hassan,Channarayapatna,Coconut,Grade-III,FAQ,10000,10000,10000,2022-07-09,2022-07-09,22.0,20.6,25.3,10.6,,,18.7,,1007.7,
3524,Hassan,Channarayapatna,Coconut,Grade-III,FAQ,10000,10000,10000,2020-03-09,2020-03-09,,,,,,,,,,
3525,Hassan,Channarayapatna,Coconut,Grade-III,FAQ,10000,10000,10000,2020-01-10,2020-01-10,,,,,,,,,,
3526,Hassan,Channarayapatna,Coconut,Grade-III,FAQ,10000,10000,10000,2023-01-10,2023-01-10,20.0,12.8,28.3,0.0,,,10.1,,1016.2,
3527,Hassan,Channarayapatna,Coconut,Grade-III,FAQ,10000,10000,10000,2022-09-10,2022-09-10,23.4,21.4,26.8,5.3,,,17.4,,1008.3,
3528,Hassan,Channarayapatna,Coconut,Grade-III,FAQ,10000,10000,10000,2023-04-11,2023-04-11,28.5,20.9,35.4,0.0,,,10.6,,1012.3,
3529,Hassan,Channarayapatna,Coconut,Grade-III,FAQ,10000,10000,10000,2019-08-11,2019-08-11,,,,,,,,,,
3530,Hassan,Channarayapatna,Coconut,Grade-III,FAQ,10000,10000,10000,2023-07-11,2023-07-11,23.7,21.0,28.5,2.3,,,13.8,,1009.8,
3531,Hassan,Channarayapatna,Coconut,Grade-III,FAQ,10000,10000,10000,2020-03-11,2020-03-11,,,,,,,,,,
3532,Hassan,Channarayapatna,Coconut,Grade-III,FAQ,10000,10000,10000,2023-03-11,2023-03-11,25.6,17.1,33.6,0.0,,,13.2,,1013.0,
3533,Hassan,Channarayapatna,Coconut,Grade-III,FAQ,10000,10000,10000,2022-10-11,2022-10-11,22.8,19.8,27.3,9.6,,,4.0,,1011.0,
3534,Hassan,Channarayapatna,Coconut,Grade-III,FAQ,10000,10000,10000,2023-08-12,2023-08-12,25.9,21.4,32.5,0.2,,,13.2,,1011.0,
3535,Hassan,Channarayapatna,Coconut,Grade-III,FAQ,10000,10000,10000,2019-12-12,2019-12-12,,,,,,,,,,
3536,Hassan,Channarayapatna,Coconut,Grade-III,FAQ,10000,10000,10000,2021-12-12,2021-12-12,22.2,19.3,26.7,1.1,,,12.9,,1015.2,
3537,Hassan,Channarayapatna,Coconut,Grade-III,FAQ,10000,10000,10000,2023-02-12,2023-02-12,24.5,15.9,32.8,0.0,,,11.2,,1014.2,
3538,Hassan,Channarayapatna,Coconut,Grade-III,FAQ,10000,10000,10000,2019-07-12,2019-07-12,,,,,,,,,,
3539,Hassan,Channarayapatna,Coconut,Grade-III,FAQ,10000,10000,10000,2022-09-12,2022-09-12,23.4,20.7,27.8,0.2,,,19.6,,1008.2,
3540,Hassan,Channarayapatna,Coconut,Grade-III,FAQ,10000,10000,10000,2023-09-12,2023-09-12,25.2,21.1,31.1,1.2,,,16.8,,1010.1,
3541,Hassan,Channarayapatna,Coconut,Grade-III,FAQ,10000,10000,10000,2022-08-13,2022-08-13,23.7,20.4,28.4,0.0,,,16.6,,1009.4,
3542,Hassan,Channarayapatna,Coconut,Grade-III,FAQ,10000,10000,10000,2019-12-13,2019-12-13,,,,,,,,,,
3543,Hassan,Channarayapatna,Coconut,Grade-III,FAQ,10000,10000,10000,2021-12-13,2021-12-13,21.8,18.8,27.2,2.5,,,11.4,,1014.4,
3544,Hassan,Channarayapatna,Coconut,Grade-III,FAQ,10000,10000,10000,2023-05-13,2023-05-13,26.3,23.2,31.4,0.7,,,14.7,,1010.7,
3545,Hassan,Channarayapatna,Coconut,Grade-III,FAQ,10000,10000,10000,2022-08-14,2022-08-14,23.4,19.9,28.0,0.0,,,14.5,,1010.2,
3546,Hassan,Channarayapatna,Coconut,Grade-III,FAQ,10000,10000,10000,2023-12-14,2023-12-14,22.1,18.0,27.6,0.0,,,11.5,,1014.4,
3547,Hassan,Channarayapatna,Coconut,Grade-III,FAQ,10000,10000,10000,2019-11-14,2019-11-14,,,,,,,,,,
3548,Hassan,Channarayapatna,Coconut,Grade-III,FAQ,10000,10000,10000,2023-10-14,2023-10-14,23.8,18.0,29.5,0.0,,,7.1,,1013.6,
3549,Hassan,Channarayapatna,Coconut,Grade-III,FAQ,10000,10000,10000,2023-04-15,2023-04-15,28.5,20.8,35.8,0.0,,,12.3,,1011.0,
3550,Hassan,Channarayapatna,Coconut,Grade-III,FAQ,10000,10000,10000,2020-01-15,2020-01-15,,,,,,,,,,
3551,Hassan,Channarayapatna,Coconut,Grade-III,FAQ,10000,10000,10000,2023-07-15,2023-07-15,25.0,21.5,30.4,1.0,,,15.2,,1010.8,
3552,Hassan,Channarayapatna,Coconut,Grade-III,FAQ,10000,10000,10000,2019-11-15,2019-11-15,,,,,,,,,,
3553,Hassan,Channarayapatna,Coconut,Grade-III,FAQ,10000,10000,10000,2022-11-15,2022-11-15,22.4,19.9,27.1,2.0,,,7.0,,1014.3,
3554,Hassan,Channarayapatna,Coconut,Grade-III,FAQ,10000,10000,10000,2022-10-15,2022-10-15,22.9,19.3,28.3,21.0,,,4.7,,1009.6,
3555,Hassan,Channarayapatna,Coconut,Grade-III,FAQ,10000,10000,10000,2019-09-15,2019-09-15,,,,,,,,,,
3556,Hassan,Channarayapatna,Coconut,Grade-III,FAQ,10000,10000,10000,2022-04-16,2022-04-16,25.2,21.3,33.5,19.4,,,6.7,,1008.8,
3557,Hassan,Channarayapatna,Coconut,Grade-III,FAQ,10000,10000,10000,2023-08-16,2023-08-16,25.6,19.6,32.3,0.0,,,11.3,,1011.4,
3558,Hassan,Channarayapatna,Coconut,Grade-III,FAQ,10000,10000,10000,2023-05-16,2023-05-16,27.1,21.4,34.1,0.0,,,10.2,,1010.7,
3559,Hassan,Channarayapatna,Coconut,Grade-III,FAQ,10000,10000,10000,2019-09-16,2019-09-16,,,,,,,,,,
3560,Hassan,Channarayapatna,Coconut,Grade-III,FAQ,10000,10000,10000,2020-01-17,2020-01-17,,,,,,,,,,
3561,Hassan,Channarayapatna,Coconut,Grade-III,FAQ,10000,10000,10000,2023-01-17,2023-01-17,21.2,13.6,30.0,0.0,,,9.4,,1013.9,
3562,Hassan,Channarayapatna,Coconut,Grade-III,FAQ,10000,10000,10000,2023-06-17,2023-06-17,26.3,21.1,33.4,1.2,,,14.5,,1009.7,
3563,Hassan,Channarayapatna,Coconut,Grade-III,FAQ,10000,10000,10000,2023-10-17,2023-10-17,24.4,20.0,29.3,9.0,,,6.8,,1013.2,
3564,Hassan,Channarayapatna,Coconut,Grade-III,FAQ,10000,10000,10000,2023-04-18,2023-04-18,28.6,20.5,36.9,0.0,,,9.9,,1010.5,
3565,Hassan,Channarayapatna,Coconut,Grade-III,FAQ,10000,10000,10000,2019-08-18,2019-08-18,,,,,,,,,,
3566,Hassan,Channarayapatna,Coconut,Grade-III,FAQ,10000,10000,10000,2022-12-18,2022-12-18,21.8,16.5,27.2,0.0,,,9.9,,1012.0,
3567,Hassan,Channarayapatna,Coconut,Grade-III,FAQ,10000,10000,10000,2023-07-18,2023-07-18,24.8,22.2,29.2,0.0,,,21.7,,1009.1,
3568,Hassan,Channarayapatna,Coconut,Grade-III,FAQ,10000,10000,10000,2019-10-18,2019-10-18,,,,,,,,,,
3569,Hassan,Channarayapatna,Coconut,Grade-III,FAQ,10000,10000,10000,2020-02-19,2020-02-19,,,,,,,,,,
3570,Hassan,Channarayapatna,Coconut,Grade-III,FAQ,10000,10000,10000,2019-09-19,2019-09-19,,,,,,,,,,
3571,Hassan,Channarayapatna,Coconut,Grade-III,FAQ,10000,10000,10000,2022-12-20,2022-12-20,21.3,15.6,28.2,0.0,,,10.1,,1010.8,
3572,Hassan,Channarayapatna,Coconut,Grade-III,FAQ,10000,10000,10000,2023-06-20,2023-06-20,24.9,22.6,29.4,14.5,,,11.1,,1007.9,
3573,Hassan,Channarayapatna,Coconut,Grade-III,FAQ,10000,10000,10000,2019-11-20,2019-11-20,,,,,,,,,,
3574,Hassan,Channarayapatna,Coconut,Grade-III,FAQ,10000,10000,10000,2022-11-20,2022-11-20,20.1,14.7,25.8,0.0,,,6.9,,1011.4,
3575,Hassan,Channarayapatna,Coconut,Grade-III,FAQ,10000,10000,10000,2019-09-20,2019-09-20,,,,,,,,,,
3576,Hassan,Channarayapatna,Coconut,Grade-III,FAQ,10000,10000,10000,2019-08-21,2019-08-21,,,,,,,,,,
3577,Hassan,Channarayapatna,Coconut,Grade-III,FAQ,10000,10000,10000,2020-02-21,2020-02-21,,,,,,,,,,
3578,Hassan,Channarayapatna,Coconut,Grade-III,FAQ,10000,10000,10000,2019-07-21,2019-07-21,,,,,,,,,,
3579,Hassan,Channarayapatna,Coconut,Grade-III,FAQ,10000,10000,10000,2023-03-21,2023-03-21,25.2,16.2,33.8,0.0,,,10.3,,1009.5,
3580,Hassan,Channarayapatna,Coconut,Grade-III,FAQ,10000,10000,10000,2023-11-21,2023-11-21,24.1,19.7,30.4,0.5,,,10.1,,1012.6,
3581,Hassan,Channarayapatna,Coconut,Grade-III,FAQ,10000,10000,10000,2022-09-21,2022-09-21,23.7,20.1,28.8,0.0,,,10.9,,1010.4,
3582,Hassan,Channarayapatna,Coconut,Grade-III,FAQ,10000,10000,10000,2023-08-22,2023-08-22,26.2,20.8,32.2,1.0,,,10.3,,1009.0,
3583,Hassan,Channarayapatna,Coconut,Grade-III,FAQ,10000,10000,10000,2019-07-22,2019-07-22,,,,,,,,,,
3584,Hassan,Channarayapatna,Coconut,Grade-III,FAQ,10000,10000,10000,2023-07-22,2023-07-22,23.8,21.3,27.0,2.4,,,24.6,,1010.5,
3585,Hassan,Channarayapatna,Coconut,Grade-III,FAQ,10000,10000,10000,2019-11-22,2019-11-22,,,,,,,,,,
3586,Hassan,Channarayapatna,Coconut,Grade-III,FAQ,10000,10000,10000,2020-02-23,2020-02-23,,,,,,,,,,
3587,Hassan,Channarayapatna,Coconut,Grade-III,FAQ,10000,10000,10000,2019-10-23,2019-10-23,,,,,,,,,,
3588,Hassan,Channarayapatna,Coconut,Grade-III,FAQ,10000,10000,10000,2023-01-24,2023-01-24,22.7,18.8,28.4,0.7,,,10.0,,1012.7,
3589,Hassan,Channarayapatna,Coconut,Grade-III,FAQ,10000,10000,10000,2024-05-24,2024-05-24,24.6,22.0,28.3,7.5,,,9.4,,1004.7,
3590,Hassan,Channarayapatna,Coconut,Grade-III,FAQ,10000,10000,10000,2019-10-24,2019-10-24,,,,,,,,,,
3591,Hassan,Channarayapatna,Coconut,Grade-III,FAQ,10000,10000,10000,2023-10-24,2023-10-24,24.0,16.8,30.2,0.0,,,7.2,,1012.8,
3592,Hassan,Channarayapatna,Coconut,Grade-III,FAQ,10000,10000,10000,2023-04-25,2023-04-25,26.1,21.9,33.7,5.6,,,8.2,,1010.6,
3593,Hassan,Channarayapatna,Coconut,Grade-III,FAQ,10000,10000,10000,2023-02-25,2023-02-25,24.8,14.9,33.4,0.0,,,12.5,,1015.3,
3594,Hassan,Channarayapatna,Coconut,Grade-III,FAQ,10000,10000,10000,2023-07-25,2023-07-25,21.8,20.7,24.4,11.9,,,17.9,,1010.2,
3595,Hassan,Channarayapatna,Coconut,Grade-III,FAQ,10000,10000,10000,2023-03-25,2023-03-25,27.0,20.9,33.9,0.0,,,8.1,,1011.4,
3596,Hassan,Channarayapatna,Coconut,Grade-III,FAQ,10000,10000,10000,2022-09-25,2022-09-25,24.0,19.4,29.1,0.9,,,9.2,,1009.7,
3597,Hassan,Channarayapatna,Coconut,Grade-III,FAQ,10000,10000,10000,2019-08-26,2019-08-26,,,,,,,,,,
3598,Hassan,Channarayapatna,Coconut,Grade-III,FAQ,10000,10000,10000,2019-12-26,2019-12-26,,,,,,,,,,
3599,Hassan,Channarayapatna,Coconut,Grade-III,FAQ,10000,10000,10000,2023-12-26,2023-12-26,22.6,17.5,29.9,0.0,,,13.8,,1016.1,
3600,Hassan,Channarayapatna,Coconut,Grade-III,FAQ,10000,10000,10000,2023-09-26,2023-09-26,24.8,20.5,31.0,2.0,,,14.0,,1009.8,
3601,Hassan,Channarayapatna,Coconut,Grade-III,FAQ,10000,10000,10000,2019-12-27,2019-12-27,,,,,,,,,,
3602,Hassan,Channarayapatna,Coconut,Grade-III,FAQ,10000,10000,10000,2023-06-27,2023-06-27,24.5,21.4,30.7,3.4,,,15.0,,1009.7,
3603,Hassan,Channarayapatna,Coconut,Grade-III,FAQ,10000,10000,10000,2023-05-27,2023-05-27,27.0,22.3,32.7,0.0,,,10.8,,1011.4,
3604,Hassan,Channarayapatna,Coconut,Grade-III,FAQ,10000,10000,10000,2019-11-27,2019-11-27,,,,,,,,,,
3605,Hassan,Channarayapatna,Coconut,Grade-III,FAQ,10000,10000,10000,2022-09-27,2022-09-27,24.7,20.5,29.8,0.0,,,8.5,,1009.3,
3606,Hassan,Channarayapatna,Coconut,Grade-III,FAQ,10000,10000,10000,2019-08-28,2019-08-28,,,,,,,,,,
3607,Hassan,Channarayapatna,Coconut,Grade-III,FAQ,10000,10000,10000,2023-02-28,2023-02-28,23.7,14.7,32.9,0.0,,,13.2,,1016.1,
3608,Hassan,Channarayapatna,Coconut,Grade-III,FAQ,10000,10000,10000,2020-03-28,2020-03-28,,,,,,,,,,
3609,Hassan,Channarayapatna,Coconut,Grade-III,FAQ,10000,10000,10000,2022-05-28,2022-05-28,24.9,21.1,30.7,0.5,,,12.3,,1009.4,
3610,Hassan,Channarayapatna,Coconut,Grade-III,FAQ,10000,10000,10000,2024-05-28,2024-05-28,26.2,22.5,32.0,0.3,,,15.5,,1007.2,
3611,Hassan,Channarayapatna,Coconut,Grade-III,FAQ,10000,10000,10000,2023-11-28,2023-11-28,23.2,19.7,29.0,0.3,,,10.0,,1012.2,
3612,Hassan,Channarayapatna,Coconut,Grade-III,FAQ,10000,10000,10000,2023-10-28,2023-10-28,25.1,20.1,31.4,0.1,,,9.8,,1012.5,
3613,Hassan,Channarayapatna,Coconut,Grade-III,FAQ,10000,10000,10000,2023-04-29,2023-04-29,25.2,21.1,32.9,16.2,,,8.6,,1010.5,
3614,Hassan,Channarayapatna,Coconut,Grade-III,FAQ,10000,10000,10000,2023-08-29,2023-08-29,25.4,21.3,33.4,7.2,,,11.6,,1010.2,
3615,Hassan,Channarayapatna,Coconut,Grade-III,FAQ,10000,10000,10000,2019-12-29,2019-12-29,,,,,,,,,,
3616,Hassan,Channarayapatna,Coconut,Grade-III,FAQ,10000,10000,10000,2019-11-29,2019-11-29,,,,,,,,,,
3617,Hassan,Channarayapatna,Coconut,Grade-III,FAQ,10000,10000,10000,2022-10-29,2022-10-29,22.5,17.4,27.5,0.3,,,8.1,,1012.1,
3618,Hassan,Channarayapatna,Coconut,Grade-III,FAQ,10000,10000,10000,2019-09-29,2019-09-29,,,,,,,,,,
3619,Hassan,Channarayapatna,Coconut,Grade-III,FAQ,10000,10000,10000,2023-05-30,2023-05-30,25.8,22.4,32.9,9.9,,,7.6,,1011.2,
3620,Hassan,Channarayapatna,Coconut,Grade-III,FAQ,10000,10000,10000,2023-01-31,2023-01-31,24.2,19.2,30.8,0.0,,,11.9,,1012.2,
3621,Hassan,Channarayapatna,Coconut,Grade-III,FAQ,10000,10200,10000,2019-10-13,2019-10-13,,,,,,,,,,
3622,Hassan,Channarayapatna,Coconut,Grade-III,FAQ,10000,10500,10500,2019-10-06,2019-10-06,,,,,,,,,,
3623,Hassan,Channarayapatna,Coconut,Grade-III,FAQ,10000,10750,10000,2019-09-01,2019-09-01,,,,,,,,,,
3624,Hassan,Channarayapatna,Coconut,Grade-III,FAQ,10000,10750,10000,2019-09-09,2019-09-09,,,,,,,,,,
3625,Hassan,Channarayapatna,Coconut,Grade-III,FAQ,10000,10750,10000,2019-10-20,2019-10-20,,,,,,,,,,
3626,Hassan,Channarayapatna,Coconut,Grade-III,FAQ,10000,11000,10000,2022-09-06,2022-09-06,23.0,19.7,29.1,11.7,,,4.7,,1008.3,
3627,Hassan,Channarayapatna,Coconut,Grade-III,FAQ,10000,11000,10000,2022-05-07,2022-05-07,25.6,20.9,33.5,1.5,,,7.6,,1008.1,
3628,Hassan,Channarayapatna,Coconut,Grade-III,FAQ,10000,11000,11000,2020-01-20,2020-01-20,,,,,,,,,,
3629,Hassan,Channarayapatna,Coconut,Grade-III,FAQ,10000,11000,11000,2023-11-23,2023-11-23,23.5,20.7,27.8,2.2,,,10.3,,1011.3,
3630,Hassan,Channarayapatna,Coconut,Grade-III,FAQ,10000,11000,11000,2019-10-30,2019-10-30,,,,,,,,,,
3631,Hassan,Channarayapatna,Coconut,Grade-III,FAQ,10000,11500,10000,2020-02-26,2020-02-26,,,,,,,,,,
3632,Hassan,Channarayapatna,Coconut,Grade-III,FAQ,10000,11500,10000,2020-01-27,2020-01-27,,,,,,,,,,
3633,Hassan,Channarayapatna,Coconut,Grade-III,FAQ,10000,12000,10000,2019-12-02,2019-12-02,,,,,,,,,,
3634,Hassan,Channarayapatna,Coconut,Grade-III,FAQ,10000,12000,10000,2019-10-03,2019-10-03,,,,,,,,,,
3635,Hassan,Channarayapatna,Coconut,Grade-III,FAQ,10000,12000,10000,2022-09-03,2022-09-03,23.9,20.2,29.6,6.2,,,4.8,,1009.1,
3636,Hassan,Channarayapatna,Coconut,Grade-III,FAQ,10000,12000,10000,2022-06-04,2022-06-04,25.4,21.0,32.4,7.2,,,6.6,,1007.2,
3637,Hassan,Channarayapatna,Coconut,Grade-III,FAQ,10000,12000,10000,2022-11-05,2022-11-05,22.6,19.3,27.4,9.8,,,9.0,,1014.6,
3638,Hassan,Channarayapatna,Coconut,Grade-III,FAQ,10000,12000,10000,2019-09-08,2019-09-08,,,,,,,,,,
3639,Hassan,Channarayapatna,Coconut,Grade-III,FAQ,10000,12000,10000,2021-12-11,2021-12-11,22.0,18.9,26.7,2.1,,,11.5,,1015.0,
3640,Hassan,Channarayapatna,Coconut,Grade-III,FAQ,10000,12000,10000,2023-02-14,2023-02-14,23.7,15.6,32.5,0.0,,,9.4,,1013.7,
3641,Hassan,Channarayapatna,Coconut,Grade-III,FAQ,10000,12000,10000,2023-02-15,2023-02-15,23.7,15.0,33.0,0.0,,,10.3,,1012.5,
3642,Hassan,Channarayapatna,Coconut,Grade-III,FAQ,10000,12000,10000,2022-12-17,2022-12-17,21.2,15.5,27.5,0.0,,,10.1,,1012.7,
3643,Hassan,Channarayapatna,Coconut,Grade-III,FAQ,10000,12000,10000,2019-11-17,2019-11-17,,,,,,,,,,
3644,Hassan,Channarayapatna,Coconut,Grade-III,FAQ,10000,12000,10000,2023-02-18,2023-02-18,23.9,15.6,32.0,0.0,,,9.2,,1013.1,
3645,Hassan,Channarayapatna,Coconut,Grade-III,FAQ,10000,12000,10000,2023-03-18,2023-03-18,25.1,19.0,32.3,3.4,,,10.1,,1010.7,
3646,Hassan,Channarayapatna,Coconut,Grade-III,FAQ,10000,12000,10000,2022-04-19,2022-04-19,26.0,20.7,32.5,1.0,,,5.7,,1011.5,
3647,Hassan,Channarayapatna,Coconut,Grade-III,FAQ,10000,12000,10000,2020-03-20,2020-03-20,,,,,,,,,,
3648,Hassan,Channarayapatna,Coconut,Grade-III,FAQ,10000,12000,10000,2022-09-20,2022-09-20,23.3,19.4,28.8,0.3,,,12.0,,1010.6,
3649,Hassan,Channarayapatna,Coconut,Grade-III,FAQ,10000,12000,10000,2019-10-21,2019-10-21,,,,,,,,,,
3650,Hassan,Channarayapatna,Coconut,Grade-III,FAQ,10000,12000,10000,2022-04-23,2022-04-23,27.0,21.3,33.8,0.0,,,8.2,,1010.3,
3651,Hassan,Channarayapatna,Coconut,Grade-III,FAQ,10000,12000,10000,2019-12-23,2019-12-23,,,,,,,,,,
3652,Hassan,Channarayapatna,Coconut,Grade-III,FAQ,10000,12000,10000,2019-11-24,2019-11-24,,,,,,,,,,
3653,Hassan,Channarayapatna,Coconut,Grade-III,FAQ,10000,12000,10000,2022-12-31,2022-12-31,21.3,14.4,28.4,0.0,,,6.4,,1017.4,
3654,Hassan,Channarayapatna,Coconut,Grade-III,FAQ,10000,12000,10000,2020-01-31,2020-01-31,,,,,,,,,,
3655,Hassan,Channarayapatna,Coconut,Grade-III,FAQ,10000,12000,10000,2024-05-31,2024-05-31,26.6,22.2,32.7,1.4,,,10.9,,1008.2,
3656,Hassan,Channarayapatna,Coconut,Grade-III,FAQ,10000,12000,12000,2023-08-05,2023-08-05,25.0,20.7,30.6,0.6,,,16.8,,1013.4,
3657,Hassan,Channarayapatna,Coconut,Grade-III,FAQ,10000,12000,12000,2024-07-13,2024-07-13,24.2,21.9,28.2,0.9,,,18.6,,1008.4,
3658,Hassan,Channarayapatna,Coconut,Grade-III,FAQ,10000,12000,12000,2023-03-14,2023-03-14,26.8,19.0,34.0,0.0,,,8.7,,1010.3,
3659,Hassan,Channarayapatna,Coconut,Grade-III,FAQ,10000,12000,12000,2024-06-18,2024-06-18,24.7,21.5,30.5,2.3,,,14.5,,1009.4,
3660,Hassan,Channarayapatna,Coconut,Grade-III,FAQ,10000,12000,12000,2019-11-25,2019-11-25,,,,,,,,,,
3661,Hassan,Channarayapatna,Coconut,Grade-III,FAQ,10000,12000,12000,2023-07-29,2023-07-29,24.4,21.4,29.4,0.3,,,20.4,,1011.2,
3662,Hassan,Channarayapatna,Coconut,Grade-III,FAQ,10000,13000,10000,2023-11-07,2023-11-07,22.9,19.7,27.2,8.6,,,6.2,,1014.0,
3663,Hassan,Channarayapatna,Coconut,Grade-III,FAQ,10000,13000,10000,2020-01-16,2020-01-16,,,,,,,,,,
3664,Hassan,Channarayapatna,Coconut,Grade-III,FAQ,10000,13000,10000,2023-11-18,2023-11-18,24.8,20.2,30.0,0.0,,,9.9,,1013.1,
3665,Hassan,Channarayapatna,Coconut,Grade-III,FAQ,10000,13000,10000,2019-11-28,2019-11-28,,,,,,,,,,
3666,Hassan,Channarayapatna,Coconut,Grade-III,FAQ,10000,13000,12000,2020-01-30,2020-01-30,,,,,,,,,,
3667,Hassan,Channarayapatna,Coconut,Grade-III,FAQ,10000,13000,13000,2024-06-11,2024-06-11,25.0,22.3,29.6,0.5,,,19.3,,1009.8,
3668,Hassan,Channarayapatna,Coconut,Grade-III,FAQ,10000,14000,10000,2024-01-02,2024-01-02,24.0,19.8,29.0,0.0,,,12.2,,1013.6,
3669,Hassan,Channarayapatna,Coconut,Grade-III,FAQ,10000,14000,10000,2020-01-06,2020-01-06,,,,,,,,,,
3670,Hassan,Channarayapatna,Coconut,Grade-III,FAQ,10000,14000,10000,2024-03-12,2024-03-12,29.1,22.6,36.4,0.0,,,10.5,,1013.9,
3671,Hassan,Channarayapatna,Coconut,Grade-III,FAQ,10000,14000,10000,2024-01-16,2024-01-16,23.2,16.9,29.8,0.0,,,8.1,,1012.7,
3672,Hassan,Channarayapatna,Coconut,Grade-III,FAQ,10000,14000,10000,2019-08-19,2019-08-19,,,,,,,,,,
3673,Hassan,Channarayapatna,Coconut,Grade-III,FAQ,10000,14000,12000,2019-10-29,2019-10-29,,,,,,,,,,
3674,Hassan,Channarayapatna,Coconut,Grade-III,FAQ,10000,14900,10000,2020-02-03,2020-02-03,,,,,,,,,,
3675,Hassan,Channarayapatna,Coconut,Grade-III,FAQ,10000,15000,10000,2024-04-02,2024-04-02,29.8,22.4,37.7,0.0,,,9.0,,1009.3,
3676,Hassan,Channarayapatna,Coconut,Grade-III,FAQ,10000,15000,10000,2024-03-05,2024-03-05,28.5,21.2,36.8,0.0,,,9.3,,1011.9,
3677,Hassan,Channarayapatna,Coconut,Grade-III,FAQ,10000,15000,10000,2024-02-13,2024-02-13,25.0,17.0,33.1,0.0,,,12.2,,1015.7,
3678,Hassan,Channarayapatna,Coconut,Grade-III,FAQ,10000,15000,10000,2024-02-20,2024-02-20,26.8,20.1,33.9,0.0,,,8.7,,1013.1,
3679,Hassan,Channarayapatna,Coconut,Grade-III,FAQ,10000,15000,10000,2021-10-23,2021-10-23,22.6,19.8,27.5,14.8,,,4.7,,1014.7,
3680,Hassan,Channarayapatna,Coconut,Grade-III,FAQ,10000,15000,10000,2024-03-26,2024-03-26,29.7,21.8,37.5,0.0,,,11.9,,1012.1,
3681,Hassan,Channarayapatna,Coconut,Grade-III,FAQ,10000,15000,12000,2019-11-02,2019-11-02,,,,,,,,,,
3682,Hassan,Channarayapatna,Coconut,Grade-III,FAQ,10000,15000,15000,2024-03-02,2024-03-02,26.9,18.2,34.9,0.0,,,10.9,,1013.4,
3683,Hassan,Channarayapatna,Coconut,Grade-III,FAQ,10000,15000,15000,2024-05-04,2024-05-04,29.2,24.2,37.3,0.0,,,12.4,,1008.8,
3684,Hassan,Channarayapatna,Coconut,Grade-III,FAQ,10000,15000,15000,2024-03-16,2024-03-16,29.6,22.4,36.6,0.0,,,9.1,,1012.0,
3685,Hassan,Channarayapatna,Coconut,Grade-III,FAQ,10000,15000,15000,2024-02-17,2024-02-17,26.0,18.3,33.6,0.0,,,11.6,,1014.0,
3686,Hassan,Channarayapatna,Coconut,Grade-III,FAQ,10000,15000,15000,2024-02-27,2024-02-27,26.4,18.9,34.1,0.0,,,14.2,,1012.9,
3687,Hassan,Channarayapatna,Coconut,Grade-III,FAQ,10000,15000,15000,2019-10-27,2019-10-27,,,,,,,,,,
3688,Hassan,Channarayapatna,Coconut,Grade-III,FAQ,10000,15033,15033,2024-07-05,2024-07-05,24.4,21.6,28.6,6.0,,,17.6,,1008.6,
3689,Hassan,Channarayapatna,Coconut,Grade-III,FAQ,10000,15037,15037,2024-05-18,2024-05-18,25.0,21.8,30.7,20.6,,,5.0,,1008.1,
3690,Hassan,Channarayapatna,Coconut,Grade-III,FAQ,10000,15200,15200,2019-11-06,2019-11-06,,,,,,,,,,
3691,Hassan,Channarayapatna,Coconut,Grade-III,FAQ,10000,15625,10000,2019-11-03,2019-11-03,,,,,,,,,,
3692,Hassan,Channarayapatna,Coconut,Grade-III,FAQ,10000,15670,10000,2023-06-10,2023-06-10,25.8,22.0,30.5,2.9,,,18.1,,1008.3,
3693,Hassan,Channarayapatna,Coconut,Grade-III,FAQ,10000,16000,16000,2019-09-27,2019-09-27,,,,,,,,,,
3694,Hassan,Channarayapatna,Coconut,Grade-III,FAQ,10000,16500,10000,2019-11-01,2019-11-01,,,,,,,,,,
3695,Hassan,Channarayapatna,Coconut,Grade-III,FAQ,10000,16600,16600,2023-04-22,2023-04-22,27.9,22.4,35.2,0.0,,,8.7,,1007.8,
3696,Hassan,Channarayapatna,Coconut,Grade-III,FAQ,10000,17000,10000,2020-02-12,2020-02-12,,,,,,,,,,
3697,Hassan,Channarayapatna,Coconut,Grade-III,FAQ,10000,17000,17000,2020-11-22,2020-11-22,,,,,,,,,,
3698,Hassan,Channarayapatna,Coconut,Grade-III,FAQ,10000,17500,10000,2023-02-11,2023-02-11,24.0,15.6,32.3,0.0,,,9.8,,1014.1,
3699,Hassan,Channarayapatna,Coconut,Grade-III,FAQ,10000,17800,10000,2019-11-21,2019-11-21,,,,,,,,,,
3700,Hassan,Channarayapatna,Coconut,Grade-III,FAQ,10000,18500,12000,2019-12-06,2019-12-06,,,,,,,,,,
3701,Hassan,Channarayapatna,Coconut,Grade-III,FAQ,10000,18900,12000,2020-02-10,2020-02-10,,,,,,,,,,
3702,Hassan,Channarayapatna,Coconut,Grade-III,FAQ,10000,18950,10000,2019-12-16,2019-12-16,,,,,,,,,,
3703,Hassan,Channarayapatna,Coconut,Grade-III,FAQ,10000,19000,10000,2019-12-28,2019-12-28,,,,,,,,,,
3704,Hassan,Channarayapatna,Coconut,Grade-III,FAQ,10000,19000,10000,2024-06-29,2024-06-29,25.0,21.4,31.0,1.6,,,15.9,,1009.0,
3705,Hassan,Channarayapatna,Coconut,Grade-III,FAQ,10000,19000,12000,2019-07-14,2019-07-14,,,,,,,,,,
3706,Hassan,Channarayapatna,Coconut,Grade-III,FAQ,10000,19250,10000,2020-02-14,2020-02-14,,,,,,,,,,
3707,Hassan,Channarayapatna,Coconut,Grade-III,FAQ,10000,19710,10000,2020-01-29,2020-01-29,,,,,,,,,,
3708,Hassan,Channarayapatna,Coconut,Grade-III,FAQ,10000,19850,10000,2023-05-20,2023-05-20,27.6,22.8,34.4,0.1,,,9.1,,1010.7,
3709,Hassan,Channarayapatna,Coconut,Grade-III,FAQ,10000,20000,10000,2020-02-20,2020-02-20,,,,,,,,,,
3710,Hassan,Channarayapatna,Coconut,Grade-III,FAQ,10000,20000,20000,2019-07-31,2019-07-31,,,,,,,,,,
3711,Hassan,Channarayapatna,Coconut,Grade-III,FAQ,10000,21000,10000,2020-01-09,2020-01-09,,,,,,,,,,
3712,Hassan,Channarayapatna,Coconut,Grade-III,FAQ,10000,21750,11500,2020-01-24,2020-01-24,,,,,,,,,,
3713,Hassan,Channarayapatna,Coconut,Grade-III,FAQ,10000,21800,21800,2019-08-14,2019-08-14,,,,,,,,,,
3714,Hassan,Channarayapatna,Coconut,Grade-III,FAQ,10000,22500,22500,2020-03-18,2020-03-18,,,,,,,,,,
3715,Hassan,Channarayapatna,Coconut,Grade-III,FAQ,10200,10200,10200,2019-10-14,2019-10-14,,,,,,,,,,
3716,Hassan,Channarayapatna,Coconut,Grade-III,FAQ,10750,10750,10750,2019-10-02,2019-10-02,,,,,,,,,,
3717,Hassan,Channarayapatna,Coconut,Grade-III,FAQ,10750,10750,10750,2019-10-11,2019-10-11,,,,,,,,,,
3718,Hassan,Channarayapatna,Coconut,Grade-III,FAQ,10750,10750,10750,2019-09-18,2019-09-18,,,,,,,,,,
3719,Hassan,Channarayapatna,Coconut,Grade-III,FAQ,10750,10750,10750,2019-10-25,2019-10-25,,,,,,,,,,
3720,Hassan,Channarayapatna,Coconut,Grade-III,FAQ,11000,11000,11000,2019-09-06,2019-09-06,,,,,,,,,,
3721,Hassan,Channarayapatna,Coconut,Grade-III,FAQ,11000,14000,14000,2024-09-04,2024-09-04,,,,,,,,,,
3722,Hassan,Channarayapatna,Coconut,Grade-III,FAQ,11000,15700,15700,2019-08-15,2019-08-15,,,,,,,,,,
3723,Hassan,Channarayapatna,Coconut,Grade-III,FAQ,11500,11500,11500,2020-01-13,2020-01-13,,,,,,,,,,
3724,Hassan,Channarayapatna,Coconut,Grade-III,FAQ,11500,12000,11500,2019-09-12,2019-09-12,,,,,,,,,,
3725,Hassan,Channarayapatna,Coconut,Grade-III,FAQ,12000,12000,12000,2023-03-05,2023-03-05,25.6,16.9,33.6,0.0,,,14.1,,1016.3,
3726,Hassan,Channarayapatna,Coconut,Grade-III,FAQ,12000,12000,12000,2019-09-11,2019-09-11,,,,,,,,,,
3727,Hassan,Channarayapatna,Coconut,Grade-III,FAQ,12000,12000,12000,2023-03-12,2023-03-12,25.9,17.3,33.3,0.0,,,13.2,,1012.8,
3728,Hassan,Channarayapatna,Coconut,Grade-III,FAQ,12000,12000,12000,2024-05-13,2024-05-13,26.9,21.8,33.9,1.9,,,8.6,,1009.7,
3729,Hassan,Channarayapatna,Coconut,Grade-III,FAQ,12000,12000,12000,2020-02-17,2020-02-17,,,,,,,,,,
3730,Hassan,Channarayapatna,Coconut,Grade-III,FAQ,12000,12000,12000,2019-11-18,2019-11-18,,,,,,,,,,
3731,Hassan,Channarayapatna,Coconut,Grade-III,FAQ,12000,12000,12000,2021-09-20,2021-09-20,25.0,20.9,29.9,0.6,,,6.3,,1010.6,
3732,Hassan,Channarayapatna,Coconut,Grade-III,FAQ,12000,12000,12000,2020-02-28,2020-02-28,,,,,,,,,,
3733,Hassan,Channarayapatna,Coconut,Grade-III,FAQ,12000,15000,12000,2024-09-18,2024-09-18,24.6,18.6,31.3,0.0,,,12.7,,1009.0,
3734,Hassan,Channarayapatna,Coconut,Grade-III,FAQ,12000,16250,16250,2019-08-22,2019-08-22,,,,,,,,,,
3735,Hassan,Channarayapatna,Coconut,Grade-III,FAQ,12000,20000,20000,2020-03-04,2020-03-04,,,,,,,,,,
3736,Hassan,Channarayapatna,Coconut,Grade-III,FAQ,12500,15000,15000,2024-10-17,2024-10-17,23.2,19.6,28.1,5.2,,,11.3,,1009.5,
3737,Hassan,Channarayapatna,Coconut,Grade-III,FAQ,12500,19000,14000,2024-11-07,2024-11-07,23.4,19.6,28.6,1.4,,,8.9,,1013.1,
3738,Hassan,Channarayapatna,Coconut,Grade-III,FAQ,13000,13000,13000,2020-10-09,2020-10-09,,,,,,,,,,
3739,Hassan,Channarayapatna,Coconut,Grade-III,FAQ,13000,13000,13000,2019-08-30,2019-08-30,,,,,,,,,,
3740,Hassan,Channarayapatna,Coconut,Grade-III,FAQ,13000,13000,13000,2019-12-30,2019-12-30,,,,,,,,,,
3741,Hassan,Channarayapatna,Coconut,Grade-III,FAQ,13000,14000,13000,2024-07-23,2024-07-23,24.5,22.2,27.6,0.4,,,22.1,,1010.6,
3742,Hassan,Channarayapatna,Coconut,Grade-III,FAQ,14000,14000,14000,2024-08-04,2024-08-04,24.8,21.2,29.9,0.2,,,14.9,,1010.8,
3743,Hassan,Channarayapatna,Coconut,Grade-III,FAQ,14000,14000,14000,2023-12-07,2023-12-07,24.0,18.8,29.1,0.0,,,6.3,,1011.6,
3744,Hassan,Channarayapatna,Coconut,Grade-III,FAQ,14000,14000,14000,2024-07-10,2024-07-10,24.7,21.1,30.3,2.1,,,14.9,,1010.6,
3745,Hassan,Channarayapatna,Coconut,Grade-III,FAQ,14000,14000,14000,2024-08-28,2024-08-28,,,,,,,,,,
3746,Hassan,Channarayapatna,Coconut,Grade-III,FAQ,14000,14000,14000,2024-08-30,2024-08-30,,,,,,,,,,
3747,Hassan,Channarayapatna,Coconut,Grade-III,FAQ,14000,18000,14000,2024-10-04,2024-10-04,25.0,22.2,32.5,29.8,,,9.1,,1011.0,
3748,Hassan,Channarayapatna,Coconut,Grade-III,FAQ,14290,20000,14290,2024-08-29,2024-08-29,,,,,,,,,,
3749,Hassan,Channarayapatna,Coconut,Grade-III,FAQ,15000,15000,15000,2020-03-02,2020-03-02,,,,,,,,,,
3750,Hassan,Channarayapatna,Coconut,Grade-III,FAQ,15000,15000,15000,2019-11-04,2019-11-04,,,,,,,,,,
3751,Hassan,Channarayapatna,Coconut,Grade-III,FAQ,15000,15000,15000,2024-08-07,2024-08-07,23.2,20.3,29.0,10.2,,,10.8,,1009.9,
3752,Hassan,Channarayapatna,Coconut,Grade-III,FAQ,15000,15000,15000,2025-06-12,2025-06-12,24.0,21.2,28.6,4.6,,,19.8,,1005.1,
3753,Hassan,Channarayapatna,Coconut,Grade-III,FAQ,15000,15000,15000,2024-04-13,2024-04-13,29.0,22.1,36.8,0.2,,,9.9,,1010.9,
3754,Hassan,Channarayapatna,Coconut,Grade-III,FAQ,15000,15000,15000,2024-04-16,2024-04-16,30.1,22.8,37.7,0.0,,,10.5,,1010.7,
3755,Hassan,Channarayapatna,Coconut,Grade-III,FAQ,15000,15000,15000,2020-03-19,2020-03-19,,,,,,,,,,
3756,Hassan,Channarayapatna,Coconut,Grade-III,FAQ,15000,15000,15000,2024-10-24,2024-10-24,22.5,19.7,27.0,7.0,,,6.3,,1012.1,
3757,Hassan,Channarayapatna,Coconut,Grade-III,FAQ,15000,15000,15000,2023-10-26,2023-10-26,24.1,17.6,30.5,0.0,,,8.6,,1013.9,
3758,Hassan,Channarayapatna,Coconut,Grade-III,FAQ,15000,16500,16500,2024-10-23,2024-10-23,23.1,19.2,28.8,20.5,,,5.5,,1012.1,
3759,Hassan,Channarayapatna,Coconut,Grade-III,FAQ,15000,19500,19500,2024-10-02,2024-10-02,25.9,21.2,32.6,3.0,,,8.7,,1010.7,
3760,Hassan,Channarayapatna,Coconut,Grade-III,FAQ,15200,15200,15200,2019-08-09,2019-08-09,,,,,,,,,,
3761,Hassan,Channarayapatna,Coconut,Grade-III,FAQ,16000,16000,16000,2020-02-24,2020-02-24,,,,,,,,,,
3762,Hassan,Channarayapatna,Coconut,Grade-III,FAQ,16000,16000,16000,2024-09-25,2024-09-25,25.0,21.3,30.6,0.0,,,17.5,,1007.7,
3763,Hassan,Channarayapatna,Coconut,Grade-III,FAQ,17000,17000,17000,2019-09-13,2019-09-13,,,,,,,,,,
3764,Hassan,Channarayapatna,Coconut,Grade-III,FAQ,18000,18000,18000,2019-10-17,2019-10-17,,,,,,,,,,
3765,Hassan,Channarayapatna,Coconut,Grade-III,FAQ,19000,29500,29500,2024-11-14,2024-11-14,22.4,20.0,26.2,7.5,,,11.3,,1012.2,
3766,Hassan,Channarayapatna,Coconut,Grade-III,FAQ,20000,20000,20000,2020-03-16,2020-03-16,,,,,,,,,,
3767,Hassan,Channarayapatna,Coconut,Grade-III,FAQ,20000,30000,26000,2025-06-28,2025-06-28,24.3,21.3,29.6,1.7,,,19.1,,1009.7,
3768,Hassan,Channarayapatna,Coconut,Grade-III,FAQ,20075,20075,20075,2019-08-07,2019-08-07,,,,,,,,,,
3769,Hassan,Channarayapatna,Coconut,Grade-III,FAQ,20081,20081,20081,2024-09-30,2024-09-30,25.9,20.1,32.0,0.0,,,8.2,,1010.9,
3770,Hassan,Channarayapatna,Coconut,Grade-III,FAQ,21875,21875,21875,2020-02-27,2020-02-27,,,,,,,,,,
3771,Hassan,Channarayapatna,Coconut,Grade-III,FAQ,22000,22000,22000,2020-03-29,2020-03-29,,,,,,,,,,
3772,Hassan,Channarayapatna,Coconut,Grade-III,FAQ,25000,25000,25000,2024-04-14,2024-04-14,30.1,23.5,37.2,0.0,,,11.4,,1010.9,
3773,Hassan,Channarayapatna,Coconut,Grade-III,FAQ,28000,28000,28000,2025-06-10,2025-06-10,23.7,20.9,30.3,40.5,,,14.4,,1007.3,
3774,Hassan,Channarayapatna,Coconut,Grade-III,FAQ,30000,30000,30000,2025-06-11,2025-06-11,23.9,21.2,30.1,21.2,,,15.4,,1006.1,
3775,Hassan,Channarayapatna,Coconut,Grade-III,FAQ,30000,31000,30000,2025-06-20,2025-06-20,24.6,20.7,29.6,0.1,,,19.5,,1010.5,
