Sl no.,District Name,Market,Commodity,Variety,Grade,Min Price (Rs./Quintal),Max Price (Rs./Quintal),Modal_Price,Arrival_Date,date,tavg,tmin,tmax,prcp,snow,wdir,wspd,wpgt,pres,tsun
10792,Bangalore,Ramanagara,Coconut,Grade-I,FAQ,1100,21200,15800,2021-02-10,2021-02-10,21.2,14.0,29.0,0.0,,,5.3,,1015.2,
10793,Bangalore,Ramanagara,Coconut,Grade-I,FAQ,1600,2000,1800,2020-02-17,2020-02-17,22.4,16.0,31.5,,,,8.9,,1017.6,
10794,Bangalore,Ramanagara,Coconut,Grade-I,FAQ,5800,15800,9600,2021-09-15,2021-09-15,24.4,18.8,29.5,1.4,,,14.0,,1010.6,
10795,Bangalore,Ramanagara,Coconut,Grade-I,FAQ,5800,15900,10300,2021-09-02,2021-09-02,23.2,18.9,29.5,4.3,,,9.6,,1010.8,
10796,Bangalore,Ramanagara,Coconut,Grade-I,FAQ,5800,16000,10200,2021-09-06,2021-09-06,22.5,18.9,28.1,5.6,,,16.3,,1009.8,
10797,Bangalore,Ramanagara,Coconut,Grade-I,FAQ,6000,11000,8500,2019-07-15,2019-07-15,25.3,20.5,31.4,0.3,,,18.7,,1011.0,
10798,Bangalore,Ramanagara,Coconut,Grade-I,FAQ,6000,12000,9000,2019-07-16,2019-07-16,24.9,20.2,31.2,3.3,,,14.2,,1010.9,
10799,Bangalore,Ramanagara,Coconut,Grade-I,FAQ,6000,13200,10000,2020-07-01,2020-07-01,24.6,19.7,30.0,0.0,,,11.2,,1009.0,
10800,Bangalore,Ramanagara,Coconut,Grade-I,FAQ,6000,13800,10100,2020-07-07,2020-07-07,23.7,19.6,30.2,0.0,,,16.4,,1009.9,
10801,Bangalore,Ramanagara,Coconut,Grade-I,FAQ,6000,16200,10000,2021-09-01,2021-09-01,24.0,20.0,30.0,0.0,,,8.3,,1011.0,
10802,Bangalore,Ramanagara,Coconut,Grade-I,FAQ,6000,16200,10200,2021-09-13,2021-09-13,23.9,19.1,28.9,0.3,,,24.5,,1009.0,
10803,Bangalore,Ramanagara,Coconut,Grade-I,FAQ,6000,16300,10200,2021-09-14,2021-09-14,24.3,19.8,29.0,0.0,,,17.1,,1009.7,
10804,Bangalore,Ramanagara,Coconut,Grade-I,FAQ,6100,15600,9800,2021-09-03,2021-09-03,22.6,17.9,27.2,42.9,,,10.3,,1010.3,
10805,Bangalore,Ramanagara,Coconut,Grade-I,FAQ,6200,15800,10400,2021-09-04,2021-09-04,22.6,18.6,26.7,1.3,,,12.6,,1010.5,
10806,Bangalore,Ramanagara,Coconut,Grade-I,FAQ,6200,16200,9800,2021-08-26,2021-08-26,24.1,19.0,30.6,0.0,,,11.0,,1009.5,
10807,Bangalore,Ramanagara,Coconut,Grade-I,FAQ,6200,16200,10100,2021-09-09,2021-09-09,24.4,18.4,30.0,1.0,,,17.5,,1012.4,
10808,Bangalore,Ramanagara,Coconut,Grade-I,FAQ,6200,16400,10200,2021-09-07,2021-09-07,22.5,18.4,28.0,15.0,,,21.5,,1010.1,
10809,Bangalore,Ramanagara,Coconut,Grade-I,FAQ,6200,16400,10200,2021-08-30,2021-08-30,22.3,18.2,27.0,1.3,,,16.2,,1008.9,
10810,Bangalore,Ramanagara,Coconut,Grade-I,FAQ,6300,15800,9900,2021-08-31,2021-08-31,23.9,17.7,29.0,1.5,,,11.0,,1010.0,
10811,Bangalore,Ramanagara,Coconut,Grade-I,FAQ,6500,13100,10200,2023-08-16,2023-08-16,25.4,20.0,29.6,0.0,,,13.0,,1015.0,
10812,Bangalore,Ramanagara,Coconut,Grade-I,FAQ,6500,15600,10100,2021-09-05,2021-09-05,22.6,18.4,28.1,4.1,,,16.6,,1010.0,
10813,Bangalore,Ramanagara,Coconut,Grade-I,FAQ,6500,15600,10500,2021-07-17,2021-07-17,23.3,19.0,28.4,4.1,,,10.2,,1010.4,
10814,Bangalore,Ramanagara,Coconut,Grade-I,FAQ,6500,15800,10800,2021-08-24,2021-08-24,24.6,18.3,29.7,3.0,,,7.7,,1011.7,
10815,Bangalore,Ramanagara,Coconut,Grade-I,FAQ,6500,16500,10500,2021-09-08,2021-09-08,23.0,18.7,27.4,0.5,,,18.1,,1011.4,
10816,Bangalore,Ramanagara,Coconut,Grade-I,FAQ,6600,16200,10200,2021-08-25,2021-08-25,23.9,19.0,29.5,3.3,,,6.7,,1010.9,
10817,Bangalore,Ramanagara,Coconut,Grade-I,FAQ,6800,13200,10000,2020-06-16,2020-06-16,24.4,20.8,29.8,2.0,,,17.6,,1008.6,
10818,Bangalore,Ramanagara,Coconut,Grade-I,FAQ,6800,14900,9800,2021-07-20,2021-07-20,22.8,18.2,28.5,7.1,,,21.9,,1011.8,
10819,Bangalore,Ramanagara,Coconut,Grade-I,FAQ,6800,15600,10000,2021-06-17,2021-06-17,23.7,19.2,28.2,1.5,,,22.1,,1010.4,
10820,Bangalore,Ramanagara,Coconut,Grade-I,FAQ,6800,15600,10200,2021-08-20,2021-08-20,24.3,18.7,29.5,15.0,,,10.1,,1010.8,
10821,Bangalore,Ramanagara,Coconut,Grade-I,FAQ,6800,15600,10500,2021-08-21,2021-08-21,21.8,21.0,29.0,0.5,,,5.8,,1012.2,
10822,Bangalore,Ramanagara,Coconut,Grade-I,FAQ,6800,15900,10100,2021-08-13,2021-08-13,23.5,18.4,28.0,3.3,,,11.5,,1011.8,
10823,Bangalore,Ramanagara,Coconut,Grade-I,FAQ,6800,16200,10200,2021-08-23,2021-08-23,23.3,18.6,28.0,0.3,,,5.3,,1012.0,
10824,Bangalore,Ramanagara,Coconut,Grade-I,FAQ,6800,16200,10400,2021-08-04,2021-08-04,23.6,19.6,29.3,2.8,,,20.0,,1011.7,
10825,Bangalore,Ramanagara,Coconut,Grade-I,FAQ,6900,16400,10200,2021-08-09,2021-08-09,25.5,20.2,31.0,0.5,,,12.2,,1012.2,
10826,Bangalore,Ramanagara,Coconut,Grade-I,FAQ,7000,11000,9000,2019-07-13,2019-07-13,25.8,20.7,31.6,2.5,,,12.4,,1013.0,
10827,Bangalore,Ramanagara,Coconut,Grade-I,FAQ,7000,12000,9000,2019-07-17,2019-07-17,24.8,21.0,29.7,0.0,,,13.7,,1009.7,
10828,Bangalore,Ramanagara,Coconut,Grade-I,FAQ,7000,13000,10000,2019-08-01,2019-08-01,25.2,20.5,31.2,,,,19.5,,1011.7,
10829,Bangalore,Ramanagara,Coconut,Grade-I,FAQ,7000,13000,10000,2019-08-03,2019-08-03,24.4,20.6,29.5,,,,22.2,,1011.6,
10830,Bangalore,Ramanagara,Coconut,Grade-I,FAQ,7000,13000,10000,2019-10-04,2019-10-04,23.6,19.6,29.8,12.7,,,7.4,,1014.2,
10831,Bangalore,Ramanagara,Coconut,Grade-I,FAQ,7000,13000,10000,2019-08-08,2019-08-08,22.4,20.4,26.0,2.0,,,25.2,,1007.8,
10832,Bangalore,Ramanagara,Coconut,Grade-I,FAQ,7000,13000,10000,2019-10-08,2019-10-08,23.2,19.4,29.8,28.7,,,3.9,,1013.5,
10833,Bangalore,Ramanagara,Coconut,Grade-I,FAQ,7000,13000,10000,2019-12-13,2019-12-13,22.1,16.6,28.0,,,,9.0,,1015.7,
10834,Bangalore,Ramanagara,Coconut,Grade-I,FAQ,7000,13000,10000,2019-10-15,2019-10-15,24.0,22.0,29.9,0.0,,,7.7,,1013.8,
10835,Bangalore,Ramanagara,Coconut,Grade-I,FAQ,7000,13000,10000,2019-10-19,2019-10-19,23.7,20.0,28.0,16.8,,,8.7,,1014.4,
10836,Bangalore,Ramanagara,Coconut,Grade-I,FAQ,7000,13000,10000,2019-09-27,2019-09-27,24.4,20.8,30.0,0.0,,,6.8,,1016.8,
10837,Bangalore,Ramanagara,Coconut,Grade-I,FAQ,7000,13000,10000,2019-09-28,2019-09-28,24.8,20.8,29.6,6.1,,,7.2,,1015.8,
10838,Bangalore,Ramanagara,Coconut,Grade-I,FAQ,7000,13000,10000,2019-07-29,2019-07-29,23.7,20.8,28.6,7.1,,,20.5,,1010.7,
10839,Bangalore,Ramanagara,Coconut,Grade-I,FAQ,7000,13000,10100,2019-07-26,2019-07-26,22.8,20.5,29.4,7.4,,,19.6,,1011.2,
10840,Bangalore,Ramanagara,Coconut,Grade-I,FAQ,7000,13200,10000,2023-08-09,2023-08-09,25.0,20.0,29.0,0.4,,,12.9,,1015.5,
10841,Bangalore,Ramanagara,Coconut,Grade-I,FAQ,7000,13200,10000,2019-12-11,2019-12-11,20.6,17.3,26.0,,,,5.5,,1014.5,
10842,Bangalore,Ramanagara,Coconut,Grade-I,FAQ,7000,13200,10100,2020-01-01,2020-01-01,21.5,18.7,27.6,,,,9.7,,1016.6,
10843,Bangalore,Ramanagara,Coconut,Grade-I,FAQ,7000,13200,10100,2020-06-25,2020-06-25,23.3,19.5,31.6,32.5,,,3.6,,1008.6,
10844,Bangalore,Ramanagara,Coconut,Grade-I,FAQ,7000,13200,10100,2019-07-27,2019-07-27,24.2,20.2,28.5,0.0,,,19.0,,1010.9,
10845,Bangalore,Ramanagara,Coconut,Grade-I,FAQ,7000,13200,10100,2019-10-29,2019-10-29,22.3,19.8,28.0,0.0,,,8.6,,1013.6,
10846,Bangalore,Ramanagara,Coconut,Grade-I,FAQ,7000,13200,10100,2019-07-31,2019-07-31,24.9,19.4,30.6,,,,19.8,,1012.3,
10847,Bangalore,Ramanagara,Coconut,Grade-I,FAQ,7000,13400,10200,2020-07-04,2020-07-04,23.3,18.9,29.4,7.1,,,18.1,,1007.3,
10848,Bangalore,Ramanagara,Coconut,Grade-I,FAQ,7000,13400,10200,2019-10-16,2019-10-16,23.6,21.4,29.4,2.8,,,9.8,,1013.6,
10849,Bangalore,Ramanagara,Coconut,Grade-I,FAQ,7000,13400,10200,2020-06-19,2020-06-19,24.9,20.0,31.0,0.0,,,17.8,,1011.3,
10850,Bangalore,Ramanagara,Coconut,Grade-I,FAQ,7000,13400,10200,2020-06-30,2020-06-30,24.4,20.4,30.0,0.8,,,8.1,,1008.3,
10851,Bangalore,Ramanagara,Coconut,Grade-I,FAQ,7000,13500,10200,2020-07-02,2020-07-02,22.7,20.5,29.0,,,,12.0,,1009.0,
10852,Bangalore,Ramanagara,Coconut,Grade-I,FAQ,7000,13600,10300,2020-01-04,2020-01-04,23.8,18.8,30.0,0.0,,,3.9,,1015.0,
10853,Bangalore,Ramanagara,Coconut,Grade-I,FAQ,7000,13600,10300,2019-10-21,2019-10-21,22.2,20.3,28.0,13.7,,,3.7,,1013.2,
10854,Bangalore,Ramanagara,Coconut,Grade-I,FAQ,7000,13600,10300,2019-12-31,2019-12-31,21.6,17.0,27.5,,,,8.1,,1016.4,
10855,Bangalore,Ramanagara,Coconut,Grade-I,FAQ,7000,13800,10000,2020-06-17,2020-06-17,23.5,20.7,28.8,0.0,,,16.9,,1008.5,
10856,Bangalore,Ramanagara,Coconut,Grade-I,FAQ,7000,13800,10200,2020-07-14,2020-07-14,24.0,20.5,29.6,0.0,,,11.0,,1008.5,
10857,Bangalore,Ramanagara,Coconut,Grade-I,FAQ,7000,13800,10200,2020-06-29,2020-06-29,24.6,21.4,30.7,0.0,,,5.4,,1006.9,
10858,Bangalore,Ramanagara,Coconut,Grade-I,FAQ,7000,13800,10400,2019-10-22,2019-10-22,22.3,20.4,26.0,31.2,,,6.3,,1012.3,
10859,Bangalore,Ramanagara,Coconut,Grade-I,FAQ,7000,13800,10400,2019-10-25,2019-10-25,22.1,19.8,28.0,0.0,,,9.6,,1012.6,
10860,Bangalore,Ramanagara,Coconut,Grade-I,FAQ,7000,13800,10500,2020-06-26,2020-06-26,24.2,19.0,30.2,27.4,,,2.2,,1008.5,
10861,Bangalore,Ramanagara,Coconut,Grade-I,FAQ,7000,13900,10500,2020-07-23,2020-07-23,24.6,21.0,30.8,,,,3.4,,1009.6,
10862,Bangalore,Ramanagara,Coconut,Grade-I,FAQ,7000,14000,10000,2020-06-12,2020-06-12,23.1,19.2,28.9,11.4,,,21.2,,1007.6,
10863,Bangalore,Ramanagara,Coconut,Grade-I,FAQ,7000,14000,10400,2020-06-23,2020-06-23,25.2,19.5,31.0,6.9,,,12.7,,1009.8,
10864,Bangalore,Ramanagara,Coconut,Grade-I,FAQ,7000,14000,10500,2019-11-04,2019-11-04,23.8,18.6,30.0,,,,4.5,,1016.6,
10865,Bangalore,Ramanagara,Coconut,Grade-I,FAQ,7000,14000,10500,2020-09-06,2020-09-06,25.1,21.0,29.8,0.0,,,4.2,,1009.2,
10866,Bangalore,Ramanagara,Coconut,Grade-I,FAQ,7000,14000,10500,2020-07-08,2020-07-08,23.4,19.5,30.2,7.4,,,14.4,,1010.3,
10867,Bangalore,Ramanagara,Coconut,Grade-I,FAQ,7000,14000,10500,2019-09-18,2019-09-18,23.7,21.4,28.0,0.3,,,8.0,,1010.2,
10868,Bangalore,Ramanagara,Coconut,Grade-I,FAQ,7000,14000,10500,2019-12-20,2019-12-20,20.6,15.3,26.0,,,,6.8,,1015.9,
10869,Bangalore,Ramanagara,Coconut,Grade-I,FAQ,7000,14000,10500,2020-06-22,2020-06-22,23.1,20.0,29.0,9.4,,,15.4,,1009.1,
10870,Bangalore,Ramanagara,Coconut,Grade-I,FAQ,7000,14000,10500,2020-07-25,2020-07-25,23.7,19.2,30.0,0.0,,,10.7,,1011.5,
10871,Bangalore,Ramanagara,Coconut,Grade-I,FAQ,7000,14000,10500,2020-07-30,2020-07-30,23.9,19.6,29.0,1.8,,,9.3,,1008.9,
10872,Bangalore,Ramanagara,Coconut,Grade-I,FAQ,7000,14000,11500,2019-12-12,2019-12-12,20.5,15.8,27.4,,,,6.7,,1014.6,
10873,Bangalore,Ramanagara,Coconut,Grade-I,FAQ,7000,14000,11500,2020-06-15,2020-06-15,24.8,20.5,30.0,0.0,,,19.0,,1009.4,
10874,Bangalore,Ramanagara,Coconut,Grade-I,FAQ,7000,14000,11500,2020-01-21,2020-01-21,21.5,15.0,30.2,,,,11.3,,1017.8,
10875,Bangalore,Ramanagara,Coconut,Grade-I,FAQ,7000,14100,10200,2020-06-18,2020-06-18,23.7,20.0,28.4,0.0,,,16.4,,1010.4,
10876,Bangalore,Ramanagara,Coconut,Grade-I,FAQ,7000,14100,11000,2020-06-27,2020-06-27,24.3,19.5,29.8,0.0,,,4.2,,1009.0,
10877,Bangalore,Ramanagara,Coconut,Grade-I,FAQ,7000,14200,10100,2020-07-11,2020-07-11,24.5,20.0,29.0,0.0,,,11.9,,1010.0,
10878,Bangalore,Ramanagara,Coconut,Grade-I,FAQ,7000,14200,10200,2020-07-10,2020-07-10,23.4,19.8,29.8,14.7,,,11.0,,1010.7,
10879,Bangalore,Ramanagara,Coconut,Grade-I,FAQ,7000,14200,10500,2020-07-21,2020-07-21,26.3,21.0,31.0,24.1,,,5.2,,1008.9,
10880,Bangalore,Ramanagara,Coconut,Grade-I,FAQ,7000,14200,10600,2020-08-12,2020-08-12,23.5,19.6,28.0,4.6,,,19.0,,1011.9,
10881,Bangalore,Ramanagara,Coconut,Grade-I,FAQ,7000,14200,11000,2020-06-13,2020-06-13,23.3,19.0,28.6,0.0,,,15.2,,1008.0,
10882,Bangalore,Ramanagara,Coconut,Grade-I,FAQ,7000,14400,10600,2020-08-01,2020-08-01,23.0,19.6,30.3,2.8,,,12.5,,1009.3,
10883,Bangalore,Ramanagara,Coconut,Grade-I,FAQ,7000,14500,11000,2020-05-21,2020-05-21,27.8,22.3,34.1,,,,11.5,,1008.2,
10884,Bangalore,Ramanagara,Coconut,Grade-I,FAQ,7000,14600,10500,2020-07-16,2020-07-16,23.3,22.0,26.0,6.6,,,10.7,,1007.2,
10885,Bangalore,Ramanagara,Coconut,Grade-I,FAQ,7000,14800,10400,2020-07-13,2020-07-13,24.7,20.7,30.0,0.0,,,10.5,,1009.1,
10886,Bangalore,Ramanagara,Coconut,Grade-I,FAQ,7000,14800,10400,2020-08-14,2020-08-14,22.9,19.0,28.7,,,,16.0,,1009.0,
10887,Bangalore,Ramanagara,Coconut,Grade-I,FAQ,7000,14800,10800,2020-08-31,2020-08-31,23.9,18.0,30.7,16.8,,,5.3,,1011.6,
10888,Bangalore,Ramanagara,Coconut,Grade-I,FAQ,7000,14800,11000,2020-06-08,2020-06-08,25.9,20.4,32.0,0.0,,,11.7,,1010.3,
10889,Bangalore,Ramanagara,Coconut,Grade-I,FAQ,7000,14800,11600,2020-09-12,2020-09-12,22.1,18.9,27.0,3.3,,,16.9,,1011.2,
10890,Bangalore,Ramanagara,Coconut,Grade-I,FAQ,7000,15000,10500,2020-09-05,2020-09-05,24.5,20.8,29.2,0.0,,,2.3,,1009.8,
10891,Bangalore,Ramanagara,Coconut,Grade-I,FAQ,7000,15000,11000,2020-09-10,2020-09-10,23.4,19.4,29.4,5.8,,,14.9,,1008.5,
10892,Bangalore,Ramanagara,Coconut,Grade-I,FAQ,7000,15000,11000,2020-09-13,2020-09-13,21.3,18.8,26.4,8.4,,,13.7,,1011.4,
10893,Bangalore,Ramanagara,Coconut,Grade-I,FAQ,7000,15000,11000,2020-08-15,2020-08-15,22.7,19.5,26.4,0.0,,,17.2,,1009.2,
10894,Bangalore,Ramanagara,Coconut,Grade-I,FAQ,7000,15000,11000,2020-09-16,2020-09-16,23.7,19.2,28.0,0.0,,,14.3,,1010.5,
10895,Bangalore,Ramanagara,Coconut,Grade-I,FAQ,7000,15000,11000,2020-08-18,2020-08-18,23.2,19.6,27.0,1.3,,,14.4,,1010.1,
10896,Bangalore,Ramanagara,Coconut,Grade-I,FAQ,7000,15000,11000,2020-08-20,2020-08-20,23.0,19.2,27.5,,,,13.7,,1009.3,
10897,Bangalore,Ramanagara,Coconut,Grade-I,FAQ,7000,15000,11000,2020-05-22,2020-05-22,28.7,21.1,34.8,0.0,,,12.2,,1009.7,
10898,Bangalore,Ramanagara,Coconut,Grade-I,FAQ,7000,15000,11500,2020-06-11,2020-06-11,23.7,20.0,30.0,1.0,,,15.5,,1008.1,
10899,Bangalore,Ramanagara,Coconut,Grade-I,FAQ,7000,15000,12000,2020-07-22,2020-07-22,27.0,23.6,31.0,0.0,,,4.1,,1009.5,
10900,Bangalore,Ramanagara,Coconut,Grade-I,FAQ,7000,15200,10800,2020-09-02,2020-09-02,23.2,20.0,28.6,0.0,,,3.1,,1010.9,
10901,Bangalore,Ramanagara,Coconut,Grade-I,FAQ,7000,15200,10800,2020-08-19,2020-08-19,23.4,19.1,27.0,0.0,,,14.6,,1009.2,
10902,Bangalore,Ramanagara,Coconut,Grade-I,FAQ,7000,15200,11000,2020-08-06,2020-08-06,23.9,20.1,30.0,5.8,,,18.9,,1006.4,
10903,Bangalore,Ramanagara,Coconut,Grade-I,FAQ,7000,15200,11000,2020-06-06,2020-06-06,24.9,20.6,31.4,0.0,,,9.9,,1011.5,
10904,Bangalore,Ramanagara,Coconut,Grade-I,FAQ,7000,15200,11000,2020-09-08,2020-09-08,24.6,20.0,30.5,2.8,,,7.4,,1010.6,
10905,Bangalore,Ramanagara,Coconut,Grade-I,FAQ,7000,15200,11000,2020-06-09,2020-06-09,25.7,20.8,32.5,0.0,,,12.4,,1010.3,
10906,Bangalore,Ramanagara,Coconut,Grade-I,FAQ,7000,15200,11000,2020-08-13,2020-08-13,23.8,19.6,28.1,0.0,,,16.5,,1010.3,
10907,Bangalore,Ramanagara,Coconut,Grade-I,FAQ,7000,15200,11000,2020-09-14,2020-09-14,22.0,19.0,26.6,2.3,,,12.9,,1010.1,
10908,Bangalore,Ramanagara,Coconut,Grade-I,FAQ,7000,15200,11000,2020-08-26,2020-08-26,25.1,20.3,30.0,0.0,,,5.3,,1012.4,
10909,Bangalore,Ramanagara,Coconut,Grade-I,FAQ,7000,15200,11000,2020-07-28,2020-07-28,24.6,19.6,29.0,4.3,,,8.8,,1010.1,
10910,Bangalore,Ramanagara,Coconut,Grade-I,FAQ,7000,15200,11500,2021-08-19,2021-08-19,23.6,20.0,29.0,0.3,,,14.4,,1010.0,
10911,Bangalore,Ramanagara,Coconut,Grade-I,FAQ,7000,15600,10800,2021-06-15,2021-06-15,22.9,18.4,27.4,4.3,,,17.4,,1008.5,
10912,Bangalore,Ramanagara,Coconut,Grade-I,FAQ,7000,16000,10000,2021-06-03,2021-06-03,25.9,23.0,31.0,0.5,,,7.8,,1010.3,
10913,Bangalore,Ramanagara,Coconut,Grade-I,FAQ,7000,16000,11000,2020-05-27,2020-05-27,24.3,18.0,33.5,29.0,,,8.9,,1011.5,
10914,Bangalore,Ramanagara,Coconut,Grade-I,FAQ,7000,16000,11000,2020-08-28,2020-08-28,25.1,19.0,31.0,0.0,,,7.0,,1010.7,
10915,Bangalore,Ramanagara,Coconut,Grade-I,FAQ,7000,16000,11000,2020-05-28,2020-05-28,25.4,20.0,33.4,5.6,,,9.7,,1010.7,
10916,Bangalore,Ramanagara,Coconut,Grade-I,FAQ,7000,16000,11500,2020-09-04,2020-09-04,24.9,20.0,29.4,1.8,,,5.1,,1010.3,
10917,Bangalore,Ramanagara,Coconut,Grade-I,FAQ,7000,16000,11500,2020-08-25,2020-08-25,24.3,19.5,30.0,0.0,,,5.8,,1012.8,
10918,Bangalore,Ramanagara,Coconut,Grade-I,FAQ,7000,16000,11800,2020-09-26,2020-09-26,22.3,19.4,29.7,3.0,,,9.4,,1012.1,
10919,Bangalore,Ramanagara,Coconut,Grade-I,FAQ,7000,16000,12000,2021-06-04,2021-06-04,24.8,21.0,31.0,52.3,,,5.5,,1011.8,
10920,Bangalore,Ramanagara,Coconut,Grade-I,FAQ,7000,16200,10400,2021-08-02,2021-08-02,23.9,17.8,28.4,0.0,,,20.6,,1012.0,
10921,Bangalore,Ramanagara,Coconut,Grade-I,FAQ,7000,16200,11000,2021-06-12,2021-06-12,23.7,18.9,29.0,2.8,,,21.9,,1009.8,
10922,Bangalore,Ramanagara,Coconut,Grade-I,FAQ,7000,16200,11000,2021-08-14,2021-08-14,23.6,19.1,27.7,0.0,,,18.6,,1010.4,
10923,Bangalore,Ramanagara,Coconut,Grade-I,FAQ,7000,16200,11400,2020-09-22,2020-09-22,22.0,18.8,28.4,0.0,,,16.8,,1008.7,
10924,Bangalore,Ramanagara,Coconut,Grade-I,FAQ,7000,16200,12000,2020-05-09,2020-05-09,29.4,22.3,35.4,0.0,,,6.2,,1011.0,
10925,Bangalore,Ramanagara,Coconut,Grade-I,FAQ,7000,16300,10800,2021-08-17,2021-08-17,23.3,18.8,27.5,3.6,,,12.4,,1011.8,
10926,Bangalore,Ramanagara,Coconut,Grade-I,FAQ,7000,16400,10500,2021-06-22,2021-06-22,24.7,19.5,30.7,0.4,,,9.3,,1011.8,
10927,Bangalore,Ramanagara,Coconut,Grade-I,FAQ,7000,16500,10400,2021-08-12,2021-08-12,23.1,20.0,29.2,1.5,,,14.9,,1013.0,
10928,Bangalore,Ramanagara,Coconut,Grade-I,FAQ,7000,16600,12500,2020-09-21,2020-09-21,22.6,18.0,28.0,6.1,,,23.2,,1007.4,
10929,Bangalore,Ramanagara,Coconut,Grade-I,FAQ,7000,17000,12500,2020-09-24,2020-09-24,23.9,18.4,28.1,,,,9.5,,1012.5,
10930,Bangalore,Ramanagara,Coconut,Grade-I,FAQ,7100,14000,10400,2020-06-24,2020-06-24,23.5,20.4,31.0,6.6,,,7.3,,1009.8,
10931,Bangalore,Ramanagara,Coconut,Grade-I,FAQ,7100,14400,10600,2020-08-10,2020-08-10,22.3,18.6,26.5,9.7,,,18.2,,1009.9,
10932,Bangalore,Ramanagara,Coconut,Grade-I,FAQ,7100,16200,10100,2021-07-13,2021-07-13,22.3,18.8,27.7,4.6,,,16.6,,1008.4,
10933,Bangalore,Ramanagara,Coconut,Grade-I,FAQ,7100,16400,10800,2021-06-11,2021-06-11,24.2,19.0,29.8,0.0,,,19.9,,1010.0,
10934,Bangalore,Ramanagara,Coconut,Grade-I,FAQ,7200,13800,10400,2020-07-03,2020-07-03,22.6,19.9,26.7,7.1,,,16.3,,1008.7,
10935,Bangalore,Ramanagara,Coconut,Grade-I,FAQ,7200,14200,10300,2020-07-18,2020-07-18,24.7,22.0,28.0,0.0,,,7.1,,1008.6,
10936,Bangalore,Ramanagara,Coconut,Grade-I,FAQ,7200,14200,10400,2020-07-15,2020-07-15,23.6,22.0,26.0,0.0,,,10.0,,1007.7,
10937,Bangalore,Ramanagara,Coconut,Grade-I,FAQ,7200,14400,10400,2020-07-31,2020-07-31,24.5,20.3,28.9,0.5,,,10.5,,1008.8,
10938,Bangalore,Ramanagara,Coconut,Grade-I,FAQ,7200,14400,11000,2020-08-07,2020-08-07,24.2,20.5,29.4,0.0,,,19.1,,1009.4,
10939,Bangalore,Ramanagara,Coconut,Grade-I,FAQ,7200,14800,10400,2020-07-17,2020-07-17,23.9,22.0,27.0,10.9,,,14.3,,1007.8,
10940,Bangalore,Ramanagara,Coconut,Grade-I,FAQ,7200,14800,10800,2020-08-03,2020-08-03,23.7,19.4,28.6,1.5,,,20.4,,1008.1,
10941,Bangalore,Ramanagara,Coconut,Grade-I,FAQ,7200,14800,10800,2020-07-09,2020-07-09,23.7,19.4,30.0,35.3,,,11.0,,1010.1,
10942,Bangalore,Ramanagara,Coconut,Grade-I,FAQ,7200,15000,11000,2020-08-04,2020-08-04,22.3,20.0,27.0,0.5,,,21.9,,1006.5,
10943,Bangalore,Ramanagara,Coconut,Grade-I,FAQ,7200,15000,11200,2020-07-27,2020-07-27,23.6,19.2,29.0,0.0,,,11.3,,1012.0,
10944,Bangalore,Ramanagara,Coconut,Grade-I,FAQ,7200,15200,12200,2024-05-25,2024-05-25,24.8,20.4,31.8,4.1,,,17.2,,1008.7,
10945,Bangalore,Ramanagara,Coconut,Grade-I,FAQ,7200,15500,10400,2021-06-16,2021-06-16,23.5,19.4,28.2,0.0,,,22.5,,1009.7,
10946,Bangalore,Ramanagara,Coconut,Grade-I,FAQ,7200,15500,10500,2021-07-16,2021-07-16,22.7,19.0,28.0,1.0,,,12.7,,1010.4,
10947,Bangalore,Ramanagara,Coconut,Grade-I,FAQ,7200,15600,10800,2020-09-18,2020-09-18,23.9,20.0,29.4,0.0,,,15.6,,1009.7,
10948,Bangalore,Ramanagara,Coconut,Grade-I,FAQ,7200,16000,10800,2021-06-19,2021-06-19,23.4,19.2,29.2,0.0,,,20.5,,1013.2,
10949,Bangalore,Ramanagara,Coconut,Grade-I,FAQ,7200,16100,10200,2021-08-18,2021-08-18,23.6,19.0,29.0,0.0,,,15.6,,1010.7,
10950,Bangalore,Ramanagara,Coconut,Grade-I,FAQ,7200,16100,10300,2021-08-05,2021-08-05,23.4,18.9,28.1,0.8,,,17.5,,1011.8,
10951,Bangalore,Ramanagara,Coconut,Grade-I,FAQ,7200,16200,11000,2021-06-18,2021-06-18,23.7,19.0,29.5,0.0,,,23.3,,1011.8,
10952,Bangalore,Ramanagara,Coconut,Grade-I,FAQ,7200,16400,10400,2021-08-11,2021-08-11,24.3,20.6,28.8,0.0,,,13.2,,1012.1,
10953,Bangalore,Ramanagara,Coconut,Grade-I,FAQ,7200,16400,10500,2021-08-03,2021-08-03,23.9,20.0,29.0,0.7,,,20.4,,1013.1,
10954,Bangalore,Ramanagara,Coconut,Grade-I,FAQ,7200,16400,10500,2021-08-16,2021-08-16,23.3,19.0,28.0,0.3,,,13.3,,1011.5,
10955,Bangalore,Ramanagara,Coconut,Grade-I,FAQ,7200,16400,11800,2021-06-08,2021-06-08,26.5,23.0,31.0,0.0,,,12.6,,1010.8,
10956,Bangalore,Ramanagara,Coconut,Grade-I,FAQ,7200,16500,10600,2021-06-21,2021-06-21,24.9,18.5,31.0,0.6,,,14.0,,1012.7,
10957,Bangalore,Ramanagara,Coconut,Grade-I,FAQ,7300,15800,11000,2021-07-14,2021-07-14,21.7,18.9,26.6,5.3,,,9.7,,1008.4,
10958,Bangalore,Ramanagara,Coconut,Grade-I,FAQ,7400,13800,10400,2020-07-24,2020-07-24,23.7,19.8,30.8,21.6,,,5.6,,1010.3,
10959,Bangalore,Ramanagara,Coconut,Grade-I,FAQ,7400,14800,11400,2020-09-17,2020-09-17,23.2,20.0,27.5,0.0,,,12.9,,1010.8,
10960,Bangalore,Ramanagara,Coconut,Grade-I,FAQ,7400,14800,12000,2024-06-05,2024-06-05,26.4,22.4,31.0,11.7,,,9.8,,1014.0,
10961,Bangalore,Ramanagara,Coconut,Grade-I,FAQ,7400,15200,11000,2020-08-08,2020-08-08,23.4,20.5,28.4,0.0,,,17.6,,1010.3,
10962,Bangalore,Ramanagara,Coconut,Grade-I,FAQ,7400,15900,10300,2021-07-12,2021-07-12,23.5,18.4,28.0,0.0,,,22.6,,1007.5,
10963,Bangalore,Ramanagara,Coconut,Grade-I,FAQ,7400,16100,10800,2023-11-09,2023-11-09,23.3,18.6,28.0,0.5,,,12.0,,1017.7,
10964,Bangalore,Ramanagara,Coconut,Grade-I,FAQ,7400,16900,11900,2020-11-02,2020-11-02,24.0,19.2,30.5,0.0,,,2.8,,1015.3,
10965,Bangalore,Ramanagara,Coconut,Grade-I,FAQ,7500,15000,11000,2020-06-05,2020-06-05,25.4,20.2,31.4,0.0,,,13.2,,1011.6,
10966,Bangalore,Ramanagara,Coconut,Grade-I,FAQ,7500,15800,10800,2021-08-06,2021-08-06,23.9,18.9,28.9,6.4,,,16.1,,1010.8,
10967,Bangalore,Ramanagara,Coconut,Grade-I,FAQ,7500,15800,10800,2021-06-09,2021-06-09,25.6,19.0,31.3,4.6,,,14.8,,1010.6,
10968,Bangalore,Ramanagara,Coconut,Grade-I,FAQ,7500,16500,10800,2021-06-28,2021-06-28,23.9,18.8,29.0,1.0,,,7.0,,1011.2,
10969,Bangalore,Ramanagara,Coconut,Grade-I,FAQ,7500,16500,12000,2020-02-27,2020-02-27,24.2,19.0,31.7,,,,8.6,,1014.7,
10970,Bangalore,Ramanagara,Coconut,Grade-I,FAQ,7600,14800,10500,2024-05-29,2024-05-29,26.6,20.9,36.6,0.0,,,16.9,,1010.2,
10971,Bangalore,Ramanagara,Coconut,Grade-I,FAQ,7600,15800,10600,2021-07-09,2021-07-09,24.4,20.0,30.6,6.1,,,14.5,,1007.6,
10972,Bangalore,Ramanagara,Coconut,Grade-I,FAQ,7600,16200,13200,2023-10-18,2023-10-18,24.5,19.4,30.2,0.0,,,9.6,,1016.9,
10973,Bangalore,Ramanagara,Coconut,Grade-I,FAQ,7600,16300,10800,2024-08-07,2024-08-07,23.6,21.0,27.0,9.9,,,10.9,,1013.3,
10974,Bangalore,Ramanagara,Coconut,Grade-I,FAQ,7800,15500,12800,2023-11-15,2023-11-15,23.2,17.9,27.2,0.0,,,9.4,,1017.2,
10975,Bangalore,Ramanagara,Coconut,Grade-I,FAQ,7800,15900,11200,2021-07-08,2021-07-08,25.1,20.2,29.9,0.3,,,7.0,,1009.5,
10976,Bangalore,Ramanagara,Coconut,Grade-I,FAQ,7800,15900,12200,2020-10-18,2020-10-18,23.7,19.5,28.0,0.5,,,4.2,,1010.9,
10977,Bangalore,Ramanagara,Coconut,Grade-I,FAQ,7800,16000,11200,2021-07-15,2021-07-15,22.1,18.0,26.6,25.1,,,12.8,,1008.5,
10978,Bangalore,Ramanagara,Coconut,Grade-I,FAQ,7800,16200,10500,2021-07-10,2021-07-10,23.2,19.6,29.6,0.3,,,18.9,,1007.5,
10979,Bangalore,Ramanagara,Coconut,Grade-I,FAQ,7800,16200,10600,2021-07-06,2021-07-06,25.1,18.4,30.3,0.5,,,4.1,,1009.2,
10980,Bangalore,Ramanagara,Coconut,Grade-I,FAQ,7800,16200,10600,2021-07-19,2021-07-19,22.7,18.8,29.0,3.0,,,14.7,,1010.2,
10981,Bangalore,Ramanagara,Coconut,Grade-I,FAQ,7800,16300,10600,2021-08-07,2021-08-07,24.7,19.0,29.8,21.6,,,13.9,,1011.0,
10982,Bangalore,Ramanagara,Coconut,Grade-I,FAQ,7800,16300,12800,2024-09-12,2024-09-12,25.1,21.0,30.0,0.0,,,16.3,,1014.4,
10983,Bangalore,Ramanagara,Coconut,Grade-I,FAQ,7800,16800,12500,2020-10-12,2020-10-12,22.2,19.0,25.8,2.0,,,14.4,,1007.2,
10984,Bangalore,Ramanagara,Coconut,Grade-I,FAQ,7800,16900,12000,2020-10-20,2020-10-20,22.8,20.2,26.3,4.1,,,6.3,,1010.2,
10985,Bangalore,Ramanagara,Coconut,Grade-I,FAQ,7900,16900,12800,2020-10-23,2020-10-23,21.6,18.0,27.6,19.1,,,10.2,,1010.7,
10986,Bangalore,Ramanagara,Coconut,Grade-I,FAQ,7900,17000,12800,2020-11-03,2020-11-03,24.1,19.0,30.0,0.0,,,4.3,,1015.4,
10987,Bangalore,Ramanagara,Coconut,Grade-I,FAQ,8000,12000,10000,2019-08-12,2019-08-12,23.6,20.5,28.7,5.1,,,13.5,,1009.8,
10988,Bangalore,Ramanagara,Coconut,Grade-I,FAQ,8000,12000,10000,2019-10-13,2019-10-13,25.2,21.1,29.8,0.0,,,6.9,,1014.2,
10989,Bangalore,Ramanagara,Coconut,Grade-I,FAQ,8000,12000,10000,2019-08-19,2019-08-19,24.1,20.5,29.0,2.5,,,4.5,,1011.9,
10990,Bangalore,Ramanagara,Coconut,Grade-I,FAQ,8000,12000,10000,2019-07-23,2019-07-23,22.6,19.0,26.8,8.9,,,18.4,,1008.8,
10991,Bangalore,Ramanagara,Coconut,Grade-I,FAQ,8000,12000,10000,2019-10-24,2019-10-24,22.9,20.0,28.2,0.0,,,10.8,,1012.4,
10992,Bangalore,Ramanagara,Coconut,Grade-I,FAQ,8000,12000,10000,2019-07-25,2019-07-25,23.8,21.4,30.2,1.0,,,18.1,,1011.4,
10993,Bangalore,Ramanagara,Coconut,Grade-I,FAQ,8000,12000,10000,2019-07-30,2019-07-30,23.3,19.8,28.6,0.0,,,19.6,,1012.1,
10994,Bangalore,Ramanagara,Coconut,Grade-I,FAQ,8000,13000,10000,2019-12-18,2019-12-18,20.5,18.0,26.2,0.0,,,9.8,,1017.3,
10995,Bangalore,Ramanagara,Coconut,Grade-I,FAQ,8000,13000,10500,2019-08-02,2019-08-02,23.8,20.4,31.4,,,,22.3,,1011.4,
10996,Bangalore,Ramanagara,Coconut,Grade-I,FAQ,8000,13000,10500,2020-01-03,2020-01-03,23.7,19.2,28.4,,,,5.9,,1016.7,
10997,Bangalore,Ramanagara,Coconut,Grade-I,FAQ,8000,13000,10500,2020-01-06,2020-01-06,22.1,19.6,30.2,0.3,,,9.9,,1016.9,
10998,Bangalore,Ramanagara,Coconut,Grade-I,FAQ,8000,13000,10500,2019-11-06,2019-11-06,24.2,19.4,30.0,,,,2.6,,1012.9,
10999,Bangalore,Ramanagara,Coconut,Grade-I,FAQ,8000,13000,10500,2020-01-17,2020-01-17,21.8,14.9,28.8,,,,5.4,,1015.4,
11000,Bangalore,Ramanagara,Coconut,Grade-I,FAQ,8000,13000,10500,2019-07-18,2019-07-18,24.9,20.4,29.7,8.9,,,13.4,,1008.3,
11001,Bangalore,Ramanagara,Coconut,Grade-I,FAQ,8000,13000,10500,2019-07-19,2019-07-19,24.0,21.4,28.4,1.0,,,14.0,,1007.2,
11002,Bangalore,Ramanagara,Coconut,Grade-I,FAQ,8000,13000,10500,2019-07-20,2019-07-20,24.2,20.5,28.9,1.8,,,19.7,,1007.4,
11003,Bangalore,Ramanagara,Coconut,Grade-I,FAQ,8000,13000,10500,2019-07-24,2019-07-24,23.8,19.6,29.9,0.0,,,17.7,,1010.2,
11004,Bangalore,Ramanagara,Coconut,Grade-I,FAQ,8000,13000,10500,2019-12-27,2019-12-27,22.1,17.0,28.8,,,,6.0,,1014.6,
11005,Bangalore,Ramanagara,Coconut,Grade-I,FAQ,8000,13000,10500,2019-12-30,2019-12-30,21.6,17.0,27.2,,,,9.6,,1015.7,
11006,Bangalore,Ramanagara,Coconut,Grade-I,FAQ,8000,13000,11000,2019-12-10,2019-12-10,20.8,17.0,27.0,,,,10.0,,1015.7,
11007,Bangalore,Ramanagara,Coconut,Grade-I,FAQ,8000,13000,11500,2020-01-14,2020-01-14,21.1,17.0,29.0,,,,5.8,,1014.5,
11008,Bangalore,Ramanagara,Coconut,Grade-I,FAQ,8000,13000,11500,2019-10-14,2019-10-14,25.3,22.3,29.8,0.0,,,6.7,,1014.2,
11009,Bangalore,Ramanagara,Coconut,Grade-I,FAQ,8000,13000,11500,2019-10-28,2019-10-28,23.1,19.2,28.4,40.6,,,6.4,,1013.6,
11010,Bangalore,Ramanagara,Coconut,Grade-I,FAQ,8000,13000,11500,2019-10-30,2019-10-30,21.3,19.2,26.2,4.1,,,10.9,,1012.9,
11011,Bangalore,Ramanagara,Coconut,Grade-I,FAQ,8000,13800,11400,2020-01-08,2020-01-08,22.2,17.5,28.5,,,,7.5,,1016.1,
11012,Bangalore,Ramanagara,Coconut,Grade-I,FAQ,8000,13800,11400,2019-12-19,2019-12-19,20.1,18.0,27.2,,,,10.4,,1016.7,
11013,Bangalore,Ramanagara,Coconut,Grade-I,FAQ,8000,14000,11000,2019-10-01,2019-10-01,23.8,21.6,30.0,,,,5.6,,1013.7,
11014,Bangalore,Ramanagara,Coconut,Grade-I,FAQ,8000,14000,11000,2020-01-02,2020-01-02,22.6,19.0,28.0,,,,5.5,,1018.1,
11015,Bangalore,Ramanagara,Coconut,Grade-I,FAQ,8000,14000,11000,2019-11-02,2019-11-02,23.7,20.2,28.0,0.0,,,4.1,,1015.0,
11016,Bangalore,Ramanagara,Coconut,Grade-I,FAQ,8000,14000,11000,2019-10-03,2019-10-03,23.7,21.0,30.3,0.0,,,4.5,,1014.5,
11017,Bangalore,Ramanagara,Coconut,Grade-I,FAQ,8000,14000,11000,2019-09-04,2019-09-04,22.7,20.1,26.7,7.4,,,17.8,,1009.7,
11018,Bangalore,Ramanagara,Coconut,Grade-I,FAQ,8000,14000,11000,2019-08-05,2019-08-05,22.4,20.4,29.0,1.0,,,22.0,,1010.0,
11019,Bangalore,Ramanagara,Coconut,Grade-I,FAQ,8000,14000,11000,2019-10-05,2019-10-05,23.3,19.4,29.7,30.5,,,4.2,,1013.4,
11020,Bangalore,Ramanagara,Coconut,Grade-I,FAQ,8000,14000,11000,2019-08-06,2019-08-06,21.8,19.8,27.2,1.8,,,22.8,,1009.4,
11021,Bangalore,Ramanagara,Coconut,Grade-I,FAQ,8000,14000,11000,2019-12-06,2019-12-06,20.3,17.8,25.8,,,,10.7,,1016.9,
11022,Bangalore,Ramanagara,Coconut,Grade-I,FAQ,8000,14000,11000,2019-09-06,2019-09-06,23.1,20.4,28.0,0.0,,,19.8,,1009.5,
11023,Bangalore,Ramanagara,Coconut,Grade-I,FAQ,8000,14000,11000,2019-08-07,2019-08-07,22.4,20.5,26.0,0.0,,,23.6,,1008.5,
11024,Bangalore,Ramanagara,Coconut,Grade-I,FAQ,8000,14000,11000,2020-01-07,2020-01-07,22.1,17.8,28.5,0.0,,,10.0,,1016.7,
11025,Bangalore,Ramanagara,Coconut,Grade-I,FAQ,8000,14000,11000,2019-11-07,2019-11-07,25.3,19.8,30.0,,,,1.8,,1012.3,
11026,Bangalore,Ramanagara,Coconut,Grade-I,FAQ,8000,14000,11000,2019-09-07,2019-09-07,23.2,20.4,28.4,0.8,,,24.7,,1010.4,
11027,Bangalore,Ramanagara,Coconut,Grade-I,FAQ,8000,14000,11000,2019-11-08,2019-11-08,23.8,19.0,29.6,25.1,,,3.0,,1013.3,
11028,Bangalore,Ramanagara,Coconut,Grade-I,FAQ,8000,14000,11000,2020-11-08,2020-11-08,23.3,19.3,29.1,3.3,,,8.4,,1017.2,
11029,Bangalore,Ramanagara,Coconut,Grade-I,FAQ,8000,14000,11000,2019-08-09,2019-08-09,22.6,20.5,25.9,0.0,,,22.9,,1009.3,
11030,Bangalore,Ramanagara,Coconut,Grade-I,FAQ,8000,14000,11000,2019-12-09,2019-12-09,19.9,16.4,27.0,0.0,,,11.0,,1016.6,
11031,Bangalore,Ramanagara,Coconut,Grade-I,FAQ,8000,14000,11000,2020-01-09,2020-01-09,22.2,17.0,30.6,,,,5.5,,1015.6,
11032,Bangalore,Ramanagara,Coconut,Grade-I,FAQ,8000,14000,11000,2019-10-09,2019-10-09,24.4,18.9,29.8,19.8,,,2.6,,1013.0,
11033,Bangalore,Ramanagara,Coconut,Grade-I,FAQ,8000,14000,11000,2020-01-10,2020-01-10,21.3,15.0,29.8,,,,9.1,,1015.6,
11034,Bangalore,Ramanagara,Coconut,Grade-I,FAQ,8000,14000,11000,2019-10-10,2019-10-10,24.3,20.6,30.6,0.3,,,4.6,,1013.0,
11035,Bangalore,Ramanagara,Coconut,Grade-I,FAQ,8000,14000,11000,2019-11-11,2019-11-11,23.4,19.9,29.9,0.0,,,5.8,,1013.8,
11036,Bangalore,Ramanagara,Coconut,Grade-I,FAQ,8000,14000,11000,2019-10-11,2019-10-11,25.1,21.5,29.7,0.0,,,5.5,,1013.4,
11037,Bangalore,Ramanagara,Coconut,Grade-I,FAQ,8000,14000,11000,2019-10-12,2019-10-12,24.8,20.6,29.5,0.5,,,4.8,,1013.7,
11038,Bangalore,Ramanagara,Coconut,Grade-I,FAQ,8000,14000,11000,2019-09-12,2019-09-12,23.3,20.8,29.8,0.0,,,11.3,,1013.0,
11039,Bangalore,Ramanagara,Coconut,Grade-I,FAQ,8000,14000,11000,2019-08-13,2019-08-13,23.4,20.5,28.6,7.9,,,16.2,,1010.2,
11040,Bangalore,Ramanagara,Coconut,Grade-I,FAQ,8000,14000,11000,2019-11-13,2019-11-13,22.9,18.0,28.0,,,,11.3,,1015.3,
11041,Bangalore,Ramanagara,Coconut,Grade-I,FAQ,8000,14000,11000,2019-09-14,2019-09-14,24.7,21.0,31.0,0.0,,,11.6,,1013.2,
11042,Bangalore,Ramanagara,Coconut,Grade-I,FAQ,8000,14000,11000,2019-08-16,2019-08-16,23.3,21.0,29.4,0.0,,,15.1,,1011.4,
11043,Bangalore,Ramanagara,Coconut,Grade-I,FAQ,8000,14000,11000,2020-01-16,2020-01-16,20.8,14.4,28.2,,,,5.7,,1015.2,
11044,Bangalore,Ramanagara,Coconut,Grade-I,FAQ,8000,14000,11000,2019-09-16,2019-09-16,23.2,20.4,28.8,0.3,,,13.7,,1011.3,
11045,Bangalore,Ramanagara,Coconut,Grade-I,FAQ,8000,14000,11000,2019-08-17,2019-08-17,22.6,19.8,29.4,2.0,,,13.8,,1011.2,
11046,Bangalore,Ramanagara,Coconut,Grade-I,FAQ,8000,14000,11000,2019-10-17,2019-10-17,22.2,21.0,28.0,0.0,,,8.7,,1013.5,
11047,Bangalore,Ramanagara,Coconut,Grade-I,FAQ,8000,14000,11000,2019-09-17,2019-09-17,22.6,20.7,27.0,30.7,,,10.0,,1010.3,
11048,Bangalore,Ramanagara,Coconut,Grade-I,FAQ,8000,14000,11000,2019-10-18,2019-10-18,22.7,19.8,27.0,5.1,,,8.8,,1013.5,
11049,Bangalore,Ramanagara,Coconut,Grade-I,FAQ,8000,14000,11000,2019-11-19,2019-11-19,23.9,19.2,29.6,0.0,,,5.3,,1014.6,
11050,Bangalore,Ramanagara,Coconut,Grade-I,FAQ,8000,14000,11000,2020-01-20,2020-01-20,22.6,16.5,29.8,,,,8.5,,1016.8,
11051,Bangalore,Ramanagara,Coconut,Grade-I,FAQ,8000,14000,11000,2019-08-21,2019-08-21,23.3,20.6,27.6,42.9,,,12.4,,1011.1,
11052,Bangalore,Ramanagara,Coconut,Grade-I,FAQ,8000,14000,11000,2019-12-21,2019-12-21,21.7,18.0,28.0,,,,8.9,,1015.4,
11053,Bangalore,Ramanagara,Coconut,Grade-I,FAQ,8000,14000,11000,2019-09-21,2019-09-21,25.0,20.4,30.0,0.0,,,8.3,,1011.0,
11054,Bangalore,Ramanagara,Coconut,Grade-I,FAQ,8000,14000,11000,2019-07-22,2019-07-22,22.7,20.1,29.0,4.8,,,18.8,,1008.2,
11055,Bangalore,Ramanagara,Coconut,Grade-I,FAQ,8000,14000,11000,2019-08-23,2019-08-23,23.2,20.5,28.4,1.3,,,12.8,,1011.4,
11056,Bangalore,Ramanagara,Coconut,Grade-I,FAQ,8000,14000,11000,2019-10-23,2019-10-23,23.1,19.6,28.2,8.9,,,7.8,,1011.6,
11057,Bangalore,Ramanagara,Coconut,Grade-I,FAQ,8000,14000,11000,2019-08-24,2019-08-24,22.7,19.8,28.4,2.8,,,20.4,,1012.0,
11058,Bangalore,Ramanagara,Coconut,Grade-I,FAQ,8000,14000,11000,2019-09-25,2019-09-25,23.4,21.0,29.5,24.9,,,6.2,,1011.7,
11059,Bangalore,Ramanagara,Coconut,Grade-I,FAQ,8000,14000,11000,2019-08-26,2019-08-26,23.0,19.6,29.0,0.0,,,14.0,,1010.6,
11060,Bangalore,Ramanagara,Coconut,Grade-I,FAQ,8000,14000,11000,2019-12-26,2019-12-26,21.2,20.0,29.0,,,,5.4,,1015.8,
11061,Bangalore,Ramanagara,Coconut,Grade-I,FAQ,8000,14000,11000,2019-09-26,2019-09-26,23.8,19.8,28.2,5.1,,,9.2,,1015.0,
11062,Bangalore,Ramanagara,Coconut,Grade-I,FAQ,8000,14000,11000,2019-11-27,2019-11-27,21.8,19.3,27.8,2.0,,,9.5,,1014.6,
11063,Bangalore,Ramanagara,Coconut,Grade-I,FAQ,8000,14000,11000,2019-12-28,2019-12-28,21.1,17.0,29.6,,,,9.4,,1015.2,
11064,Bangalore,Ramanagara,Coconut,Grade-I,FAQ,8000,14000,11000,2019-08-29,2019-08-29,24.2,20.5,29.9,0.3,,,13.8,,1011.4,
11065,Bangalore,Ramanagara,Coconut,Grade-I,FAQ,8000,14000,11000,2019-09-30,2019-09-30,24.9,21.0,29.4,,,,9.8,,1015.4,
11066,Bangalore,Ramanagara,Coconut,Grade-I,FAQ,8000,14000,11000,2019-10-31,2019-10-31,22.6,20.0,26.2,2.8,,,12.7,,1013.4,
11067,Bangalore,Ramanagara,Coconut,Grade-I,FAQ,8000,14000,11100,2019-08-10,2019-08-10,22.1,19.6,26.4,1.5,,,22.8,,1010.0,
11068,Bangalore,Ramanagara,Coconut,Grade-I,FAQ,8000,14000,11100,2019-08-14,2019-08-14,23.1,20.7,28.8,0.0,,,18.2,,1011.4,
11069,Bangalore,Ramanagara,Coconut,Grade-I,FAQ,8000,14000,11200,2019-12-14,2019-12-14,20.8,19.0,28.0,0.0,,,10.7,,1017.2,
11070,Bangalore,Ramanagara,Coconut,Grade-I,FAQ,8000,14000,11500,2019-12-16,2019-12-16,21.0,18.0,26.2,0.0,,,9.5,,1015.9,
11071,Bangalore,Ramanagara,Coconut,Grade-I,FAQ,8000,14000,11500,2019-12-17,2019-12-17,20.9,19.0,28.0,1.0,,,9.9,,1016.5,
11072,Bangalore,Ramanagara,Coconut,Grade-I,FAQ,8000,14000,11500,2019-11-29,2019-11-29,22.7,19.0,27.8,0.0,,,12.4,,1015.2,
11073,Bangalore,Ramanagara,Coconut,Grade-I,FAQ,8000,14200,11000,2019-12-03,2019-12-03,21.5,19.0,25.2,0.3,,,11.0,,1015.7,
11074,Bangalore,Ramanagara,Coconut,Grade-I,FAQ,8000,14200,11000,2019-12-23,2019-12-23,21.1,17.9,27.0,,,,8.1,,1015.8,
11075,Bangalore,Ramanagara,Coconut,Grade-I,FAQ,8000,14200,11100,2019-10-02,2019-10-02,24.3,18.6,30.0,41.7,,,5.4,,1015.0,
11076,Bangalore,Ramanagara,Coconut,Grade-I,FAQ,8000,14200,11100,2019-09-11,2019-09-11,24.4,21.4,27.0,,,,14.6,,1011.9,
11077,Bangalore,Ramanagara,Coconut,Grade-I,FAQ,8000,14200,11100,2020-01-13,2020-01-13,22.9,16.9,29.0,,,,4.7,,1014.4,
11078,Bangalore,Ramanagara,Coconut,Grade-I,FAQ,8000,14200,11100,2019-09-19,2019-09-19,23.9,21.0,28.0,6.6,,,10.8,,1010.8,
11079,Bangalore,Ramanagara,Coconut,Grade-I,FAQ,8000,14200,11100,2019-12-24,2019-12-24,22.2,19.0,28.0,,,,7.1,,1016.4,
11080,Bangalore,Ramanagara,Coconut,Grade-I,FAQ,8000,14200,11100,2019-09-24,2019-09-24,23.3,19.6,28.0,104.4,,,5.0,,1011.4,
11081,Bangalore,Ramanagara,Coconut,Grade-I,FAQ,8000,14200,11100,2019-10-26,2019-10-26,22.6,18.4,27.2,7.1,,,4.4,,1013.8,
11082,Bangalore,Ramanagara,Coconut,Grade-I,FAQ,8000,14200,11100,2019-08-27,2019-08-27,23.7,20.2,29.6,0.5,,,19.2,,1010.3,
11083,Bangalore,Ramanagara,Coconut,Grade-I,FAQ,8000,14200,12000,2020-05-12,2020-05-12,27.6,22.0,33.7,,,,8.1,,1011.5,
11084,Bangalore,Ramanagara,Coconut,Grade-I,FAQ,8000,14400,11000,2020-07-20,2020-07-20,24.6,22.0,30.0,11.2,,,3.6,,1008.3,
11085,Bangalore,Ramanagara,Coconut,Grade-I,FAQ,8000,14400,11200,2019-11-05,2019-11-05,24.2,18.3,30.0,,,,4.2,,1014.3,
11086,Bangalore,Ramanagara,Coconut,Grade-I,FAQ,8000,14400,11200,2019-11-09,2019-11-09,24.5,20.5,29.8,0.0,,,3.7,,1013.9,
11087,Bangalore,Ramanagara,Coconut,Grade-I,FAQ,8000,14400,11200,2019-09-20,2019-09-20,24.7,20.4,29.5,1.0,,,10.7,,1011.7,
11088,Bangalore,Ramanagara,Coconut,Grade-I,FAQ,8000,14400,11200,2019-09-23,2019-09-23,23.4,20.5,29.0,1.8,,,5.9,,1011.6,
11089,Bangalore,Ramanagara,Coconut,Grade-I,FAQ,8000,14400,11200,2019-08-28,2019-08-28,22.8,19.6,29.6,0.0,,,17.7,,1009.4,
11090,Bangalore,Ramanagara,Coconut,Grade-I,FAQ,8000,14400,12000,2019-11-30,2019-11-30,21.1,18.4,27.4,1.5,,,10.8,,1014.9,
11091,Bangalore,Ramanagara,Coconut,Grade-I,FAQ,8000,14500,12000,2020-06-14,2020-06-14,24.2,20.4,30.0,0.3,,,20.9,,1009.4,
11092,Bangalore,Ramanagara,Coconut,Grade-I,FAQ,8000,14600,11200,2020-06-10,2020-06-10,24.8,20.8,30.7,,,,12.9,,1009.3,
11093,Bangalore,Ramanagara,Coconut,Grade-I,FAQ,8000,14600,11500,2019-12-02,2019-12-02,21.1,19.4,25.2,5.1,,,12.7,,1015.2,
11094,Bangalore,Ramanagara,Coconut,Grade-I,FAQ,8000,14800,11000,2020-05-30,2020-05-30,24.9,20.1,32.3,12.7,,,4.7,,1011.4,
11095,Bangalore,Ramanagara,Coconut,Grade-I,FAQ,8000,15000,11000,2020-06-04,2020-06-04,25.6,20.8,30.0,0.0,,,14.6,,1011.6,
11096,Bangalore,Ramanagara,Coconut,Grade-I,FAQ,8000,15000,11500,2020-06-01,2020-06-01,24.9,21.0,32.1,0.8,,,6.0,,1012.6,
11097,Bangalore,Ramanagara,Coconut,Grade-I,FAQ,8000,15000,11500,2019-11-14,2019-11-14,21.8,18.0,28.0,,,,7.8,,1015.4,
11098,Bangalore,Ramanagara,Coconut,Grade-I,FAQ,8000,15000,11500,2020-08-22,2020-08-22,24.9,19.6,28.7,,,,8.2,,1011.6,
11099,Bangalore,Ramanagara,Coconut,Grade-I,FAQ,8000,15000,11500,2020-01-29,2020-01-29,24.0,18.8,31.0,,,,4.1,,1016.4,
11100,Bangalore,Ramanagara,Coconut,Grade-I,FAQ,8000,15000,12000,2019-12-04,2019-12-04,21.2,19.0,26.2,0.5,,,13.0,,1016.4,
11101,Bangalore,Ramanagara,Coconut,Grade-I,FAQ,8000,15000,12000,2019-09-05,2019-09-05,23.3,21.0,28.0,0.0,,,18.0,,1009.7,
11102,Bangalore,Ramanagara,Coconut,Grade-I,FAQ,8000,15000,12000,2020-09-07,2020-09-07,24.3,19.4,30.2,0.0,,,10.1,,1010.7,
11103,Bangalore,Ramanagara,Coconut,Grade-I,FAQ,8000,15000,12000,2020-01-18,2020-01-18,21.8,17.4,29.4,,,,11.6,,1015.6,
11104,Bangalore,Ramanagara,Coconut,Grade-I,FAQ,8000,15000,12000,2020-05-18,2020-05-18,25.7,20.4,34.9,7.4,,,14.0,,1007.5,
11105,Bangalore,Ramanagara,Coconut,Grade-I,FAQ,8000,15000,12000,2020-05-20,2020-05-20,27.6,22.6,33.0,,,,15.7,,1007.1,
11106,Bangalore,Ramanagara,Coconut,Grade-I,FAQ,8000,15000,12000,2020-01-23,2020-01-23,22.2,18.5,29.4,,,,10.7,,1017.4,
11107,Bangalore,Ramanagara,Coconut,Grade-I,FAQ,8000,15000,12000,2020-05-23,2020-05-23,28.9,21.6,36.0,,,,10.1,,1010.3,
11108,Bangalore,Ramanagara,Coconut,Grade-I,FAQ,8000,15000,12500,2019-09-09,2019-09-09,24.7,21.0,28.2,0.3,,,19.7,,1010.7,
11109,Bangalore,Ramanagara,Coconut,Grade-I,FAQ,8000,15000,12800,2023-06-10,2023-06-10,24.9,20.4,32.2,15.0,,,19.6,,1010.9,
11110,Bangalore,Ramanagara,Coconut,Grade-I,FAQ,8000,15200,11000,2020-08-29,2020-08-29,25.3,19.4,30.6,,,,7.0,,1010.7,
11111,Bangalore,Ramanagara,Coconut,Grade-I,FAQ,8000,15200,12000,2020-06-03,2020-06-03,24.9,20.0,29.6,0.0,,,14.5,,1011.4,
11112,Bangalore,Ramanagara,Coconut,Grade-I,FAQ,8000,15200,12000,2020-05-29,2020-05-29,24.4,19.4,33.4,3.8,,,7.1,,1010.5,
11113,Bangalore,Ramanagara,Coconut,Grade-I,FAQ,8000,15400,11000,2020-09-01,2020-09-01,23.4,18.7,29.6,19.6,,,4.4,,1011.9,
11114,Bangalore,Ramanagara,Coconut,Grade-I,FAQ,8000,15400,12100,2023-10-25,2023-10-25,23.9,16.6,30.6,0.0,,,4.6,,1018.0,
11115,Bangalore,Ramanagara,Coconut,Grade-I,FAQ,8000,15400,12500,2020-05-19,2020-05-19,26.4,22.0,31.7,0.0,,,17.6,,1007.4,
11116,Bangalore,Ramanagara,Coconut,Grade-I,FAQ,8000,16000,11500,2020-09-20,2020-09-20,20.7,18.8,26.6,14.0,,,17.4,,1007.5,
11117,Bangalore,Ramanagara,Coconut,Grade-I,FAQ,8000,16000,11500,2020-08-27,2020-08-27,23.6,20.3,29.5,,,,6.7,,1011.5,
11118,Bangalore,Ramanagara,Coconut,Grade-I,FAQ,8000,16000,11800,2020-09-11,2020-09-11,22.6,18.6,28.6,0.0,,,16.3,,1008.1,
11119,Bangalore,Ramanagara,Coconut,Grade-I,FAQ,8000,16000,11800,2020-09-15,2020-09-15,23.2,19.2,26.9,0.0,,,12.4,,1010.2,
11120,Bangalore,Ramanagara,Coconut,Grade-I,FAQ,8000,16000,12000,2020-02-03,2020-02-03,21.8,15.7,30.0,,,,9.9,,1017.1,
11121,Bangalore,Ramanagara,Coconut,Grade-I,FAQ,8000,16000,12000,2019-09-03,2019-09-03,22.8,20.2,27.2,11.7,,,15.6,,1010.1,
11122,Bangalore,Ramanagara,Coconut,Grade-I,FAQ,8000,16000,12000,2020-09-03,2020-09-03,23.8,19.2,28.0,18.8,,,2.5,,1010.5,
11123,Bangalore,Ramanagara,Coconut,Grade-I,FAQ,8000,16000,12000,2020-04-05,2020-04-05,29.4,23.0,35.0,,,,6.4,,1013.6,
11124,Bangalore,Ramanagara,Coconut,Grade-I,FAQ,8000,16000,12000,2020-08-05,2020-08-05,22.6,19.2,26.0,3.3,,,20.4,,1004.8,
11125,Bangalore,Ramanagara,Coconut,Grade-I,FAQ,8000,16000,12000,2020-02-07,2020-02-07,23.1,17.4,30.3,,,,5.7,,1016.2,
11126,Bangalore,Ramanagara,Coconut,Grade-I,FAQ,8000,16000,12000,2021-06-07,2021-06-07,26.6,22.7,31.0,0.5,,,11.7,,1011.4,
11127,Bangalore,Ramanagara,Coconut,Grade-I,FAQ,8000,16000,12000,2020-04-09,2020-04-09,27.2,20.0,34.0,0.0,,,5.1,,1013.3,
11128,Bangalore,Ramanagara,Coconut,Grade-I,FAQ,8000,16000,12000,2020-09-09,2020-09-09,23.4,19.6,30.5,26.4,,,8.0,,1009.0,
11129,Bangalore,Ramanagara,Coconut,Grade-I,FAQ,8000,16000,12000,2020-02-10,2020-02-10,22.7,19.0,29.2,,,,12.8,,1016.4,
11130,Bangalore,Ramanagara,Coconut,Grade-I,FAQ,8000,16000,12000,2019-09-10,2019-09-10,24.1,20.2,28.8,0.0,,,14.5,,1011.1,
11131,Bangalore,Ramanagara,Coconut,Grade-I,FAQ,8000,16000,12000,2024-09-11,2024-09-11,24.1,20.4,28.0,0.9,,,17.1,,1013.4,
11132,Bangalore,Ramanagara,Coconut,Grade-I,FAQ,8000,16000,12000,2019-09-13,2019-09-13,24.7,20.6,30.0,0.5,,,12.8,,1013.8,
11133,Bangalore,Ramanagara,Coconut,Grade-I,FAQ,8000,16000,12000,2019-11-15,2019-11-15,22.5,19.8,27.0,3.8,,,5.2,,1015.0,
11134,Bangalore,Ramanagara,Coconut,Grade-I,FAQ,8000,16000,12000,2020-08-17,2020-08-17,22.2,19.0,27.0,0.0,,,11.0,,1009.5,
11135,Bangalore,Ramanagara,Coconut,Grade-I,FAQ,8000,16000,12000,2020-07-29,2020-07-29,23.0,20.4,29.5,0.5,,,5.6,,1008.9,
11136,Bangalore,Ramanagara,Coconut,Grade-I,FAQ,8000,16000,12000,2019-08-30,2019-08-30,24.2,20.6,30.0,0.3,,,18.7,,1009.5,
11137,Bangalore,Ramanagara,Coconut,Grade-I,FAQ,8000,16000,12000,2019-08-31,2019-08-31,23.5,20.2,29.6,0.0,,,18.5,,1008.2,
11138,Bangalore,Ramanagara,Coconut,Grade-I,FAQ,8000,16000,12000,2020-01-31,2020-01-31,24.2,18.0,32.5,,,,5.6,,1014.4,
11139,Bangalore,Ramanagara,Coconut,Grade-I,FAQ,8000,16000,12100,2020-08-11,2020-08-11,23.3,19.4,28.0,0.0,,,14.3,,1011.0,
11140,Bangalore,Ramanagara,Coconut,Grade-I,FAQ,8000,16000,12200,2020-10-04,2020-10-04,22.5,18.5,28.6,11.7,,,13.4,,1012.6,
11141,Bangalore,Ramanagara,Coconut,Grade-I,FAQ,8000,16000,12200,2020-09-19,2020-09-19,22.6,19.5,29.4,0.0,,,15.9,,1008.1,
11142,Bangalore,Ramanagara,Coconut,Grade-I,FAQ,8000,16000,12200,2020-09-23,2020-09-23,23.0,17.4,28.0,0.0,,,14.3,,1010.9,
11143,Bangalore,Ramanagara,Coconut,Grade-I,FAQ,8000,16000,12200,2020-10-25,2020-10-25,23.5,19.0,30.0,0.0,,,3.7,,1013.6,
11144,Bangalore,Ramanagara,Coconut,Grade-I,FAQ,8000,16000,12400,2020-10-11,2020-10-11,21.7,19.4,28.2,25.9,,,10.9,,1009.4,
11145,Bangalore,Ramanagara,Coconut,Grade-I,FAQ,8000,16000,12500,2020-05-14,2020-05-14,28.6,22.0,34.5,,,,7.0,,1010.3,
11146,Bangalore,Ramanagara,Coconut,Grade-I,FAQ,8000,16000,13000,2020-04-24,2020-04-24,28.6,25.6,32.0,23.1,,,4.1,,1010.9,
11147,Bangalore,Ramanagara,Coconut,Grade-I,FAQ,8000,16100,11800,2021-07-01,2021-07-01,25.8,20.9,32.2,21.1,,,9.3,,1009.7,
11148,Bangalore,Ramanagara,Coconut,Grade-I,FAQ,8000,16100,12000,2021-07-07,2021-07-07,25.2,21.3,29.0,0.0,,,5.9,,1008.8,
11149,Bangalore,Ramanagara,Coconut,Grade-I,FAQ,8000,16200,10800,2021-07-31,2021-07-31,24.0,18.4,29.4,0.7,,,18.0,,1012.9,
11150,Bangalore,Ramanagara,Coconut,Grade-I,FAQ,8000,16200,11000,2021-06-14,2021-06-14,23.1,19.0,28.7,1.8,,,24.4,,1009.2,
11151,Bangalore,Ramanagara,Coconut,Grade-I,FAQ,8000,16200,11600,2020-08-24,2020-08-24,24.5,19.7,28.9,14.5,,,5.8,,1012.0,
11152,Bangalore,Ramanagara,Coconut,Grade-I,FAQ,8000,16200,13000,2020-05-11,2020-05-11,27.9,22.0,35.0,,,,5.8,,1012.3,
11153,Bangalore,Ramanagara,Coconut,Grade-I,FAQ,8000,16300,12500,2020-05-16,2020-05-16,28.0,22.5,34.8,,,,5.3,,1009.3,
11154,Bangalore,Ramanagara,Coconut,Grade-I,FAQ,8000,16400,11000,2021-06-29,2021-06-29,26.1,19.0,33.1,0.0,,,8.6,,1008.4,
11155,Bangalore,Ramanagara,Coconut,Grade-I,FAQ,8000,16400,12000,2020-05-08,2020-05-08,28.1,22.0,34.0,,,,3.7,,1011.4,
11156,Bangalore,Ramanagara,Coconut,Grade-I,FAQ,8000,16400,12100,2020-09-25,2020-09-25,23.8,19.7,30.0,0.3,,,12.4,,1012.0,
11157,Bangalore,Ramanagara,Coconut,Grade-I,FAQ,8000,16400,12200,2020-03-20,2020-03-20,23.8,21.8,34.4,,,,7.2,,1014.6,
11158,Bangalore,Ramanagara,Coconut,Grade-I,FAQ,8000,16400,12500,2024-06-21,2024-06-21,24.8,21.0,29.0,5.4,,,17.8,,1011.5,
11159,Bangalore,Ramanagara,Coconut,Grade-I,FAQ,8000,16400,13000,2020-03-12,2020-03-12,26.2,19.8,33.0,,,,6.6,,1015.2,
11160,Bangalore,Ramanagara,Coconut,Grade-I,FAQ,8000,16500,12600,2020-10-24,2020-10-24,22.7,16.0,28.4,6.1,,,4.0,,1012.5,
11161,Bangalore,Ramanagara,Coconut,Grade-I,FAQ,8000,16600,12100,2020-05-13,2020-05-13,28.1,20.8,33.7,,,,5.2,,1011.2,
11162,Bangalore,Ramanagara,Coconut,Grade-I,FAQ,8000,16600,12500,2020-10-22,2020-10-22,22.2,19.5,27.0,4.6,,,7.8,,1010.5,
11163,Bangalore,Ramanagara,Coconut,Grade-I,FAQ,8000,16800,12400,2020-03-19,2020-03-19,27.7,20.0,34.3,,,,4.8,,1014.8,
11164,Bangalore,Ramanagara,Coconut,Grade-I,FAQ,8000,16800,12400,2020-02-21,2020-02-21,22.9,15.5,31.5,,,,9.6,,1017.5,
11165,Bangalore,Ramanagara,Coconut,Grade-I,FAQ,8000,16800,12400,2020-10-28,2020-10-28,22.8,18.3,29.0,,,,3.7,,1012.4,
11166,Bangalore,Ramanagara,Coconut,Grade-I,FAQ,8000,16800,12400,2020-03-30,2020-03-30,26.9,21.0,34.8,,,,7.7,,1013.0,
11167,Bangalore,Ramanagara,Coconut,Grade-I,FAQ,8000,16800,12500,2020-03-13,2020-03-13,25.9,20.0,33.4,,,,7.0,,1015.4,
11168,Bangalore,Ramanagara,Coconut,Grade-I,FAQ,8000,16800,12800,2024-05-01,2024-05-01,31.3,25.0,39.0,0.0,,,11.5,,1011.6,
11169,Bangalore,Ramanagara,Coconut,Grade-I,FAQ,8000,16800,13000,2020-03-05,2020-03-05,26.5,20.4,31.7,0.0,,,6.4,,1012.9,
11170,Bangalore,Ramanagara,Coconut,Grade-I,FAQ,8000,16800,13000,2020-05-06,2020-05-06,27.8,22.4,35.0,,,,5.4,,1011.0,
11171,Bangalore,Ramanagara,Coconut,Grade-I,FAQ,8000,16800,13000,2020-03-09,2020-03-09,26.1,20.8,31.0,,,,6.1,,1013.3,
11172,Bangalore,Ramanagara,Coconut,Grade-I,FAQ,8000,16800,13000,2020-05-10,2020-05-10,28.6,22.4,35.2,0.0,,,7.6,,1011.8,
11173,Bangalore,Ramanagara,Coconut,Grade-I,FAQ,8000,16900,12400,2020-10-27,2020-10-27,23.4,18.7,29.3,0.0,,,2.4,,1013.4,
11174,Bangalore,Ramanagara,Coconut,Grade-I,FAQ,8000,17000,12400,2020-10-15,2020-10-15,22.9,17.8,26.8,0.0,,,13.6,,1008.8,
11175,Bangalore,Ramanagara,Coconut,Grade-I,FAQ,8000,17000,12500,2020-10-07,2020-10-07,24.7,20.6,30.6,,,,7.8,,1011.6,
11176,Bangalore,Ramanagara,Coconut,Grade-I,FAQ,8000,17000,12500,2020-10-08,2020-10-08,25.9,20.0,31.4,,,,3.6,,1011.2,
11177,Bangalore,Ramanagara,Coconut,Grade-I,FAQ,8000,17000,12500,2020-02-15,2020-02-15,23.7,17.8,30.7,,,,4.8,,1015.7,
11178,Bangalore,Ramanagara,Coconut,Grade-I,FAQ,8000,17000,12500,2020-10-30,2020-10-30,22.1,17.4,28.5,0.0,,,3.9,,1011.8,
11179,Bangalore,Ramanagara,Coconut,Grade-I,FAQ,8000,17000,12600,2020-02-24,2020-02-24,22.7,17.4,30.0,,,,8.9,,1015.8,
11180,Bangalore,Ramanagara,Coconut,Grade-I,FAQ,8000,17000,12800,2020-10-13,2020-10-13,21.7,20.0,24.8,0.0,,,16.6,,1006.7,
11181,Bangalore,Ramanagara,Coconut,Grade-I,FAQ,8000,17000,13000,2020-03-03,2020-03-03,25.4,18.6,32.0,0.0,,,3.6,,1014.6,
11182,Bangalore,Ramanagara,Coconut,Grade-I,FAQ,8000,17000,13000,2020-05-04,2020-05-04,28.7,23.8,34.2,,,,3.1,,1011.8,
11183,Bangalore,Ramanagara,Coconut,Grade-I,FAQ,8000,17000,13000,2020-02-08,2020-02-08,23.7,17.6,30.0,,,,5.4,,1016.4,
11184,Bangalore,Ramanagara,Coconut,Grade-I,FAQ,8000,17000,13000,2020-03-10,2020-03-10,26.4,20.9,33.0,,,,6.6,,1012.5,
11185,Bangalore,Ramanagara,Coconut,Grade-I,FAQ,8000,17000,13000,2020-02-13,2020-02-13,23.6,17.9,29.4,,,,8.4,,1017.7,
11186,Bangalore,Ramanagara,Coconut,Grade-I,FAQ,8000,17000,13000,2020-02-19,2020-02-19,22.7,16.0,31.0,,,,7.2,,1016.6,
11187,Bangalore,Ramanagara,Coconut,Grade-I,FAQ,8000,17000,13000,2020-02-22,2020-02-22,23.3,17.2,31.2,,,,10.6,,1018.1,
11188,Bangalore,Ramanagara,Coconut,Grade-I,FAQ,8000,17000,13000,2020-02-25,2020-02-25,24.3,17.4,32.0,,,,7.1,,1014.3,
11189,Bangalore,Ramanagara,Coconut,Grade-I,FAQ,8000,17000,13000,2020-02-28,2020-02-28,23.9,18.2,30.8,,,,9.8,,1014.0,
11190,Bangalore,Ramanagara,Coconut,Grade-I,FAQ,8000,17000,13500,2020-02-20,2020-02-20,22.7,15.5,30.7,,,,9.0,,1016.3,
11191,Bangalore,Ramanagara,Coconut,Grade-I,FAQ,8000,17000,14000,2020-02-26,2020-02-26,24.5,18.0,32.1,,,,7.5,,1014.1,
11192,Bangalore,Ramanagara,Coconut,Grade-I,FAQ,8000,17200,12900,2020-11-06,2020-11-06,24.2,19.4,29.4,22.9,,,8.4,,1016.4,
11193,Bangalore,Ramanagara,Coconut,Grade-I,FAQ,8000,17200,12900,2020-11-09,2020-11-09,22.4,19.7,27.1,0.0,,,5.0,,1016.2,
11194,Bangalore,Ramanagara,Coconut,Grade-I,FAQ,8000,17200,13000,2020-11-01,2020-11-01,23.9,18.4,29.3,0.0,,,2.8,,1014.7,
11195,Bangalore,Ramanagara,Coconut,Grade-I,FAQ,8000,17200,13000,2020-02-29,2020-02-29,24.4,18.7,31.0,,,,8.4,,1013.7,
11196,Bangalore,Ramanagara,Coconut,Grade-I,FAQ,8000,17200,13100,2020-10-17,2020-10-17,23.4,19.0,29.0,,,,2.8,,1010.1,
11197,Bangalore,Ramanagara,Coconut,Grade-I,FAQ,8000,17200,13100,2020-10-21,2020-10-21,22.4,19.0,26.2,49.3,,,2.8,,1010.6,
11198,Bangalore,Ramanagara,Coconut,Grade-I,FAQ,8000,17800,13000,2020-11-19,2020-11-19,22.7,18.4,28.1,0.0,,,9.4,,1014.4,
11199,Bangalore,Ramanagara,Coconut,Grade-I,FAQ,8000,17800,14000,2020-03-07,2020-03-07,25.4,21.4,33.2,3.6,,,6.9,,1014.8,
11200,Bangalore,Ramanagara,Coconut,Grade-I,FAQ,8000,18000,12500,2020-11-16,2020-11-16,21.8,19.4,26.0,10.7,,,5.1,,1014.3,
11201,Bangalore,Ramanagara,Coconut,Grade-I,FAQ,8000,18000,12800,2020-10-06,2020-10-06,25.1,18.7,31.0,0.0,,,4.3,,1011.2,
11202,Bangalore,Ramanagara,Coconut,Grade-I,FAQ,8000,18000,12800,2024-03-30,2024-03-30,29.3,23.0,37.0,0.0,,,9.7,,1017.3,
11203,Bangalore,Ramanagara,Coconut,Grade-I,FAQ,8000,18000,12900,2020-10-02,2020-10-02,24.3,20.0,28.7,0.0,,,5.2,,1010.8,
11204,Bangalore,Ramanagara,Coconut,Grade-I,FAQ,8000,18000,13000,2020-03-02,2020-03-02,23.8,19.5,31.6,,,,4.4,,1014.6,
11205,Bangalore,Ramanagara,Coconut,Grade-I,FAQ,8000,18000,13000,2020-02-11,2020-02-11,22.5,15.6,29.5,,,,13.9,,1017.0,
11206,Bangalore,Ramanagara,Coconut,Grade-I,FAQ,8000,18000,13000,2020-11-13,2020-11-13,21.7,19.5,28.0,0.0,,,5.4,,1015.0,
11207,Bangalore,Ramanagara,Coconut,Grade-I,FAQ,8000,18000,14000,2020-10-01,2020-10-01,23.2,18.5,27.3,0.0,,,8.2,,1010.9,
11208,Bangalore,Ramanagara,Coconut,Grade-I,FAQ,8000,18000,14000,2020-03-04,2020-03-04,25.9,21.6,32.4,0.0,,,3.7,,1014.1,
11209,Bangalore,Ramanagara,Coconut,Grade-I,FAQ,8000,18000,14000,2020-02-12,2020-02-12,22.6,15.6,29.8,,,,10.0,,1018.4,
11210,Bangalore,Ramanagara,Coconut,Grade-I,FAQ,8000,19800,16000,2021-04-21,2021-04-21,26.8,20.7,34.0,0.0,,,7.1,,1012.9,
11211,Bangalore,Ramanagara,Coconut,Grade-I,FAQ,8100,16200,12000,2021-07-03,2021-07-03,25.8,19.9,31.0,15.0,,,9.8,,1010.9,
11212,Bangalore,Ramanagara,Coconut,Grade-I,FAQ,8100,17600,12800,2020-11-05,2020-11-05,23.5,19.6,29.4,,,,4.6,,1015.2,
11213,Bangalore,Ramanagara,Coconut,Grade-I,FAQ,8100,19400,15000,2024-11-15,2024-11-15,23.8,21.0,28.0,8.6,,,10.8,,1016.6,
11214,Bangalore,Ramanagara,Coconut,Grade-I,FAQ,8100,21400,16800,2024-11-06,2024-11-06,24.3,19.0,29.0,0.0,,,7.9,,1017.0,
11215,Bangalore,Ramanagara,Coconut,Grade-I,FAQ,8200,15200,12200,2024-05-22,2024-05-22,26.4,24.0,31.8,0.0,,,10.3,,1008.9,
11216,Bangalore,Ramanagara,Coconut,Grade-I,FAQ,8200,15400,11400,2020-06-02,2020-06-02,24.5,20.5,31.2,3.3,,,8.4,,1011.8,
11217,Bangalore,Ramanagara,Coconut,Grade-I,FAQ,8200,15800,11500,2021-06-30,2021-06-30,26.7,21.0,32.0,1.8,,,6.5,,1010.4,
11218,Bangalore,Ramanagara,Coconut,Grade-I,FAQ,8200,16000,11900,2020-10-10,2020-10-10,23.2,17.4,29.6,33.0,,,7.0,,1010.8,
11219,Bangalore,Ramanagara,Coconut,Grade-I,FAQ,8200,16300,10800,2023-11-08,2023-11-08,23.9,18.8,28.0,3.0,,,10.7,,1017.2,
11220,Bangalore,Ramanagara,Coconut,Grade-I,FAQ,8200,16500,12400,2024-01-17,2024-01-17,21.9,17.0,29.3,0.0,,,7.8,,1015.5,
11221,Bangalore,Ramanagara,Coconut,Grade-I,FAQ,8200,16600,12900,2024-08-30,2024-08-30,23.4,20.4,28.0,26.9,,,16.7,,1007.5,
11222,Bangalore,Ramanagara,Coconut,Grade-I,FAQ,8200,16800,13000,2020-10-16,2020-10-16,24.1,17.8,29.0,0.0,,,10.8,,1009.0,
11223,Bangalore,Ramanagara,Coconut,Grade-I,FAQ,8200,17000,13500,2020-10-19,2020-10-19,23.3,19.8,27.4,39.6,,,4.0,,1010.1,
11224,Bangalore,Ramanagara,Coconut,Grade-I,FAQ,8200,17200,12200,2020-10-29,2020-10-29,21.7,18.0,28.2,,,,5.1,,1011.7,
11225,Bangalore,Ramanagara,Coconut,Grade-I,FAQ,8200,17200,12400,2024-05-08,2024-05-08,26.3,23.0,34.3,0.0,,,8.0,,1011.9,
11226,Bangalore,Ramanagara,Coconut,Grade-I,FAQ,8200,17400,12800,2020-10-03,2020-10-03,23.8,19.8,30.2,0.5,,,10.1,,1011.4,
11227,Bangalore,Ramanagara,Coconut,Grade-I,FAQ,8200,18000,12900,2020-11-04,2020-11-04,23.9,18.6,29.6,,,,3.0,,1014.9,
11228,Bangalore,Ramanagara,Coconut,Grade-I,FAQ,8200,18000,13000,2020-11-10,2020-11-10,20.5,16.8,28.4,,,,2.5,,1014.3,
11229,Bangalore,Ramanagara,Coconut,Grade-I,FAQ,8200,18500,12500,2024-09-18,2024-09-18,25.4,20.6,31.0,0.0,,,12.4,,1012.0,
11230,Bangalore,Ramanagara,Coconut,Grade-I,FAQ,8200,18900,13700,2024-04-17,2024-04-17,31.8,25.6,37.5,0.0,,,4.0,,1008.1,
11231,Bangalore,Ramanagara,Coconut,Grade-I,FAQ,8300,15500,11600,2021-07-02,2021-07-02,26.2,20.4,31.0,0.0,,,13.0,,1010.3,
11232,Bangalore,Ramanagara,Coconut,Grade-I,FAQ,8400,16800,12400,2024-07-10,2024-07-10,24.5,19.8,31.0,2.1,,,14.1,,1013.8,
11233,Bangalore,Ramanagara,Coconut,Grade-I,FAQ,8400,16800,12400,2024-05-15,2024-05-15,27.0,21.6,32.0,0.0,,,9.9,,1014.3,
11234,Bangalore,Ramanagara,Coconut,Grade-I,FAQ,8400,16800,12500,2024-08-28,2024-08-28,23.9,21.6,27.0,,,,17.6,,1009.4,
11235,Bangalore,Ramanagara,Coconut,Grade-I,FAQ,8400,16800,13000,2020-10-09,2020-10-09,23.7,20.6,31.4,0.0,,,5.4,,1011.5,
11236,Bangalore,Ramanagara,Coconut,Grade-I,FAQ,8400,17000,12500,2020-10-14,2020-10-14,22.3,19.0,26.0,0.3,,,21.0,,1008.0,
11237,Bangalore,Ramanagara,Coconut,Grade-I,FAQ,8400,18300,14400,2024-02-14,2024-02-14,23.4,16.7,30.8,0.0,,,15.2,,1019.2,
11238,Bangalore,Ramanagara,Coconut,Grade-I,FAQ,8400,20400,15000,2024-11-13,2024-11-13,24.1,21.2,27.0,4.3,,,11.8,,1014.5,
11239,Bangalore,Ramanagara,Coconut,Grade-I,FAQ,8400,20900,16700,2024-11-09,2024-11-09,24.6,20.4,29.0,0.0,,,9.5,,1016.9,
11240,Bangalore,Ramanagara,Coconut,Grade-I,FAQ,8500,17500,12800,2020-11-11,2020-11-11,22.2,15.2,27.4,,,,3.6,,1014.3,
11241,Bangalore,Ramanagara,Coconut,Grade-I,FAQ,8500,17500,13000,2020-11-17,2020-11-17,22.3,18.3,26.2,17.3,,,11.4,,1013.8,
11242,Bangalore,Ramanagara,Coconut,Grade-I,FAQ,8500,17600,13300,2024-09-20,2024-09-20,25.9,21.2,31.0,0.0,,,10.2,,1011.7,
11243,Bangalore,Ramanagara,Coconut,Grade-I,FAQ,8500,18500,16600,2024-02-26,2024-02-26,23.6,17.4,29.3,0.0,,,19.8,,1017.0,
11244,Bangalore,Ramanagara,Coconut,Grade-I,FAQ,8600,14800,11200,2024-07-20,2024-07-20,23.9,21.0,27.0,1.0,,,23.7,,1010.0,
11245,Bangalore,Ramanagara,Coconut,Grade-I,FAQ,8800,15800,10800,2023-11-22,2023-11-22,23.3,19.6,28.4,4.5,,,7.8,,1015.9,
11246,Bangalore,Ramanagara,Coconut,Grade-I,FAQ,8800,16200,12500,2023-05-17,2023-05-17,28.9,22.0,34.4,3.0,,,6.3,,1014.2,
11247,Bangalore,Ramanagara,Coconut,Grade-I,FAQ,8800,16200,12900,2023-12-06,2023-12-06,22.8,17.6,29.3,0.0,,,3.6,,1014.5,
11248,Bangalore,Ramanagara,Coconut,Grade-I,FAQ,8800,16800,15100,2023-05-12,2023-05-12,25.2,19.4,32.4,17.0,,,11.6,,1011.4,
11249,Bangalore,Ramanagara,Coconut,Grade-I,FAQ,8900,17800,12800,2024-03-14,2024-03-14,27.8,22.4,34.0,0.0,,,8.0,,1016.8,
11250,Bangalore,Ramanagara,Coconut,Grade-I,FAQ,8900,18000,13500,2020-11-18,2020-11-18,22.4,17.5,28.1,0.0,,,8.5,,1014.2,
11251,Bangalore,Ramanagara,Coconut,Grade-I,FAQ,9000,12000,11000,2019-11-25,2019-11-25,22.3,19.0,27.0,,,,9.4,,1014.9,
11252,Bangalore,Ramanagara,Coconut,Grade-I,FAQ,9000,13000,11000,2019-08-20,2019-08-20,23.4,21.3,27.3,0.0,,,6.9,,1011.8,
11253,Bangalore,Ramanagara,Coconut,Grade-I,FAQ,9000,14000,11500,2019-08-15,2019-08-15,23.3,20.6,28.8,5.1,,,13.0,,1012.2,
11254,Bangalore,Ramanagara,Coconut,Grade-I,FAQ,9000,14000,11500,2019-08-22,2019-08-22,23.0,21.0,28.2,0.0,,,8.4,,1011.1,
11255,Bangalore,Ramanagara,Coconut,Grade-I,FAQ,9000,15000,12000,2019-11-20,2019-11-20,22.6,20.0,29.6,,,,8.6,,1014.6,
11256,Bangalore,Ramanagara,Coconut,Grade-I,FAQ,9000,15000,12500,2019-11-12,2019-11-12,22.2,18.6,28.8,,,,9.6,,1014.4,
11257,Bangalore,Ramanagara,Coconut,Grade-I,FAQ,9000,15000,13000,2020-05-15,2020-05-15,29.1,22.6,34.8,0.0,,,4.0,,1009.2,
11258,Bangalore,Ramanagara,Coconut,Grade-I,FAQ,9000,16000,13000,2020-04-22,2020-04-22,29.9,24.3,35.0,,,,5.3,,1011.6,
11259,Bangalore,Ramanagara,Coconut,Grade-I,FAQ,9000,16000,13000,2020-04-25,2020-04-25,27.3,24.0,32.0,0.0,,,7.5,,1011.6,
11260,Bangalore,Ramanagara,Coconut,Grade-I,FAQ,9000,16000,13000,2020-01-28,2020-01-28,23.4,17.9,31.4,,,,5.8,,1015.7,
11261,Bangalore,Ramanagara,Coconut,Grade-I,FAQ,9000,16000,13000,2020-01-30,2020-01-30,24.3,18.0,31.8,,,,2.7,,1015.7,
11262,Bangalore,Ramanagara,Coconut,Grade-I,FAQ,9000,16200,12500,2020-03-18,2020-03-18,26.5,18.0,33.0,,,,8.6,,1015.7,
11263,Bangalore,Ramanagara,Coconut,Grade-I,FAQ,9000,16200,13000,2020-05-07,2020-05-07,26.7,23.0,33.4,,,,5.0,,1010.7,
11264,Bangalore,Ramanagara,Coconut,Grade-I,FAQ,9000,16400,13000,2020-04-29,2020-04-29,23.8,18.4,34.0,89.2,,,4.1,,1012.9,
11265,Bangalore,Ramanagara,Coconut,Grade-I,FAQ,9000,16600,12800,2020-05-05,2020-05-05,29.4,22.8,35.0,,,,4.9,,1011.2,
11266,Bangalore,Ramanagara,Coconut,Grade-I,FAQ,9000,17000,13000,2020-03-24,2020-03-24,27.0,21.0,33.0,5.1,,,6.3,,1012.1,
11267,Bangalore,Ramanagara,Coconut,Grade-I,FAQ,9000,17000,14000,2020-05-01,2020-05-01,28.0,21.7,33.2,0.0,,,3.7,,1011.4,
11268,Bangalore,Ramanagara,Coconut,Grade-I,FAQ,9000,17600,13500,2020-09-30,2020-09-30,22.6,18.2,28.0,51.6,,,7.9,,1010.6,
11269,Bangalore,Ramanagara,Coconut,Grade-I,FAQ,9000,18000,13000,2020-10-05,2020-10-05,23.2,17.7,29.0,0.0,,,9.6,,1011.9,
11270,Bangalore,Ramanagara,Coconut,Grade-I,FAQ,9000,18000,13500,2020-11-12,2020-11-12,23.9,19.4,28.0,,,,14.1,,1014.8,
11271,Bangalore,Ramanagara,Coconut,Grade-I,FAQ,9000,18000,13500,2020-02-14,2020-02-14,23.6,17.0,31.2,,,,3.8,,1016.1,
11272,Bangalore,Ramanagara,Coconut,Grade-I,FAQ,9000,18000,13500,2020-02-18,2020-02-18,22.9,16.0,31.1,,,,7.5,,1017.2,
11273,Bangalore,Ramanagara,Coconut,Grade-I,FAQ,9000,18000,14000,2020-02-05,2020-02-05,23.0,17.3,28.6,,,,7.0,,1016.0,
11274,Bangalore,Ramanagara,Coconut,Grade-I,FAQ,9000,19000,14000,2020-11-20,2020-11-20,21.8,17.5,27.7,,,,8.8,,1015.3,
11275,Bangalore,Ramanagara,Coconut,Grade-I,FAQ,9000,19000,14000,2020-11-30,2020-11-30,22.1,18.2,27.0,0.0,,,6.1,,1016.4,
11276,Bangalore,Ramanagara,Coconut,Grade-I,FAQ,9000,19000,14050,2020-11-27,2020-11-27,19.8,16.6,22.0,25.9,,,8.1,,1013.5,
11277,Bangalore,Ramanagara,Coconut,Grade-I,FAQ,9000,19000,14500,2020-11-25,2020-11-25,20.8,17.4,26.5,,,,8.6,,1012.6,
11278,Bangalore,Ramanagara,Coconut,Grade-I,FAQ,9000,19800,14000,2021-04-08,2021-04-08,27.1,19.5,35.0,0.0,,,8.5,,1012.4,
11279,Bangalore,Ramanagara,Coconut,Grade-I,FAQ,9000,19800,14800,2021-02-16,2021-02-16,22.9,16.0,31.0,0.0,,,3.5,,1014.5,
11280,Bangalore,Ramanagara,Coconut,Grade-I,FAQ,9000,19900,14800,2021-02-17,2021-02-17,22.7,15.7,30.6,0.0,,,5.4,,1014.1,
11281,Bangalore,Ramanagara,Coconut,Grade-I,FAQ,9000,20400,15300,2021-02-26,2021-02-26,25.2,17.4,33.0,0.0,,,4.0,,1013.7,
11282,Bangalore,Ramanagara,Coconut,Grade-I,FAQ,9000,20800,15500,2021-03-05,2021-03-05,23.1,14.4,31.2,0.0,,,5.0,,1016.0,
11283,Bangalore,Ramanagara,Coconut,Grade-I,FAQ,9000,21000,15400,2021-03-02,2021-03-02,25.2,17.1,32.6,0.0,,,6.9,,1016.1,
11284,Bangalore,Ramanagara,Coconut,Grade-I,FAQ,9000,21000,16200,2021-02-22,2021-02-22,22.3,17.0,26.8,2.3,,,10.5,,1016.9,
11285,Bangalore,Ramanagara,Coconut,Grade-I,FAQ,9000,21500,16000,2024-10-26,2024-10-26,24.7,20.4,29.0,0.0,,,6.1,,1014.2,
11286,Bangalore,Ramanagara,Coconut,Grade-I,FAQ,9000,21800,16600,2024-10-29,2024-10-29,25.7,21.0,30.0,0.3,,,7.7,,1013.2,
11287,Bangalore,Ramanagara,Coconut,Grade-I,FAQ,9200,16800,11200,2021-08-10,2021-08-10,24.1,20.0,30.5,1.3,,,13.9,,1012.4,
11288,Bangalore,Ramanagara,Coconut,Grade-I,FAQ,9200,16800,14000,2020-04-30,2020-04-30,27.0,20.4,34.0,2.8,,,3.1,,1012.3,
11289,Bangalore,Ramanagara,Coconut,Grade-I,FAQ,9200,18000,15000,2024-03-29,2024-03-29,30.0,24.0,36.0,0.0,,,9.5,,1016.5,
11290,Bangalore,Ramanagara,Coconut,Grade-I,FAQ,9200,20300,15200,2021-02-25,2021-02-25,24.5,16.8,32.0,0.0,,,5.6,,1014.7,
11291,Bangalore,Ramanagara,Coconut,Grade-I,FAQ,9200,20800,15200,2021-02-23,2021-02-23,23.3,16.0,30.0,0.0,,,6.1,,1015.6,
11292,Bangalore,Ramanagara,Coconut,Grade-I,FAQ,9200,20800,15400,2021-03-03,2021-03-03,24.5,16.7,32.0,0.0,,,11.3,,1015.2,
11293,Bangalore,Ramanagara,Coconut,Grade-I,FAQ,9200,22000,15800,2024-10-25,2024-10-25,25.0,22.0,30.0,0.0,,,6.0,,1014.7,
11294,Bangalore,Ramanagara,Coconut,Grade-I,FAQ,9200,23500,18500,2024-10-23,2024-10-23,25.2,21.6,31.0,23.7,,,5.4,,1014.6,
11295,Bangalore,Ramanagara,Coconut,Grade-I,FAQ,9400,20400,15000,2021-03-06,2021-03-06,24.9,16.4,32.0,0.0,,,4.4,,1016.0,
11296,Bangalore,Ramanagara,Coconut,Grade-I,FAQ,9400,20400,15200,2021-02-01,2021-02-01,21.8,17.0,29.0,0.0,,,6.5,,1017.8,
11297,Bangalore,Ramanagara,Coconut,Grade-I,FAQ,9500,12500,11500,2019-11-26,2019-11-26,21.4,16.6,27.0,,,,11.0,,1014.4,
11298,Bangalore,Ramanagara,Coconut,Grade-I,FAQ,9500,20600,16000,2021-03-08,2021-03-08,24.9,17.4,33.2,0.0,,,7.5,,1015.4,
11299,Bangalore,Ramanagara,Coconut,Grade-I,FAQ,9500,21800,17000,2021-03-26,2021-03-26,27.4,21.2,35.0,0.0,,,12.4,,1012.1,
11300,Bangalore,Ramanagara,Coconut,Grade-I,FAQ,9500,22400,18500,2024-10-24,2024-10-24,24.1,20.8,29.0,5.2,,,4.9,,1015.4,
11301,Bangalore,Ramanagara,Coconut,Grade-I,FAQ,9600,20400,15200,2021-03-01,2021-03-01,25.1,17.1,33.0,0.0,,,5.0,,1015.5,
11302,Bangalore,Ramanagara,Coconut,Grade-I,FAQ,9800,20200,15000,2021-01-28,2021-01-28,20.7,13.2,29.0,0.0,,,7.8,,1016.2,
11303,Bangalore,Ramanagara,Coconut,Grade-I,FAQ,9800,20200,15100,2021-02-13,2021-02-13,21.8,15.0,30.0,0.0,,,4.6,,1016.2,
11304,Bangalore,Ramanagara,Coconut,Grade-I,FAQ,9800,20400,15400,2021-01-18,2021-01-18,20.2,13.2,29.0,0.0,,,7.9,,1014.8,
11305,Bangalore,Ramanagara,Coconut,Grade-I,FAQ,9800,20600,15500,2021-02-20,2021-02-20,21.4,18.9,27.0,4.2,,,8.7,,1015.0,
11306,Bangalore,Ramanagara,Coconut,Grade-I,FAQ,9800,22000,16500,2021-03-09,2021-03-09,23.7,15.2,32.0,0.0,,,9.9,,1015.8,
11307,Bangalore,Ramanagara,Coconut,Grade-I,FAQ,9800,22800,13800,2024-10-14,2024-10-14,23.4,21.2,26.0,22.3,,,6.8,,1014.0,
11308,Bangalore,Ramanagara,Coconut,Grade-I,FAQ,9900,20500,15400,2021-02-05,2021-02-05,20.7,13.0,28.2,0.0,,,6.4,,1016.5,
11309,Bangalore,Ramanagara,Coconut,Grade-I,FAQ,10000,14000,12000,2019-11-28,2019-11-28,22.2,19.0,28.0,0.5,,,11.8,,1015.1,
11310,Bangalore,Ramanagara,Coconut,Grade-I,FAQ,10000,15200,12600,2019-11-23,2019-11-23,22.8,17.3,28.2,0.0,,,8.2,,1015.3,
11311,Bangalore,Ramanagara,Coconut,Grade-I,FAQ,10000,16000,13000,2020-04-02,2020-04-02,29.5,22.9,35.0,,,,8.0,,1012.0,
11312,Bangalore,Ramanagara,Coconut,Grade-I,FAQ,10000,16000,13000,2020-03-11,2020-03-11,25.7,21.0,33.0,,,,6.0,,1014.2,
11313,Bangalore,Ramanagara,Coconut,Grade-I,FAQ,10000,16000,13000,2019-11-16,2019-11-16,23.1,20.0,26.4,0.8,,,8.8,,1015.2,
11314,Bangalore,Ramanagara,Coconut,Grade-I,FAQ,10000,16000,13000,2019-11-18,2019-11-18,23.6,20.1,28.8,,,,10.3,,1015.5,
11315,Bangalore,Ramanagara,Coconut,Grade-I,FAQ,10000,16000,13000,2020-03-21,2020-03-21,27.1,20.9,33.9,1.0,,,4.4,,1014.2,
11316,Bangalore,Ramanagara,Coconut,Grade-I,FAQ,10000,16000,13000,2019-11-21,2019-11-21,22.6,19.8,26.8,2.5,,,9.0,,1015.5,
11317,Bangalore,Ramanagara,Coconut,Grade-I,FAQ,10000,16000,13000,2020-01-22,2020-01-22,21.6,14.5,29.2,,,,12.3,,1018.3,
11318,Bangalore,Ramanagara,Coconut,Grade-I,FAQ,10000,16000,13000,2019-11-22,2019-11-22,22.2,19.4,25.8,0.0,,,8.8,,1016.2,
11319,Bangalore,Ramanagara,Coconut,Grade-I,FAQ,10000,16000,13000,2020-01-24,2020-01-24,21.4,15.0,29.3,,,,8.1,,1017.1,
11320,Bangalore,Ramanagara,Coconut,Grade-I,FAQ,10000,16000,13000,2024-01-25,2024-01-25,22.7,17.4,29.3,0.0,,,8.8,,1019.1,
11321,Bangalore,Ramanagara,Coconut,Grade-I,FAQ,10000,16000,13000,2020-03-27,2020-03-27,25.3,18.6,33.7,,,,9.1,,1014.3,
11322,Bangalore,Ramanagara,Coconut,Grade-I,FAQ,10000,16000,13000,2020-03-31,2020-03-31,28.6,21.0,35.0,,,,8.6,,1013.8,
11323,Bangalore,Ramanagara,Coconut,Grade-I,FAQ,10000,16400,13200,2020-03-16,2020-03-16,26.0,19.5,33.0,,,,9.5,,1015.3,
11324,Bangalore,Ramanagara,Coconut,Grade-I,FAQ,10000,16600,13400,2020-03-14,2020-03-14,25.0,18.9,33.0,,,,4.9,,1014.4,
11325,Bangalore,Ramanagara,Coconut,Grade-I,FAQ,10000,17000,13500,2020-03-23,2020-03-23,25.4,23.0,33.0,0.0,,,5.4,,1013.9,
11326,Bangalore,Ramanagara,Coconut,Grade-I,FAQ,10000,17000,13500,2020-01-27,2020-01-27,23.3,16.4,31.6,,,,5.6,,1015.3,
11327,Bangalore,Ramanagara,Coconut,Grade-I,FAQ,10000,17000,14000,2020-05-02,2020-05-02,27.8,22.6,34.0,,,,4.0,,1007.7,
11328,Bangalore,Ramanagara,Coconut,Grade-I,FAQ,10000,17000,14000,2020-02-06,2020-02-06,23.2,16.6,29.8,,,,4.4,,1015.8,
11329,Bangalore,Ramanagara,Coconut,Grade-I,FAQ,10000,17000,14000,2020-03-17,2020-03-17,26.1,18.6,33.0,,,,12.5,,1016.5,
11330,Bangalore,Ramanagara,Coconut,Grade-I,FAQ,10000,17000,14000,2020-04-18,2020-04-18,29.5,24.0,35.0,,,,5.6,,1012.3,
11331,Bangalore,Ramanagara,Coconut,Grade-I,FAQ,10000,17000,14000,2020-04-21,2020-04-21,29.4,23.9,35.0,,,,5.5,,1012.3,
11332,Bangalore,Ramanagara,Coconut,Grade-I,FAQ,10000,17000,14000,2020-04-23,2020-04-23,30.3,24.6,36.0,,,,4.1,,1009.8,
11333,Bangalore,Ramanagara,Coconut,Grade-I,FAQ,10000,17000,14000,2020-03-26,2020-03-26,26.2,19.2,34.0,,,,8.3,,1012.5,
11334,Bangalore,Ramanagara,Coconut,Grade-I,FAQ,10000,18000,13900,2020-11-22,2020-11-22,21.3,14.1,28.2,,,,5.4,,1016.2,
11335,Bangalore,Ramanagara,Coconut,Grade-I,FAQ,10000,18000,14000,2020-02-01,2020-02-01,22.7,19.0,31.4,,,,9.1,,1015.2,
11336,Bangalore,Ramanagara,Coconut,Grade-I,FAQ,10000,18000,14000,2020-02-04,2020-02-04,22.8,14.4,29.8,,,,9.1,,1016.1,
11337,Bangalore,Ramanagara,Coconut,Grade-I,FAQ,10000,18000,14000,2020-04-11,2020-04-11,27.4,22.9,32.0,0.0,,,7.9,,1014.9,
11338,Bangalore,Ramanagara,Coconut,Grade-I,FAQ,10000,18000,14000,2020-04-15,2020-04-15,28.8,22.0,35.0,,,,6.4,,1013.7,
11339,Bangalore,Ramanagara,Coconut,Grade-I,FAQ,10000,18000,14000,2020-11-15,2020-11-15,21.8,17.8,28.0,0.0,,,4.2,,1013.5,
11340,Bangalore,Ramanagara,Coconut,Grade-I,FAQ,10000,18000,14000,2020-09-29,2020-09-29,22.2,20.0,29.0,0.0,,,5.0,,1011.3,
11341,Bangalore,Ramanagara,Coconut,Grade-I,FAQ,10000,19000,14200,2020-11-26,2020-11-26,19.6,18.0,23.8,3.0,,,12.7,,1011.7,
11342,Bangalore,Ramanagara,Coconut,Grade-I,FAQ,10000,20000,14800,2020-11-28,2020-11-28,21.8,15.8,26.1,0.0,,,6.5,,1015.6,
11343,Bangalore,Ramanagara,Coconut,Grade-I,FAQ,10000,20400,15100,2021-01-21,2021-01-21,23.3,16.0,30.5,0.0,,,3.5,,1015.0,
11344,Bangalore,Ramanagara,Coconut,Grade-I,FAQ,10000,20600,15100,2021-02-04,2021-02-04,21.0,14.0,27.6,0.0,,,7.4,,1017.0,
11345,Bangalore,Ramanagara,Coconut,Grade-I,FAQ,10000,20800,15000,2021-04-09,2021-04-09,26.9,19.4,34.5,0.0,,,6.5,,1011.7,
11346,Bangalore,Ramanagara,Coconut,Grade-I,FAQ,10000,21000,14000,2020-11-23,2020-11-23,22.2,16.4,27.8,,,,5.3,,1016.0,
11347,Bangalore,Ramanagara,Coconut,Grade-I,FAQ,10000,21000,15000,2020-12-02,2020-12-02,20.6,15.4,26.4,,,,5.1,,1015.2,
11348,Bangalore,Ramanagara,Coconut,Grade-I,FAQ,10000,21200,15800,2021-02-19,2021-02-19,22.2,19.0,28.0,1.7,,,9.2,,1016.0,
11349,Bangalore,Ramanagara,Coconut,Grade-I,FAQ,10000,22000,16400,2021-03-10,2021-03-10,24.2,16.7,32.0,0.0,,,7.8,,1015.6,
11350,Bangalore,Ramanagara,Coconut,Grade-I,FAQ,10200,19800,15200,2021-01-29,2021-01-29,22.1,16.2,28.0,0.0,,,7.3,,1016.5,
11351,Bangalore,Ramanagara,Coconut,Grade-I,FAQ,10200,20400,15100,2021-01-19,2021-01-19,21.1,15.0,28.0,0.0,,,6.1,,1015.1,
11352,Bangalore,Ramanagara,Coconut,Grade-I,FAQ,10200,20400,15200,2021-03-04,2021-03-04,23.7,15.4,31.9,0.0,,,10.3,,1015.1,
11353,Bangalore,Ramanagara,Coconut,Grade-I,FAQ,10200,20400,15600,2021-02-02,2021-02-02,21.6,14.4,28.6,0.0,,,8.0,,1018.1,
11354,Bangalore,Ramanagara,Coconut,Grade-I,FAQ,10200,20600,15500,2021-02-18,2021-02-18,21.8,15.9,30.2,0.1,,,10.9,,1014.9,
11355,Bangalore,Ramanagara,Coconut,Grade-I,FAQ,10200,20600,15800,2021-02-12,2021-02-12,21.6,14.0,29.0,0.0,,,5.6,,1015.1,
11356,Bangalore,Ramanagara,Coconut,Grade-I,FAQ,10200,20800,15200,2021-01-30,2021-01-30,22.4,15.7,28.5,0.0,,,7.3,,1015.8,
11357,Bangalore,Ramanagara,Coconut,Grade-I,FAQ,10200,20800,15300,2021-02-11,2021-02-11,21.3,15.0,29.0,0.0,,,7.1,,1014.4,
11358,Bangalore,Ramanagara,Coconut,Grade-I,FAQ,10200,21000,15200,2021-02-08,2021-02-08,20.9,16.3,28.7,0.0,,,9.7,,1016.7,
11359,Bangalore,Ramanagara,Coconut,Grade-I,FAQ,10200,21000,15600,2021-02-15,2021-02-15,23.7,15.8,30.2,0.0,,,4.2,,1015.0,
11360,Bangalore,Ramanagara,Coconut,Grade-I,FAQ,10200,21000,15800,2021-02-27,2021-02-27,25.6,17.8,33.0,0.0,,,4.2,,1012.4,
11361,Bangalore,Ramanagara,Coconut,Grade-I,FAQ,10200,21400,16000,2021-04-10,2021-04-10,26.3,19.0,34.2,0.0,,,7.3,,1013.2,
11362,Bangalore,Ramanagara,Coconut,Grade-I,FAQ,10200,21800,15800,2021-04-03,2021-04-03,28.3,20.6,35.6,0.0,,,10.7,,1006.3,
11363,Bangalore,Ramanagara,Coconut,Grade-I,FAQ,10200,22100,16400,2021-03-23,2021-03-23,26.5,18.5,34.0,0.0,,,7.8,,1013.1,
11364,Bangalore,Ramanagara,Coconut,Grade-I,FAQ,10400,19800,15200,2021-01-22,2021-01-22,23.3,18.2,30.5,0.1,,,3.6,,1014.7,
11365,Bangalore,Ramanagara,Coconut,Grade-I,FAQ,10400,20200,15100,2021-01-11,2021-01-11,21.5,19.4,26.5,0.0,,,5.9,,1014.3,
11366,Bangalore,Ramanagara,Coconut,Grade-I,FAQ,10400,20400,15100,2021-01-26,2021-01-26,19.6,14.4,28.4,0.0,,,5.7,,1015.6,
11367,Bangalore,Ramanagara,Coconut,Grade-I,FAQ,10400,20800,15500,2021-03-17,2021-03-17,24.1,18.2,33.0,0.0,,,7.9,,1013.3,
11368,Bangalore,Ramanagara,Coconut,Grade-I,FAQ,10400,20800,15500,2021-01-25,2021-01-25,20.9,16.8,28.4,0.0,,,7.2,,1016.4,
11369,Bangalore,Ramanagara,Coconut,Grade-I,FAQ,10400,20800,16000,2021-04-12,2021-04-12,26.9,21.0,33.8,0.0,,,10.1,,1014.7,
11370,Bangalore,Ramanagara,Coconut,Grade-I,FAQ,10500,16500,14700,2023-05-09,2023-05-09,26.6,19.6,37.2,11.9,,,10.3,,1008.1,
11371,Bangalore,Ramanagara,Coconut,Grade-I,FAQ,10500,20500,15000,2020-11-24,2020-11-24,22.1,17.6,27.0,,,,7.6,,1014.7,
11372,Bangalore,Ramanagara,Coconut,Grade-I,FAQ,10500,23600,18900,2024-09-25,2024-09-25,25.2,22.4,29.0,2.2,,,18.6,,1010.9,
11373,Bangalore,Ramanagara,Coconut,Grade-I,FAQ,10600,20800,15400,2021-02-09,2021-02-09,20.2,13.3,28.8,0.0,,,10.7,,1016.3,
11374,Bangalore,Ramanagara,Coconut,Grade-I,FAQ,10600,23000,17200,2021-03-20,2021-03-20,25.7,18.0,32.8,0.0,,,5.8,,1010.9,
11375,Bangalore,Ramanagara,Coconut,Grade-I,FAQ,10800,19800,14900,2021-01-27,2021-01-27,21.7,13.5,29.4,0.0,,,7.3,,1015.7,
11376,Bangalore,Ramanagara,Coconut,Grade-I,FAQ,10800,21000,15500,2021-01-12,2021-01-12,19.9,18.0,25.6,0.0,,,7.8,,1014.9,
11377,Bangalore,Ramanagara,Coconut,Grade-I,FAQ,10800,21000,15600,2021-02-03,2021-02-03,21.0,15.5,28.0,0.0,,,10.1,,1017.5,
11378,Bangalore,Ramanagara,Coconut,Grade-I,FAQ,10800,21400,16000,2021-03-13,2021-03-13,24.6,15.9,31.4,0.0,,,7.0,,1016.2,
11379,Bangalore,Ramanagara,Coconut,Grade-I,FAQ,10800,21400,16200,2021-03-24,2021-03-24,26.3,18.0,34.2,0.0,,,10.3,,1013.3,
11380,Bangalore,Ramanagara,Coconut,Grade-I,FAQ,10800,21400,16800,2021-03-16,2021-03-16,26.3,19.0,33.3,0.0,,,6.5,,1013.8,
11381,Bangalore,Ramanagara,Coconut,Grade-I,FAQ,10800,21600,15800,2021-03-12,2021-03-12,24.9,17.2,31.6,0.0,,,7.9,,1016.4,
11382,Bangalore,Ramanagara,Coconut,Grade-I,FAQ,10800,21600,17100,2021-04-02,2021-04-02,27.9,19.0,35.9,0.0,,,7.7,,1005.6,
11383,Bangalore,Ramanagara,Coconut,Grade-I,FAQ,10800,21800,16000,2021-04-05,2021-04-05,27.5,20.9,35.1,0.0,,,8.1,,1008.5,
11384,Bangalore,Ramanagara,Coconut,Grade-I,FAQ,10800,21800,16500,2021-03-18,2021-03-18,24.2,18.0,33.0,0.0,,,8.3,,1012.9,
11385,Bangalore,Ramanagara,Coconut,Grade-I,FAQ,10800,21900,17000,2021-03-31,2021-03-31,28.9,21.7,36.6,0.0,,,5.6,,1005.1,
11386,Bangalore,Ramanagara,Coconut,Grade-I,FAQ,10800,22100,17000,2021-03-15,2021-03-15,25.1,17.2,32.0,0.0,,,7.5,,1014.4,
11387,Bangalore,Ramanagara,Coconut,Grade-I,FAQ,10800,22400,17200,2021-03-30,2021-03-30,27.3,22.0,34.7,0.0,,,7.5,,1007.2,
11388,Bangalore,Ramanagara,Coconut,Grade-I,FAQ,10800,22400,19600,2025-01-08,2025-01-08,21.7,17.0,28.0,0.0,,,10.6,,1016.1,
11389,Bangalore,Ramanagara,Coconut,Grade-I,FAQ,10800,22600,15800,2021-03-25,2021-03-25,27.4,19.3,34.0,0.0,,,9.1,,1012.4,
11390,Bangalore,Ramanagara,Coconut,Grade-I,FAQ,11000,19800,14800,2021-01-09,2021-01-09,21.6,18.7,27.0,0.0,,,8.3,,1012.9,
11391,Bangalore,Ramanagara,Coconut,Grade-I,FAQ,11000,21200,16000,2021-01-20,2021-01-20,21.8,14.4,29.0,0.0,,,5.5,,1015.4,
11392,Bangalore,Ramanagara,Coconut,Grade-I,FAQ,11000,21400,17000,2021-01-01,2021-01-01,20.0,15.1,25.8,0.0,,,10.4,,1015.7,
11393,Bangalore,Ramanagara,Coconut,Grade-I,FAQ,11000,21500,16500,2020-12-25,2020-12-25,20.8,15.6,27.2,,,,6.5,,1014.5,
11394,Bangalore,Ramanagara,Coconut,Grade-I,FAQ,11000,22000,15500,2021-03-19,2021-03-19,25.0,16.5,34.0,0.0,,,4.7,,1011.2,
11395,Bangalore,Ramanagara,Coconut,Grade-I,FAQ,11000,22500,17200,2021-03-11,2021-03-11,25.7,17.9,32.2,0.0,,,8.5,,1015.7,
11396,Bangalore,Ramanagara,Coconut,Grade-I,FAQ,11000,24400,18500,2024-12-25,2024-12-25,22.9,19.0,27.0,0.0,,,5.6,,1016.5,
11397,Bangalore,Ramanagara,Coconut,Grade-I,FAQ,11200,21400,16200,2021-01-05,2021-01-05,21.7,17.4,26.8,0.0,,,9.2,,1014.4,
11398,Bangalore,Ramanagara,Coconut,Grade-I,FAQ,11200,21800,16400,2021-03-22,2021-03-22,26.1,17.5,33.4,0.0,,,7.7,,1012.6,
11399,Bangalore,Ramanagara,Coconut,Grade-I,FAQ,11200,21800,18000,2024-10-19,2024-10-19,23.6,20.4,27.0,9.6,,,5.6,,1014.3,
11400,Bangalore,Ramanagara,Coconut,Grade-I,FAQ,11400,21800,16800,2020-12-28,2020-12-28,20.2,15.8,28.6,,,,5.5,,1014.8,
11401,Bangalore,Ramanagara,Coconut,Grade-I,FAQ,11400,23400,16900,2025-01-15,2025-01-15,20.6,17.0,24.0,0.0,,,14.2,,1019.1,
11402,Bangalore,Ramanagara,Coconut,Grade-I,FAQ,11400,23600,19500,2025-01-07,2025-01-07,21.7,17.0,28.0,0.0,,,7.3,,1016.9,
11403,Bangalore,Ramanagara,Coconut,Grade-I,FAQ,11400,24400,20500,2025-01-22,2025-01-22,20.8,14.0,28.0,0.0,,,10.3,,1015.8,
11404,Bangalore,Ramanagara,Coconut,Grade-I,FAQ,11400,26500,18900,2025-01-01,2025-01-01,23.2,18.0,28.0,0.0,,,13.3,,1018.2,
11405,Bangalore,Ramanagara,Coconut,Grade-I,FAQ,11500,21000,17000,2020-12-17,2020-12-17,21.4,18.1,25.4,0.0,,,7.2,,1016.5,
11406,Bangalore,Ramanagara,Coconut,Grade-I,FAQ,11500,21500,16000,2020-12-23,2020-12-23,20.3,14.9,27.0,,,,7.4,,1014.6,
11407,Bangalore,Ramanagara,Coconut,Grade-I,FAQ,11500,21500,16500,2020-12-31,2020-12-31,20.9,19.0,29.0,0.5,,,9.4,,1015.1,
11408,Bangalore,Ramanagara,Coconut,Grade-I,FAQ,11500,21500,17000,2021-01-06,2021-01-06,21.2,18.4,26.8,0.0,,,8.6,,1014.1,
11409,Bangalore,Ramanagara,Coconut,Grade-I,FAQ,11500,21500,17000,2021-01-07,2021-01-07,21.3,17.8,25.5,19.3,,,8.9,,1012.6,
11410,Bangalore,Ramanagara,Coconut,Grade-I,FAQ,11500,22500,16000,2020-12-04,2020-12-04,21.1,18.1,23.0,0.8,,,7.8,,1012.7,
11411,Bangalore,Ramanagara,Coconut,Grade-I,FAQ,11600,23500,18100,2021-03-29,2021-03-29,27.2,19.7,34.7,0.0,,,7.0,,1008.2,
11412,Bangalore,Ramanagara,Coconut,Grade-I,FAQ,11800,21600,17000,2020-12-30,2020-12-30,22.1,16.8,28.3,,,,10.3,,1014.5,
11413,Bangalore,Ramanagara,Coconut,Grade-I,FAQ,11800,24900,19500,2025-01-21,2025-01-21,20.7,15.0,28.0,0.0,,,10.0,,1015.9,
11414,Bangalore,Ramanagara,Coconut,Grade-I,FAQ,12000,14000,13000,2021-12-14,2021-12-14,20.6,16.8,24.9,2.3,,,10.2,,1015.7,
11415,Bangalore,Ramanagara,Coconut,Grade-I,FAQ,12000,15000,13000,2022-01-01,2022-01-01,21.2,16.8,25.6,3.8,,,14.9,,1018.8,
11416,Bangalore,Ramanagara,Coconut,Grade-I,FAQ,12000,15000,13500,2021-12-02,2021-12-02,21.8,17.7,25.3,0.0,,,8.1,,1014.6,
11417,Bangalore,Ramanagara,Coconut,Grade-I,FAQ,12000,15000,13500,2022-01-12,2022-01-12,22.6,17.8,28.1,0.4,,,7.7,,1013.8,
11418,Bangalore,Ramanagara,Coconut,Grade-I,FAQ,12000,15000,13500,2021-01-13,2021-01-13,21.4,15.8,28.0,0.0,,,7.3,,1014.4,
11419,Bangalore,Ramanagara,Coconut,Grade-I,FAQ,12000,15000,13500,2022-01-13,2022-01-13,22.2,18.2,28.0,0.5,,,7.3,,1014.3,
11420,Bangalore,Ramanagara,Coconut,Grade-I,FAQ,12000,15000,13500,2022-02-24,2022-02-24,23.2,15.0,31.9,0.0,,,9.6,,1016.5,
11421,Bangalore,Ramanagara,Coconut,Grade-I,FAQ,12000,20000,16100,2021-01-03,2021-01-03,21.8,17.1,26.7,0.0,,,10.0,,1013.9,
11422,Bangalore,Ramanagara,Coconut,Grade-I,FAQ,12000,20000,16500,2020-12-03,2020-12-03,19.5,16.4,26.4,1.8,,,6.8,,1013.9,
11423,Bangalore,Ramanagara,Coconut,Grade-I,FAQ,12000,21200,16200,2021-01-08,2021-01-08,22.1,18.7,26.6,0.0,,,6.2,,1012.2,
11424,Bangalore,Ramanagara,Coconut,Grade-I,FAQ,12000,21400,16500,2020-12-26,2020-12-26,19.9,13.8,27.4,,,,6.7,,1015.7,
11425,Bangalore,Ramanagara,Coconut,Grade-I,FAQ,12000,21900,16800,2020-12-22,2020-12-22,18.7,12.3,25.3,,,,8.1,,1015.5,
11426,Bangalore,Ramanagara,Coconut,Grade-I,FAQ,12000,21900,17000,2020-12-16,2020-12-16,21.4,16.6,25.9,,,,6.5,,1016.6,
11427,Bangalore,Ramanagara,Coconut,Grade-I,FAQ,12000,22000,16000,2020-12-01,2020-12-01,21.1,15.8,26.9,,,,4.8,,1016.4,
11428,Bangalore,Ramanagara,Coconut,Grade-I,FAQ,12000,22000,16000,2020-12-21,2020-12-21,18.7,13.4,26.0,,,,9.0,,1016.4,
11429,Bangalore,Ramanagara,Coconut,Grade-I,FAQ,12000,22000,16200,2020-12-08,2020-12-08,21.3,18.5,26.2,4.1,,,7.4,,1016.7,
11430,Bangalore,Ramanagara,Coconut,Grade-I,FAQ,12000,22000,16500,2020-12-07,2020-12-07,21.8,18.4,25.0,4.8,,,9.0,,1015.9,
11431,Bangalore,Ramanagara,Coconut,Grade-I,FAQ,12000,22000,16500,2020-12-29,2020-12-29,21.6,14.1,28.3,,,,6.5,,1014.4,
11432,Bangalore,Ramanagara,Coconut,Grade-I,FAQ,12000,22000,17000,2020-12-18,2020-12-18,21.2,18.0,26.8,0.0,,,8.3,,1016.4,
11433,Bangalore,Ramanagara,Coconut,Grade-I,FAQ,12000,22500,17000,2020-12-12,2020-12-12,19.8,13.5,27.5,,,,5.8,,1015.7,
11434,Bangalore,Ramanagara,Coconut,Grade-I,FAQ,12000,23000,17000,2020-12-10,2020-12-10,20.8,14.8,27.0,1.5,,,7.1,,1016.2,
11435,Bangalore,Ramanagara,Coconut,Grade-I,FAQ,12100,22000,16500,2020-12-15,2020-12-15,20.7,14.8,26.3,,,,7.5,,1015.9,
11436,Bangalore,Ramanagara,Coconut,Grade-I,FAQ,12100,22200,16400,2021-01-04,2021-01-04,20.5,17.6,26.7,0.3,,,7.5,,1014.2,
11437,Bangalore,Ramanagara,Coconut,Grade-I,FAQ,12400,22800,17500,2020-12-14,2020-12-14,20.1,15.4,26.8,,,,6.1,,1014.8,
11438,Bangalore,Ramanagara,Coconut,Grade-I,FAQ,12500,21800,16900,2020-12-09,2020-12-09,20.6,20.0,25.5,0.5,,,8.2,,1016.1,
11439,Bangalore,Ramanagara,Coconut,Grade-I,FAQ,13000,15000,14000,2022-02-01,2022-02-01,23.1,17.8,30.5,0.0,,,7.8,,1014.4,
11440,Bangalore,Ramanagara,Coconut,Grade-I,FAQ,13000,15000,14000,2022-01-05,2022-01-05,20.3,14.0,26.0,0.0,,,6.9,,1017.3,
11441,Bangalore,Ramanagara,Coconut,Grade-I,FAQ,13000,15000,14000,2021-12-08,2021-12-08,22.3,16.6,27.4,0.0,,,10.2,,1015.6,
11442,Bangalore,Ramanagara,Coconut,Grade-I,FAQ,13000,15000,14000,2022-01-08,2022-01-08,22.1,16.9,27.5,0.0,,,9.4,,1016.9,
11443,Bangalore,Ramanagara,Coconut,Grade-I,FAQ,13000,15000,14000,2022-01-10,2022-01-10,21.9,15.9,28.5,0.1,,,6.7,,1015.1,
11444,Bangalore,Ramanagara,Coconut,Grade-I,FAQ,13000,15000,14000,2021-12-11,2021-12-11,21.6,18.0,27.5,0.0,,,10.5,,1017.4,
11445,Bangalore,Ramanagara,Coconut,Grade-I,FAQ,13000,15000,14000,2021-12-16,2021-12-16,21.0,15.5,25.3,0.0,,,7.5,,1017.1,
11446,Bangalore,Ramanagara,Coconut,Grade-I,FAQ,13000,15000,14000,2022-02-17,2022-02-17,22.6,16.0,29.5,0.0,,,10.6,,1011.2,
11447,Bangalore,Ramanagara,Coconut,Grade-I,FAQ,13000,15000,14000,2021-12-18,2021-12-18,19.9,14.2,27.0,0.0,,,7.3,,1016.8,
11448,Bangalore,Ramanagara,Coconut,Grade-I,FAQ,13000,15000,14000,2022-02-18,2022-02-18,21.9,13.6,30.0,0.0,,,13.2,,1012.8,
11449,Bangalore,Ramanagara,Coconut,Grade-I,FAQ,13000,15000,14000,2021-12-22,2021-12-22,20.1,13.5,26.6,0.0,,,5.6,,1016.4,
11450,Bangalore,Ramanagara,Coconut,Grade-I,FAQ,13000,15000,14000,2022-02-23,2022-02-23,23.2,16.6,31.4,0.0,,,13.6,,1017.0,
11451,Bangalore,Ramanagara,Coconut,Grade-I,FAQ,13000,15000,14000,2021-12-27,2021-12-27,20.6,14.4,29.0,0.0,,,9.8,,1018.0,
11452,Bangalore,Ramanagara,Coconut,Grade-I,FAQ,13000,15000,14000,2021-12-29,2021-12-29,20.6,13.5,27.0,0.0,,,11.4,,1016.5,
11453,Bangalore,Ramanagara,Coconut,Grade-I,FAQ,13000,16000,14000,2021-12-04,2021-12-04,23.7,18.6,27.8,0.0,,,3.7,,1015.2,
11454,Bangalore,Ramanagara,Coconut,Grade-I,FAQ,13000,22000,18000,2020-12-13,2020-12-13,19.9,15.0,26.8,,,,4.5,,1015.0,
11455,Bangalore,Ramanagara,Coconut,Grade-I,FAQ,14000,16000,15000,2022-01-03,2022-01-03,20.2,16.2,27.0,0.0,,,10.0,,1017.4,
11456,Bangalore,Ramanagara,Coconut,Grade-I,FAQ,14000,16000,15000,2022-01-04,2022-01-04,20.1,15.0,26.8,0.0,,,8.5,,1017.1,
11457,Bangalore,Ramanagara,Coconut,Grade-I,FAQ,14000,16000,15000,2021-12-06,2021-12-06,23.3,17.7,27.9,1.5,,,4.7,,1015.0,
11458,Bangalore,Ramanagara,Coconut,Grade-I,FAQ,14000,16000,15000,2022-01-06,2022-01-06,20.9,15.0,27.0,0.0,,,9.8,,1016.3,
11459,Bangalore,Ramanagara,Coconut,Grade-I,FAQ,14000,16000,15000,2021-12-07,2021-12-07,22.3,19.0,27.7,0.0,,,6.5,,1015.4,
11460,Bangalore,Ramanagara,Coconut,Grade-I,FAQ,14000,16000,15000,2021-12-09,2021-12-09,22.4,18.5,28.0,0.9,,,10.5,,1016.7,
11461,Bangalore,Ramanagara,Coconut,Grade-I,FAQ,14000,16000,15000,2021-12-10,2021-12-10,21.9,16.8,28.0,0.0,,,12.5,,1017.6,
11462,Bangalore,Ramanagara,Coconut,Grade-I,FAQ,14000,16000,15000,2022-01-11,2022-01-11,22.1,17.4,29.0,0.1,,,8.9,,1014.9,
11463,Bangalore,Ramanagara,Coconut,Grade-I,FAQ,14000,16000,15000,2021-12-13,2021-12-13,20.2,17.3,25.7,0.3,,,10.2,,1016.6,
11464,Bangalore,Ramanagara,Coconut,Grade-I,FAQ,14000,16000,15000,2021-12-15,2021-12-15,20.3,18.2,24.3,1.0,,,7.6,,1016.3,
11465,Bangalore,Ramanagara,Coconut,Grade-I,FAQ,14000,16000,15000,2021-12-17,2021-12-17,20.7,15.4,26.7,0.0,,,6.6,,1017.5,
11466,Bangalore,Ramanagara,Coconut,Grade-I,FAQ,14000,16000,15000,2021-12-20,2021-12-20,19.5,13.2,26.0,0.0,,,7.2,,1017.8,
11467,Bangalore,Ramanagara,Coconut,Grade-I,FAQ,14000,16000,15000,2021-12-21,2021-12-21,19.8,13.5,26.0,0.0,,,4.6,,1017.8,
11468,Bangalore,Ramanagara,Coconut,Grade-I,FAQ,14000,16000,15000,2022-02-22,2022-02-22,24.4,18.2,32.0,0.0,,,9.1,,1013.9,
11469,Bangalore,Ramanagara,Coconut,Grade-I,FAQ,14000,16000,15000,2021-12-23,2021-12-23,19.8,14.4,27.5,0.0,,,4.1,,1016.0,
11470,Bangalore,Ramanagara,Coconut,Grade-I,FAQ,14000,16000,15000,2021-12-25,2021-12-25,20.9,14.0,29.0,0.0,,,4.6,,1016.5,
11471,Bangalore,Ramanagara,Coconut,Grade-I,FAQ,14000,16000,15000,2021-12-28,2021-12-28,20.2,14.0,27.2,0.0,,,12.4,,1017.2,
11472,Bangalore,Ramanagara,Coconut,Grade-I,FAQ,14000,16000,15000,2021-12-30,2021-12-30,20.9,13.9,26.5,0.7,,,12.4,,1017.5,
11473,Bangalore,Ramanagara,Coconut,Grade-I,FAQ,14000,16000,15000,2021-12-31,2021-12-31,20.6,17.0,25.7,0.0,,,16.9,,1018.6,
11474,Bangalore,Ramanagara,Coconut,Grade-I,FAQ,14000,22000,18200,2020-12-06,2020-12-06,20.8,17.7,24.0,0.3,,,6.6,,1014.7,
11475,Bangalore,Ramanagara,Coconut,Grade-I,FAQ,14400,26500,21000,2025-01-29,2025-01-29,22.1,16.0,30.0,0.0,,,12.2,,1016.6,
11476,Bangalore,Ramanagara,Coconut,Grade-I,FAQ,14800,22900,18300,2025-02-12,2025-02-12,23.7,15.0,32.0,0.0,,,9.4,,1018.0,
11477,Bangalore,Ramanagara,Coconut,Grade-I,FAQ,15000,17000,16000,2021-12-03,2021-12-03,22.8,18.3,27.8,3.0,,,4.6,,1014.9,
11478,Bangalore,Ramanagara,Coconut,Grade-I,FAQ,16000,25400,20000,2024-10-05,2024-10-05,24.3,21.2,30.0,9.4,,,7.8,,1015.0,
11479,Bangalore,Ramanagara,Coconut,Grade-I,FAQ,16500,33500,27300,2025-05-21,2025-05-21,23.3,21.0,27.0,5.1,,,16.3,,1011.1,
11480,Bangalore,Ramanagara,Coconut,Grade-I,FAQ,16800,22500,20000,2025-02-15,2025-02-15,24.3,16.0,32.0,0.0,,,7.4,,1016.4,
11481,Bangalore,Ramanagara,Coconut,Grade-I,FAQ,16800,27000,24300,2025-03-15,2025-03-15,26.7,17.0,34.0,,,,10.6,,1010.2,
11482,Bangalore,Ramanagara,Coconut,Grade-I,FAQ,18000,20000,19000,2025-02-19,2025-02-19,24.9,17.0,32.0,0.0,,,9.1,,1016.3,
11483,Bangalore,Ramanagara,Coconut,Grade-I,FAQ,18000,32000,24300,2025-05-01,2025-05-01,26.6,21.8,33.0,0.5,,,9.3,,1014.5,
11484,Bangalore,Ramanagara,Coconut,Grade-I,FAQ,18000,35000,26000,2025-04-16,2025-04-16,25.2,21.0,33.0,0.0,,,11.7,,1014.8,
11485,Bangalore,Ramanagara,Coconut,Grade-I,FAQ,18400,32300,24800,2025-05-27,2025-05-27,23.6,20.0,28.0,1.4,,,22.5,,1008.6,
11486,Bangalore,Ramanagara,Coconut,Grade-I,FAQ,19400,33400,26000,2025-06-18,2025-06-18,23.5,21.0,28.0,0.0,,,17.3,,1012.6,
11487,Bangalore,Ramanagara,Coconut,Grade-I,FAQ,20000,34800,30000,2025-06-25,2025-06-25,23.6,21.0,28.0,4.9,,,23.1,,1010.9,
11488,Bangalore,Ramanagara,Coconut,Grade-I,FAQ,24000,35000,31000,2025-06-04,2025-06-04,25.1,21.0,29.4,0.5,,,16.2,,1010.2,
11489,Bangalore,Ramanagara,Coconut,Grade-I,Ref grade-1,14500,20500,18500,2025-02-05,2025-02-05,23.1,16.0,30.0,0.0,,,11.1,,1015.7,
