Sl no.,District Name,Market,Commodity,Variety,Grade,Min Price (Rs./Quintal),Max Price (Rs./Quintal),Modal_Price,Arrival_Date
941,Bangalore,Bangalore,Coconut,Grade-I,FAQ,1500,20000,17500,2022-03-24
942,Bangalore,Bangalore,Coconut,Grade-I,FAQ,1500,25000,20000,2024-01-23
943,Bangalore,Bangalore,Coconut,Grade-I,FAQ,6600,7500,7050,2024-06-01
944,Bangalore,Bangalore,Coconut,Grade-I,FAQ,6600,7500,7050,2024-06-03
945,Bangalore,Bangalore,Coconut,Grade-I,FAQ,6600,7500,7050,2024-06-04
946,Bangalore,Bangalore,Coconut,Grade-I,FAQ,6600,7500,7050,2024-05-06
947,Bangalore,Bangalore,Coconut,Grade-I,FAQ,6600,7500,7050,2024-05-07
948,Bangalore,Bangalore,Coconut,Grade-I,FAQ,6600,7500,7050,2024-05-08
949,Bangalore,Bangalore,Coconut,Grade-I,FAQ,6600,7500,7050,2024-05-13
950,Bangalore,Bangalore,Coconut,Grade-I,FAQ,6600,7500,7050,2024-05-14
951,Bangalore,Bangalore,Coconut,Grade-I,FAQ,6600,7500,7050,2024-05-15
952,Bangalore,Bangalore,Coconut,Grade-I,FAQ,6600,7500,7050,2024-05-16
953,Bangalore,Bangalore,Coconut,Grade-I,FAQ,6600,7500,7050,2024-05-20
954,Bangalore,Bangalore,Coconut,Grade-I,FAQ,6600,7500,7050,2024-05-21
955,Bangalore,Bangalore,Coconut,Grade-I,FAQ,6600,7500,7050,2024-05-22
956,Bangalore,Bangalore,Coconut,Grade-I,FAQ,6600,7500,7050,2024-05-23
957,Bangalore,Bangalore,Coconut,Grade-I,FAQ,6600,7500,7050,2024-05-24
958,Bangalore,Bangalore,Coconut,Grade-I,FAQ,6600,7500,7050,2024-05-28
959,Bangalore,Bangalore,Coconut,Grade-I,FAQ,6600,7500,7050,2024-05-29
960,Bangalore,Bangalore,Coconut,Grade-I,FAQ,6600,7500,7050,2024-05-30
961,Bangalore,Bangalore,Coconut,Grade-I,FAQ,8000,15000,11500,2020-10-01
962,Bangalore,Bangalore,Coconut,Grade-I,FAQ,8000,15000,11500,2020-09-01
963,Bangalore,Bangalore,Coconut,Grade-I,FAQ,8000,15000,11500,2020-09-02
964,Bangalore,Bangalore,Coconut,Grade-I,FAQ,8000,15000,11500,2020-10-03
965,Bangalore,Bangalore,Coconut,Grade-I,FAQ,8000,15000,11500,2020-09-03
966,Bangalore,Bangalore,Coconut,Grade-I,FAQ,8000,15000,11500,2020-10-05
967,Bangalore,Bangalore,Coconut,Grade-I,FAQ,8000,15000,11500,2020-09-05
968,Bangalore,Bangalore,Coconut,Grade-I,FAQ,8000,15000,11500,2020-10-06
969,Bangalore,Bangalore,Coconut,Grade-I,FAQ,8000,15000,11500,2020-10-07
970,Bangalore,Bangalore,Coconut,Grade-I,FAQ,8000,15000,11500,2020-10-08
971,Bangalore,Bangalore,Coconut,Grade-I,FAQ,8000,15000,11500,2020-10-09
972,Bangalore,Bangalore,Coconut,Grade-I,FAQ,8000,15000,11500,2020-10-12
973,Bangalore,Bangalore,Coconut,Grade-I,FAQ,8000,15000,11500,2020-09-18
974,Bangalore,Bangalore,Coconut,Grade-I,FAQ,8000,15000,11500,2020-09-19
975,Bangalore,Bangalore,Coconut,Grade-I,FAQ,8000,15000,11500,2020-09-21
976,Bangalore,Bangalore,Coconut,Grade-I,FAQ,8000,15000,11500,2020-09-22
977,Bangalore,Bangalore,Coconut,Grade-I,FAQ,8000,15000,11500,2020-09-23
978,Bangalore,Bangalore,Coconut,Grade-I,FAQ,8000,15000,11500,2020-09-24
979,Bangalore,Bangalore,Coconut,Grade-I,FAQ,8000,15000,11500,2020-09-25
980,Bangalore,Bangalore,Coconut,Grade-I,FAQ,8000,15000,11500,2020-08-26
981,Bangalore,Bangalore,Coconut,Grade-I,FAQ,8000,15000,11500,2020-08-27
982,Bangalore,Bangalore,Coconut,Grade-I,FAQ,8000,15000,11500,2020-08-28
983,Bangalore,Bangalore,Coconut,Grade-I,FAQ,8000,15000,11500,2020-09-28
984,Bangalore,Bangalore,Coconut,Grade-I,FAQ,8000,15000,11500,2020-08-29
985,Bangalore,Bangalore,Coconut,Grade-I,FAQ,8000,15000,11500,2020-09-29
986,Bangalore,Bangalore,Coconut,Grade-I,FAQ,8000,15000,11500,2020-09-30
987,Bangalore,Bangalore,Coconut,Grade-I,FAQ,8000,15000,11500,2020-08-31
988,Bangalore,Bangalore,Coconut,Grade-I,FAQ,8000,18000,13000,2020-09-07
989,Bangalore,Bangalore,Coconut,Grade-I,FAQ,8000,18000,13000,2020-09-08
990,Bangalore,Bangalore,Coconut,Grade-I,FAQ,8000,18000,13000,2020-09-09
991,Bangalore,Bangalore,Coconut,Grade-I,FAQ,8000,18000,13000,2020-08-12
992,Bangalore,Bangalore,Coconut,Grade-I,FAQ,8000,18000,13000,2020-08-13
993,Bangalore,Bangalore,Coconut,Grade-I,FAQ,8000,18000,13000,2020-08-14
994,Bangalore,Bangalore,Coconut,Grade-I,FAQ,8000,18000,13000,2020-09-16
995,Bangalore,Bangalore,Coconut,Grade-I,FAQ,8000,18000,13000,2020-08-17
996,Bangalore,Bangalore,Coconut,Grade-I,FAQ,8000,18000,13000,2020-08-18
997,Bangalore,Bangalore,Coconut,Grade-I,FAQ,8000,18000,13000,2020-08-19
998,Bangalore,Bangalore,Coconut,Grade-I,FAQ,8000,18000,13000,2020-08-20
999,Bangalore,Bangalore,Coconut,Grade-I,FAQ,8000,18000,13000,2020-08-21
1000,Bangalore,Bangalore,Coconut,Grade-I,FAQ,8000,18000,15000,2020-05-02
1001,Bangalore,Bangalore,Coconut,Grade-I,FAQ,8000,18000,15000,2020-05-05
1002,Bangalore,Bangalore,Coconut,Grade-I,FAQ,8000,18000,15000,2020-05-07
1003,Bangalore,Bangalore,Coconut,Grade-I,FAQ,8000,18000,15000,2020-04-18
1004,Bangalore,Bangalore,Coconut,Grade-I,FAQ,8000,18000,15000,2020-04-21
1005,Bangalore,Bangalore,Coconut,Grade-I,FAQ,8000,18000,15000,2020-04-23
1006,Bangalore,Bangalore,Coconut,Grade-I,FAQ,8000,18000,15000,2020-04-28
1007,Bangalore,Bangalore,Coconut,Grade-I,FAQ,8000,18000,15000,2020-04-30
1008,Bangalore,Bangalore,Coconut,Grade-I,FAQ,8000,20000,14000,2020-08-04
1009,Bangalore,Bangalore,Coconut,Grade-I,FAQ,8000,20000,14000,2020-08-05
1010,Bangalore,Bangalore,Coconut,Grade-I,FAQ,8000,20000,14000,2020-08-07
1011,Bangalore,Bangalore,Coconut,Grade-I,FAQ,8000,20000,14000,2020-08-10
1012,Bangalore,Bangalore,Coconut,Grade-I,FAQ,8000,20000,14000,2020-08-11
1013,Bangalore,Bangalore,Coconut,Grade-I,FAQ,8000,20000,19000,2020-08-06
1014,Bangalore,Bangalore,Coconut,Grade-I,FAQ,8000,22000,15000,2020-01-01
1015,Bangalore,Bangalore,Coconut,Grade-I,FAQ,8000,22000,15000,2020-01-02
1016,Bangalore,Bangalore,Coconut,Grade-I,FAQ,8000,22000,15000,2020-01-03
1017,Bangalore,Bangalore,Coconut,Grade-I,FAQ,8000,22000,15000,2020-01-04
1018,Bangalore,Bangalore,Coconut,Grade-I,FAQ,8000,22000,15000,2020-01-06
1019,Bangalore,Bangalore,Coconut,Grade-I,FAQ,8000,22000,15000,2020-01-07
1020,Bangalore,Bangalore,Coconut,Grade-I,FAQ,8000,22000,15000,2020-01-08
1021,Bangalore,Bangalore,Coconut,Grade-I,FAQ,8000,22000,15000,2020-01-09
1022,Bangalore,Bangalore,Coconut,Grade-I,FAQ,8000,22000,15000,2020-01-10
1023,Bangalore,Bangalore,Coconut,Grade-I,FAQ,8000,22000,15000,2020-01-14
1024,Bangalore,Bangalore,Coconut,Grade-I,FAQ,8000,22000,15000,2020-01-16
1025,Bangalore,Bangalore,Coconut,Grade-I,FAQ,8000,22000,15000,2020-01-17
1026,Bangalore,Bangalore,Coconut,Grade-I,FAQ,8000,22000,15000,2020-01-18
1027,Bangalore,Bangalore,Coconut,Grade-I,FAQ,8000,22000,15000,2020-01-20
1028,Bangalore,Bangalore,Coconut,Grade-I,FAQ,8000,22000,15000,2020-01-21
1029,Bangalore,Bangalore,Coconut,Grade-I,FAQ,8000,25000,16500,2020-06-01
1030,Bangalore,Bangalore,Coconut,Grade-I,FAQ,8000,25000,16500,2020-05-28
1031,Bangalore,Bangalore,Coconut,Grade-I,FAQ,8000,25000,16500,2020-05-30
1032,Bangalore,Bangalore,Coconut,Grade-I,FAQ,10000,15000,12250,2021-02-12
1033,Bangalore,Bangalore,Coconut,Grade-I,FAQ,10000,15000,12500,2021-02-02
1034,Bangalore,Bangalore,Coconut,Grade-I,FAQ,10000,15000,12500,2021-02-03
1035,Bangalore,Bangalore,Coconut,Grade-I,FAQ,10000,15000,12500,2021-02-04
1036,Bangalore,Bangalore,Coconut,Grade-I,FAQ,10000,15000,12500,2021-02-05
1037,Bangalore,Bangalore,Coconut,Grade-I,FAQ,10000,15000,12500,2021-02-06
1038,Bangalore,Bangalore,Coconut,Grade-I,FAQ,10000,15000,12500,2021-02-08
1039,Bangalore,Bangalore,Coconut,Grade-I,FAQ,10000,15000,12500,2021-02-09
1040,Bangalore,Bangalore,Coconut,Grade-I,FAQ,10000,15000,12500,2021-02-10
1041,Bangalore,Bangalore,Coconut,Grade-I,FAQ,10000,15000,12500,2021-02-11
1042,Bangalore,Bangalore,Coconut,Grade-I,FAQ,10000,15000,12500,2020-11-13
1043,Bangalore,Bangalore,Coconut,Grade-I,FAQ,10000,15000,12500,2021-02-16
1044,Bangalore,Bangalore,Coconut,Grade-I,FAQ,10000,15000,12500,2021-02-17
1045,Bangalore,Bangalore,Coconut,Grade-I,FAQ,10000,15000,12500,2020-11-17
1046,Bangalore,Bangalore,Coconut,Grade-I,FAQ,10000,15000,12500,2021-02-18
1047,Bangalore,Bangalore,Coconut,Grade-I,FAQ,10000,15000,12500,2021-02-20
1048,Bangalore,Bangalore,Coconut,Grade-I,FAQ,10000,15000,12500,2021-02-22
1049,Bangalore,Bangalore,Coconut,Grade-I,FAQ,10000,15000,12500,2021-02-23
1050,Bangalore,Bangalore,Coconut,Grade-I,FAQ,10000,15000,12500,2021-02-24
1051,Bangalore,Bangalore,Coconut,Grade-I,FAQ,10000,15000,12500,2021-02-26
1052,Bangalore,Bangalore,Coconut,Grade-I,FAQ,10000,18000,14000,2019-08-01
1053,Bangalore,Bangalore,Coconut,Grade-I,FAQ,10000,18000,14000,2019-08-02
1054,Bangalore,Bangalore,Coconut,Grade-I,FAQ,10000,18000,14000,2019-08-03
1055,Bangalore,Bangalore,Coconut,Grade-I,FAQ,10000,18000,14000,2019-09-03
1056,Bangalore,Bangalore,Coconut,Grade-I,FAQ,10000,18000,14000,2019-09-04
1057,Bangalore,Bangalore,Coconut,Grade-I,FAQ,10000,18000,14000,2019-08-05
1058,Bangalore,Bangalore,Coconut,Grade-I,FAQ,10000,18000,14000,2019-09-05
1059,Bangalore,Bangalore,Coconut,Grade-I,FAQ,10000,18000,14000,2019-08-06
1060,Bangalore,Bangalore,Coconut,Grade-I,FAQ,10000,18000,14000,2019-09-06
1061,Bangalore,Bangalore,Coconut,Grade-I,FAQ,10000,18000,14000,2019-08-07
1062,Bangalore,Bangalore,Coconut,Grade-I,FAQ,10000,18000,14000,2019-09-07
1063,Bangalore,Bangalore,Coconut,Grade-I,FAQ,10000,18000,14000,2019-08-08
1064,Bangalore,Bangalore,Coconut,Grade-I,FAQ,10000,18000,14000,2019-08-09
1065,Bangalore,Bangalore,Coconut,Grade-I,FAQ,10000,18000,14000,2019-09-12
1066,Bangalore,Bangalore,Coconut,Grade-I,FAQ,10000,18000,14000,2019-09-13
1067,Bangalore,Bangalore,Coconut,Grade-I,FAQ,10000,18000,14000,2019-08-14
1068,Bangalore,Bangalore,Coconut,Grade-I,FAQ,10000,18000,14000,2019-07-15
1069,Bangalore,Bangalore,Coconut,Grade-I,FAQ,10000,18000,14000,2019-08-16
1070,Bangalore,Bangalore,Coconut,Grade-I,FAQ,10000,18000,14000,2019-07-16
1071,Bangalore,Bangalore,Coconut,Grade-I,FAQ,10000,18000,14000,2019-08-17
1072,Bangalore,Bangalore,Coconut,Grade-I,FAQ,10000,18000,14000,2019-07-17
1073,Bangalore,Bangalore,Coconut,Grade-I,FAQ,10000,18000,14000,2019-07-18
1074,Bangalore,Bangalore,Coconut,Grade-I,FAQ,10000,18000,14000,2019-08-19
1075,Bangalore,Bangalore,Coconut,Grade-I,FAQ,10000,18000,14000,2019-07-19
1076,Bangalore,Bangalore,Coconut,Grade-I,FAQ,10000,18000,14000,2019-08-20
1077,Bangalore,Bangalore,Coconut,Grade-I,FAQ,10000,18000,14000,2019-07-20
1078,Bangalore,Bangalore,Coconut,Grade-I,FAQ,10000,18000,14000,2019-08-21
1079,Bangalore,Bangalore,Coconut,Grade-I,FAQ,10000,18000,14000,2019-08-22
1080,Bangalore,Bangalore,Coconut,Grade-I,FAQ,10000,18000,14000,2019-07-22
1081,Bangalore,Bangalore,Coconut,Grade-I,FAQ,10000,18000,14000,2019-08-23
1082,Bangalore,Bangalore,Coconut,Grade-I,FAQ,10000,18000,14000,2019-07-23
1083,Bangalore,Bangalore,Coconut,Grade-I,FAQ,10000,18000,14000,2019-07-24
1084,Bangalore,Bangalore,Coconut,Grade-I,FAQ,10000,18000,14000,2019-07-25
1085,Bangalore,Bangalore,Coconut,Grade-I,FAQ,10000,18000,14000,2019-07-26
1086,Bangalore,Bangalore,Coconut,Grade-I,FAQ,10000,18000,14000,2019-08-27
1087,Bangalore,Bangalore,Coconut,Grade-I,FAQ,10000,18000,14000,2019-08-28
1088,Bangalore,Bangalore,Coconut,Grade-I,FAQ,10000,18000,14000,2019-08-29
1089,Bangalore,Bangalore,Coconut,Grade-I,FAQ,10000,18000,14000,2019-08-30
1090,Bangalore,Bangalore,Coconut,Grade-I,FAQ,10000,18000,14000,2019-07-30
1091,Bangalore,Bangalore,Coconut,Grade-I,FAQ,10000,18000,14000,2019-08-31
1092,Bangalore,Bangalore,Coconut,Grade-I,FAQ,10000,18000,14000,2019-07-31
1093,Bangalore,Bangalore,Coconut,Grade-I,FAQ,10000,20000,15000,2020-08-03
1094,Bangalore,Bangalore,Coconut,Grade-I,FAQ,10000,20000,15000,2020-04-08
1095,Bangalore,Bangalore,Coconut,Grade-I,FAQ,10000,20000,15000,2020-04-09
1096,Bangalore,Bangalore,Coconut,Grade-I,FAQ,10000,20000,15000,2020-04-13
1097,Bangalore,Bangalore,Coconut,Grade-I,FAQ,10000,20000,15000,2020-04-16
1098,Bangalore,Bangalore,Coconut,Grade-I,FAQ,10000,20000,15000,2020-07-29
1099,Bangalore,Bangalore,Coconut,Grade-I,FAQ,10000,20000,15000,2020-07-30
1100,Bangalore,Bangalore,Coconut,Grade-I,FAQ,10000,20000,15000,2020-07-31
1101,Bangalore,Bangalore,Coconut,Grade-I,FAQ,10000,23000,16300,2020-07-15
1102,Bangalore,Bangalore,Coconut,Grade-I,FAQ,10000,23000,16500,2019-12-02
1103,Bangalore,Bangalore,Coconut,Grade-I,FAQ,10000,23000,16500,2019-11-02
1104,Bangalore,Bangalore,Coconut,Grade-I,FAQ,10000,23000,16500,2019-12-03
1105,Bangalore,Bangalore,Coconut,Grade-I,FAQ,10000,23000,16500,2019-12-04
1106,Bangalore,Bangalore,Coconut,Grade-I,FAQ,10000,23000,16500,2019-11-04
1107,Bangalore,Bangalore,Coconut,Grade-I,FAQ,10000,23000,16500,2019-11-05
1108,Bangalore,Bangalore,Coconut,Grade-I,FAQ,10000,23000,16500,2019-12-06
1109,Bangalore,Bangalore,Coconut,Grade-I,FAQ,10000,23000,16500,2020-07-06
1110,Bangalore,Bangalore,Coconut,Grade-I,FAQ,10000,23000,16500,2019-11-06
1111,Bangalore,Bangalore,Coconut,Grade-I,FAQ,10000,23000,16500,2019-12-07
1112,Bangalore,Bangalore,Coconut,Grade-I,FAQ,10000,23000,16500,2020-07-07
1113,Bangalore,Bangalore,Coconut,Grade-I,FAQ,10000,23000,16500,2019-11-07
1114,Bangalore,Bangalore,Coconut,Grade-I,FAQ,10000,23000,16500,2020-07-08
1115,Bangalore,Bangalore,Coconut,Grade-I,FAQ,10000,23000,16500,2019-11-08
1116,Bangalore,Bangalore,Coconut,Grade-I,FAQ,10000,23000,16500,2019-12-09
1117,Bangalore,Bangalore,Coconut,Grade-I,FAQ,10000,23000,16500,2020-07-09
1118,Bangalore,Bangalore,Coconut,Grade-I,FAQ,10000,23000,16500,2019-12-10
1119,Bangalore,Bangalore,Coconut,Grade-I,FAQ,10000,23000,16500,2020-07-10
1120,Bangalore,Bangalore,Coconut,Grade-I,FAQ,10000,23000,16500,2019-12-11
1121,Bangalore,Bangalore,Coconut,Grade-I,FAQ,10000,23000,16500,2019-12-12
1122,Bangalore,Bangalore,Coconut,Grade-I,FAQ,10000,23000,16500,2019-11-12
1123,Bangalore,Bangalore,Coconut,Grade-I,FAQ,10000,23000,16500,2019-12-13
1124,Bangalore,Bangalore,Coconut,Grade-I,FAQ,10000,23000,16500,2020-07-13
1125,Bangalore,Bangalore,Coconut,Grade-I,FAQ,10000,23000,16500,2019-11-13
1126,Bangalore,Bangalore,Coconut,Grade-I,FAQ,10000,23000,16500,2020-07-14
1127,Bangalore,Bangalore,Coconut,Grade-I,FAQ,10000,23000,16500,2019-11-14
1128,Bangalore,Bangalore,Coconut,Grade-I,FAQ,10000,23000,16500,2019-12-16
1129,Bangalore,Bangalore,Coconut,Grade-I,FAQ,10000,23000,16500,2020-07-16
1130,Bangalore,Bangalore,Coconut,Grade-I,FAQ,10000,23000,16500,2019-12-17
1131,Bangalore,Bangalore,Coconut,Grade-I,FAQ,10000,23000,16500,2020-07-17
1132,Bangalore,Bangalore,Coconut,Grade-I,FAQ,10000,23000,16500,2019-11-18
1133,Bangalore,Bangalore,Coconut,Grade-I,FAQ,10000,23000,16500,2019-12-19
1134,Bangalore,Bangalore,Coconut,Grade-I,FAQ,10000,23000,16500,2019-11-19
1135,Bangalore,Bangalore,Coconut,Grade-I,FAQ,10000,23000,16500,2019-12-20
1136,Bangalore,Bangalore,Coconut,Grade-I,FAQ,10000,23000,16500,2020-07-20
1137,Bangalore,Bangalore,Coconut,Grade-I,FAQ,10000,23000,16500,2019-11-20
1138,Bangalore,Bangalore,Coconut,Grade-I,FAQ,10000,23000,16500,2019-12-21
1139,Bangalore,Bangalore,Coconut,Grade-I,FAQ,10000,23000,16500,2020-07-21
1140,Bangalore,Bangalore,Coconut,Grade-I,FAQ,10000,23000,16500,2019-11-21
1141,Bangalore,Bangalore,Coconut,Grade-I,FAQ,10000,23000,16500,2020-07-22
1142,Bangalore,Bangalore,Coconut,Grade-I,FAQ,10000,23000,16500,2019-11-22
1143,Bangalore,Bangalore,Coconut,Grade-I,FAQ,10000,23000,16500,2019-12-23
1144,Bangalore,Bangalore,Coconut,Grade-I,FAQ,10000,23000,16500,2019-12-24
1145,Bangalore,Bangalore,Coconut,Grade-I,FAQ,10000,23000,16500,2019-12-26
1146,Bangalore,Bangalore,Coconut,Grade-I,FAQ,10000,23000,16500,2019-11-26
1147,Bangalore,Bangalore,Coconut,Grade-I,FAQ,10000,23000,16500,2019-11-28
1148,Bangalore,Bangalore,Coconut,Grade-I,FAQ,10000,23000,16500,2019-10-28
1149,Bangalore,Bangalore,Coconut,Grade-I,FAQ,10000,23000,16500,2019-11-29
1150,Bangalore,Bangalore,Coconut,Grade-I,FAQ,10000,23000,16500,2019-12-30
1151,Bangalore,Bangalore,Coconut,Grade-I,FAQ,10000,23000,16500,2019-11-30
1152,Bangalore,Bangalore,Coconut,Grade-I,FAQ,10000,23000,16500,2019-10-30
1153,Bangalore,Bangalore,Coconut,Grade-I,FAQ,10000,23000,16500,2019-12-31
1154,Bangalore,Bangalore,Coconut,Grade-I,FAQ,10000,23000,16500,2019-10-31
1155,Bangalore,Bangalore,Coconut,Grade-I,FAQ,10000,24000,17000,2020-05-19
1156,Bangalore,Bangalore,Coconut,Grade-I,FAQ,10000,24000,17000,2020-05-21
1157,Bangalore,Bangalore,Coconut,Grade-I,FAQ,11000,24000,17500,2020-01-22
1158,Bangalore,Bangalore,Coconut,Grade-I,FAQ,11000,24000,17500,2020-01-23
1159,Bangalore,Bangalore,Coconut,Grade-I,FAQ,11000,24000,17500,2020-01-24
1160,Bangalore,Bangalore,Coconut,Grade-I,FAQ,11000,24000,17500,2020-01-28
1161,Bangalore,Bangalore,Coconut,Grade-I,FAQ,11000,24000,17500,2020-01-29
1162,Bangalore,Bangalore,Coconut,Grade-I,FAQ,11000,24000,17500,2020-01-30
1163,Bangalore,Bangalore,Coconut,Grade-I,FAQ,11000,24000,17500,2020-01-31
1164,Bangalore,Bangalore,Coconut,Grade-I,FAQ,12000,20000,16000,2020-07-23
1165,Bangalore,Bangalore,Coconut,Grade-I,FAQ,12000,20000,16000,2020-07-24
1166,Bangalore,Bangalore,Coconut,Grade-I,FAQ,12000,20000,16000,2020-07-27
1167,Bangalore,Bangalore,Coconut,Grade-I,FAQ,12000,20000,16000,2020-07-28
1168,Bangalore,Bangalore,Coconut,Grade-I,FAQ,12000,22000,17000,2020-07-01
1169,Bangalore,Bangalore,Coconut,Grade-I,FAQ,12000,22000,17000,2020-07-02
1170,Bangalore,Bangalore,Coconut,Grade-I,FAQ,12000,22000,17000,2020-07-03
1171,Bangalore,Bangalore,Coconut,Grade-I,FAQ,12000,22000,17000,2020-07-04
1172,Bangalore,Bangalore,Coconut,Grade-I,FAQ,12000,23000,17500,2020-02-01
1173,Bangalore,Bangalore,Coconut,Grade-I,FAQ,12000,23000,17500,2020-02-04
1174,Bangalore,Bangalore,Coconut,Grade-I,FAQ,12000,23000,17500,2020-02-05
1175,Bangalore,Bangalore,Coconut,Grade-I,FAQ,12000,23000,17500,2020-02-06
1176,Bangalore,Bangalore,Coconut,Grade-I,FAQ,12000,23000,17500,2020-02-07
1177,Bangalore,Bangalore,Coconut,Grade-I,FAQ,12000,23000,17500,2020-02-11
1178,Bangalore,Bangalore,Coconut,Grade-I,FAQ,12000,23000,17500,2020-02-12
1179,Bangalore,Bangalore,Coconut,Grade-I,FAQ,12000,23000,17500,2020-02-13
1180,Bangalore,Bangalore,Coconut,Grade-I,FAQ,12000,23000,17500,2020-02-14
1181,Bangalore,Bangalore,Coconut,Grade-I,FAQ,12000,23000,17500,2020-02-15
1182,Bangalore,Bangalore,Coconut,Grade-I,FAQ,12000,23000,17500,2020-02-17
1183,Bangalore,Bangalore,Coconut,Grade-I,FAQ,12000,23000,17500,2020-02-18
1184,Bangalore,Bangalore,Coconut,Grade-I,FAQ,12000,23000,17500,2020-02-19
1185,Bangalore,Bangalore,Coconut,Grade-I,FAQ,12000,23000,17500,2020-02-20
1186,Bangalore,Bangalore,Coconut,Grade-I,FAQ,12000,23000,17500,2020-02-25
1187,Bangalore,Bangalore,Coconut,Grade-I,FAQ,12000,23000,17500,2020-02-26
1188,Bangalore,Bangalore,Coconut,Grade-I,FAQ,12000,23000,17500,2020-02-27
1189,Bangalore,Bangalore,Coconut,Grade-I,FAQ,12000,23000,17500,2020-02-28
1190,Bangalore,Bangalore,Coconut,Grade-I,FAQ,12000,24000,18000,2020-05-12
1191,Bangalore,Bangalore,Coconut,Grade-I,FAQ,12000,24000,18000,2020-05-14
1192,Bangalore,Bangalore,Coconut,Grade-I,FAQ,12000,25000,18500,2020-04-01
1193,Bangalore,Bangalore,Coconut,Grade-I,FAQ,12000,25000,18500,2020-04-02
1194,Bangalore,Bangalore,Coconut,Grade-I,FAQ,12000,25000,18500,2020-06-02
1195,Bangalore,Bangalore,Coconut,Grade-I,FAQ,12000,25000,18500,2020-04-03
1196,Bangalore,Bangalore,Coconut,Grade-I,FAQ,12000,25000,18500,2020-06-03
1197,Bangalore,Bangalore,Coconut,Grade-I,FAQ,12000,25000,18500,2020-04-04
1198,Bangalore,Bangalore,Coconut,Grade-I,FAQ,12000,25000,18500,2020-06-04
1199,Bangalore,Bangalore,Coconut,Grade-I,FAQ,12000,25000,18500,2020-06-05
1200,Bangalore,Bangalore,Coconut,Grade-I,FAQ,12000,25000,18500,2020-06-06
1201,Bangalore,Bangalore,Coconut,Grade-I,FAQ,12000,25000,18500,2020-06-08
1202,Bangalore,Bangalore,Coconut,Grade-I,FAQ,12000,25000,18500,2020-06-09
1203,Bangalore,Bangalore,Coconut,Grade-I,FAQ,12000,25000,18500,2020-06-10
1204,Bangalore,Bangalore,Coconut,Grade-I,FAQ,12000,25000,18500,2020-06-12
1205,Bangalore,Bangalore,Coconut,Grade-I,FAQ,12000,29000,20500,2020-03-13
1206,Bangalore,Bangalore,Coconut,Grade-I,FAQ,12000,29000,20500,2020-03-17
1207,Bangalore,Bangalore,Coconut,Grade-I,FAQ,12000,29000,20500,2020-03-18
1208,Bangalore,Bangalore,Coconut,Grade-I,FAQ,12000,29000,20500,2020-03-19
1209,Bangalore,Bangalore,Coconut,Grade-I,FAQ,12000,29000,20500,2020-03-20
1210,Bangalore,Bangalore,Coconut,Grade-I,FAQ,12000,29000,20500,2020-03-21
1211,Bangalore,Bangalore,Coconut,Grade-I,FAQ,12000,29000,20500,2020-03-23
1212,Bangalore,Bangalore,Coconut,Grade-I,FAQ,12000,29000,20500,2020-03-24
1213,Bangalore,Bangalore,Coconut,Grade-I,FAQ,12000,29000,20500,2020-03-30
1214,Bangalore,Bangalore,Coconut,Grade-I,FAQ,12000,29000,20500,2020-03-31
1215,Bangalore,Bangalore,Coconut,Grade-I,FAQ,13000,20000,16500,2020-06-15
1216,Bangalore,Bangalore,Coconut,Grade-I,FAQ,13000,20000,16500,2020-06-16
1217,Bangalore,Bangalore,Coconut,Grade-I,FAQ,13000,20000,16500,2020-06-17
1218,Bangalore,Bangalore,Coconut,Grade-I,FAQ,13000,20000,16500,2020-06-18
1219,Bangalore,Bangalore,Coconut,Grade-I,FAQ,13000,20000,16500,2020-06-20
1220,Bangalore,Bangalore,Coconut,Grade-I,FAQ,13000,20000,16500,2020-06-22
1221,Bangalore,Bangalore,Coconut,Grade-I,FAQ,13000,20000,16500,2020-06-23
1222,Bangalore,Bangalore,Coconut,Grade-I,FAQ,13000,20000,16500,2020-06-24
1223,Bangalore,Bangalore,Coconut,Grade-I,FAQ,13000,20000,16500,2020-06-25
1224,Bangalore,Bangalore,Coconut,Grade-I,FAQ,13000,20000,16500,2020-06-26
1225,Bangalore,Bangalore,Coconut,Grade-I,FAQ,13000,20000,16500,2020-06-29
1226,Bangalore,Bangalore,Coconut,Grade-I,FAQ,13000,20000,16500,2020-06-30
1227,Bangalore,Bangalore,Coconut,Grade-I,FAQ,14000,22000,18000,2019-10-15
1228,Bangalore,Bangalore,Coconut,Grade-I,FAQ,14000,22000,18000,2019-10-16
1229,Bangalore,Bangalore,Coconut,Grade-I,FAQ,14000,22000,18000,2019-10-17
1230,Bangalore,Bangalore,Coconut,Grade-I,FAQ,14000,22000,18000,2019-10-18
1231,Bangalore,Bangalore,Coconut,Grade-I,FAQ,14000,22000,18000,2019-10-19
1232,Bangalore,Bangalore,Coconut,Grade-I,FAQ,14000,22000,18000,2019-10-21
1233,Bangalore,Bangalore,Coconut,Grade-I,FAQ,14000,22000,18000,2019-10-22
1234,Bangalore,Bangalore,Coconut,Grade-I,FAQ,14000,22000,18000,2019-10-23
1235,Bangalore,Bangalore,Coconut,Grade-I,FAQ,14000,22000,18000,2019-10-24
1236,Bangalore,Bangalore,Coconut,Grade-I,FAQ,14000,22000,18000,2019-10-25
1237,Bangalore,Bangalore,Coconut,Grade-I,FAQ,15000,20000,17500,2022-03-02
1238,Bangalore,Bangalore,Coconut,Grade-I,FAQ,15000,20000,17500,2022-03-03
1239,Bangalore,Bangalore,Coconut,Grade-I,FAQ,15000,20000,17500,2022-03-04
1240,Bangalore,Bangalore,Coconut,Grade-I,FAQ,15000,20000,17500,2022-03-05
1241,Bangalore,Bangalore,Coconut,Grade-I,FAQ,15000,20000,17500,2020-11-05
1242,Bangalore,Bangalore,Coconut,Grade-I,FAQ,15000,20000,17500,2020-11-06
1243,Bangalore,Bangalore,Coconut,Grade-I,FAQ,15000,20000,17500,2022-03-07
1244,Bangalore,Bangalore,Coconut,Grade-I,FAQ,15000,20000,17500,2020-11-07
1245,Bangalore,Bangalore,Coconut,Grade-I,FAQ,15000,20000,17500,2022-03-08
1246,Bangalore,Bangalore,Coconut,Grade-I,FAQ,15000,20000,17500,2022-02-09
1247,Bangalore,Bangalore,Coconut,Grade-I,FAQ,15000,20000,17500,2022-03-09
1248,Bangalore,Bangalore,Coconut,Grade-I,FAQ,15000,20000,17500,2020-11-09
1249,Bangalore,Bangalore,Coconut,Grade-I,FAQ,15000,20000,17500,2022-02-10
1250,Bangalore,Bangalore,Coconut,Grade-I,FAQ,15000,20000,17500,2020-11-10
1251,Bangalore,Bangalore,Coconut,Grade-I,FAQ,15000,20000,17500,2022-02-11
1252,Bangalore,Bangalore,Coconut,Grade-I,FAQ,15000,20000,17500,2022-03-11
1253,Bangalore,Bangalore,Coconut,Grade-I,FAQ,15000,20000,17500,2020-11-11
1254,Bangalore,Bangalore,Coconut,Grade-I,FAQ,15000,20000,17500,2020-11-12
1255,Bangalore,Bangalore,Coconut,Grade-I,FAQ,15000,20000,17500,2020-10-13
1256,Bangalore,Bangalore,Coconut,Grade-I,FAQ,15000,20000,17500,2022-02-14
1257,Bangalore,Bangalore,Coconut,Grade-I,FAQ,15000,20000,17500,2022-03-14
1258,Bangalore,Bangalore,Coconut,Grade-I,FAQ,15000,20000,17500,2020-10-14
1259,Bangalore,Bangalore,Coconut,Grade-I,FAQ,15000,20000,17500,2022-02-15
1260,Bangalore,Bangalore,Coconut,Grade-I,FAQ,15000,20000,17500,2022-03-15
1261,Bangalore,Bangalore,Coconut,Grade-I,FAQ,15000,20000,17500,2020-10-15
1262,Bangalore,Bangalore,Coconut,Grade-I,FAQ,15000,20000,17500,2022-02-16
1263,Bangalore,Bangalore,Coconut,Grade-I,FAQ,15000,20000,17500,2022-03-16
1264,Bangalore,Bangalore,Coconut,Grade-I,FAQ,15000,20000,17500,2020-10-16
1265,Bangalore,Bangalore,Coconut,Grade-I,FAQ,15000,20000,17500,2022-02-17
1266,Bangalore,Bangalore,Coconut,Grade-I,FAQ,15000,20000,17500,2022-03-17
1267,Bangalore,Bangalore,Coconut,Grade-I,FAQ,15000,20000,17500,2022-02-18
1268,Bangalore,Bangalore,Coconut,Grade-I,FAQ,15000,20000,17500,2022-03-18
1269,Bangalore,Bangalore,Coconut,Grade-I,FAQ,15000,20000,17500,2022-02-19
1270,Bangalore,Bangalore,Coconut,Grade-I,FAQ,15000,20000,17500,2022-03-19
1271,Bangalore,Bangalore,Coconut,Grade-I,FAQ,15000,20000,17500,2022-02-21
1272,Bangalore,Bangalore,Coconut,Grade-I,FAQ,15000,20000,17500,2022-03-21
1273,Bangalore,Bangalore,Coconut,Grade-I,FAQ,15000,20000,17500,2022-08-22
1274,Bangalore,Bangalore,Coconut,Grade-I,FAQ,15000,20000,17500,2022-02-22
1275,Bangalore,Bangalore,Coconut,Grade-I,FAQ,15000,20000,17500,2022-08-23
1276,Bangalore,Bangalore,Coconut,Grade-I,FAQ,15000,20000,17500,2022-02-23
1277,Bangalore,Bangalore,Coconut,Grade-I,FAQ,15000,20000,17500,2022-03-23
1278,Bangalore,Bangalore,Coconut,Grade-I,FAQ,15000,20000,17500,2022-08-24
1279,Bangalore,Bangalore,Coconut,Grade-I,FAQ,15000,20000,17500,2022-08-25
1280,Bangalore,Bangalore,Coconut,Grade-I,FAQ,15000,20000,17500,2022-02-25
1281,Bangalore,Bangalore,Coconut,Grade-I,FAQ,15000,20000,17500,2022-03-25
1282,Bangalore,Bangalore,Coconut,Grade-I,FAQ,15000,20000,17500,2022-08-26
1283,Bangalore,Bangalore,Coconut,Grade-I,FAQ,15000,20000,17500,2022-02-28
1284,Bangalore,Bangalore,Coconut,Grade-I,FAQ,15000,20000,17500,2022-03-28
1285,Bangalore,Bangalore,Coconut,Grade-I,FAQ,15000,20000,17500,2022-08-29
1286,Bangalore,Bangalore,Coconut,Grade-I,FAQ,15000,20000,17500,2022-08-30
1287,Bangalore,Bangalore,Coconut,Grade-I,FAQ,15000,23000,19000,2019-10-01
1288,Bangalore,Bangalore,Coconut,Grade-I,FAQ,15000,23000,19000,2019-10-04
1289,Bangalore,Bangalore,Coconut,Grade-I,FAQ,15000,23000,19000,2019-10-05
1290,Bangalore,Bangalore,Coconut,Grade-I,FAQ,15000,23000,19000,2019-10-10
1291,Bangalore,Bangalore,Coconut,Grade-I,FAQ,15000,23000,19000,2019-10-11
1292,Bangalore,Bangalore,Coconut,Grade-I,FAQ,15000,23000,19000,2019-10-14
1293,Bangalore,Bangalore,Coconut,Grade-I,FAQ,15000,23000,19000,2019-09-17
1294,Bangalore,Bangalore,Coconut,Grade-I,FAQ,15000,23000,19000,2019-09-18
1295,Bangalore,Bangalore,Coconut,Grade-I,FAQ,15000,23000,19000,2019-09-19
1296,Bangalore,Bangalore,Coconut,Grade-I,FAQ,15000,23000,19000,2019-09-20
1297,Bangalore,Bangalore,Coconut,Grade-I,FAQ,15000,23000,19000,2019-09-21
1298,Bangalore,Bangalore,Coconut,Grade-I,FAQ,15000,23000,19000,2019-09-23
1299,Bangalore,Bangalore,Coconut,Grade-I,FAQ,15000,23000,19000,2019-09-24
1300,Bangalore,Bangalore,Coconut,Grade-I,FAQ,15000,23000,19000,2019-09-25
1301,Bangalore,Bangalore,Coconut,Grade-I,FAQ,15000,23000,19000,2019-09-26
1302,Bangalore,Bangalore,Coconut,Grade-I,FAQ,15000,23000,19000,2019-09-27
1303,Bangalore,Bangalore,Coconut,Grade-I,FAQ,15000,25000,20000,2023-04-01
1304,Bangalore,Bangalore,Coconut,Grade-I,FAQ,15000,25000,20000,2023-08-01
1305,Bangalore,Bangalore,Coconut,Grade-I,FAQ,15000,25000,20000,2024-08-01
1306,Bangalore,Bangalore,Coconut,Grade-I,FAQ,15000,25000,20000,2021-12-01
1307,Bangalore,Bangalore,Coconut,Grade-I,FAQ,15000,25000,20000,2022-12-01
1308,Bangalore,Bangalore,Coconut,Grade-I,FAQ,15000,25000,20000,2023-12-01
1309,Bangalore,Bangalore,Coconut,Grade-I,FAQ,15000,25000,20000,2022-02-01
1310,Bangalore,Bangalore,Coconut,Grade-I,FAQ,15000,25000,20000,2023-02-01
1311,Bangalore,Bangalore,Coconut,Grade-I,FAQ,15000,25000,20000,2024-02-01
1312,Bangalore,Bangalore,Coconut,Grade-I,FAQ,15000,25000,20000,2024-01-01
1313,Bangalore,Bangalore,Coconut,Grade-I,FAQ,15000,25000,20000,2023-07-01
1314,Bangalore,Bangalore,Coconut,Grade-I,FAQ,15000,25000,20000,2024-07-01
1315,Bangalore,Bangalore,Coconut,Grade-I,FAQ,15000,25000,20000,2023-06-01
1316,Bangalore,Bangalore,Coconut,Grade-I,FAQ,15000,25000,20000,2024-03-01
1317,Bangalore,Bangalore,Coconut,Grade-I,FAQ,15000,25000,20000,2022-10-01
1318,Bangalore,Bangalore,Coconut,Grade-I,FAQ,15000,25000,20000,2024-10-01
1319,Bangalore,Bangalore,Coconut,Grade-I,FAQ,15000,25000,20000,2023-09-01
1320,Bangalore,Bangalore,Coconut,Grade-I,FAQ,15000,25000,20000,2023-08-02
1321,Bangalore,Bangalore,Coconut,Grade-I,FAQ,15000,25000,20000,2024-08-02
1322,Bangalore,Bangalore,Coconut,Grade-I,FAQ,15000,25000,20000,2021-12-02
1323,Bangalore,Bangalore,Coconut,Grade-I,FAQ,15000,25000,20000,2022-12-02
1324,Bangalore,Bangalore,Coconut,Grade-I,FAQ,15000,25000,20000,2023-12-02
1325,Bangalore,Bangalore,Coconut,Grade-I,FAQ,15000,25000,20000,2022-02-02
1326,Bangalore,Bangalore,Coconut,Grade-I,FAQ,15000,25000,20000,2023-02-02
1327,Bangalore,Bangalore,Coconut,Grade-I,FAQ,15000,25000,20000,2024-02-02
1328,Bangalore,Bangalore,Coconut,Grade-I,FAQ,15000,25000,20000,2023-01-02
1329,Bangalore,Bangalore,Coconut,Grade-I,FAQ,15000,25000,20000,2024-01-02
1330,Bangalore,Bangalore,Coconut,Grade-I,FAQ,15000,25000,20000,2024-07-02
1331,Bangalore,Bangalore,Coconut,Grade-I,FAQ,15000,25000,20000,2022-06-02
1332,Bangalore,Bangalore,Coconut,Grade-I,FAQ,15000,25000,20000,2023-06-02
1333,Bangalore,Bangalore,Coconut,Grade-I,FAQ,15000,25000,20000,2023-03-02
1334,Bangalore,Bangalore,Coconut,Grade-I,FAQ,15000,25000,20000,2024-03-02
1335,Bangalore,Bangalore,Coconut,Grade-I,FAQ,15000,25000,20000,2024-05-02
1336,Bangalore,Bangalore,Coconut,Grade-I,FAQ,15000,25000,20000,2022-11-02
1337,Bangalore,Bangalore,Coconut,Grade-I,FAQ,15000,25000,20000,2023-09-02
1338,Bangalore,Bangalore,Coconut,Grade-I,FAQ,15000,25000,20000,2023-04-03
1339,Bangalore,Bangalore,Coconut,Grade-I,FAQ,15000,25000,20000,2023-08-03
1340,Bangalore,Bangalore,Coconut,Grade-I,FAQ,15000,25000,20000,2024-08-03
1341,Bangalore,Bangalore,Coconut,Grade-I,FAQ,15000,25000,20000,2021-12-03
1342,Bangalore,Bangalore,Coconut,Grade-I,FAQ,15000,25000,20000,2022-12-03
1343,Bangalore,Bangalore,Coconut,Grade-I,FAQ,15000,25000,20000,2022-02-03
1344,Bangalore,Bangalore,Coconut,Grade-I,FAQ,15000,25000,20000,2023-02-03
1345,Bangalore,Bangalore,Coconut,Grade-I,FAQ,15000,25000,20000,2024-02-03
1346,Bangalore,Bangalore,Coconut,Grade-I,FAQ,15000,25000,20000,2022-01-03
1347,Bangalore,Bangalore,Coconut,Grade-I,FAQ,15000,25000,20000,2023-01-03
1348,Bangalore,Bangalore,Coconut,Grade-I,FAQ,15000,25000,20000,2024-01-03
1349,Bangalore,Bangalore,Coconut,Grade-I,FAQ,15000,25000,20000,2023-07-03
1350,Bangalore,Bangalore,Coconut,Grade-I,FAQ,15000,25000,20000,2024-07-03
1351,Bangalore,Bangalore,Coconut,Grade-I,FAQ,15000,25000,20000,2022-06-03
1352,Bangalore,Bangalore,Coconut,Grade-I,FAQ,15000,25000,20000,2023-06-03
1353,Bangalore,Bangalore,Coconut,Grade-I,FAQ,15000,25000,20000,2023-03-03
1354,Bangalore,Bangalore,Coconut,Grade-I,FAQ,15000,25000,20000,2023-05-03
1355,Bangalore,Bangalore,Coconut,Grade-I,FAQ,15000,25000,20000,2024-05-03
1356,Bangalore,Bangalore,Coconut,Grade-I,FAQ,15000,25000,20000,2022-11-03
1357,Bangalore,Bangalore,Coconut,Grade-I,FAQ,15000,25000,20000,2023-11-03
1358,Bangalore,Bangalore,Coconut,Grade-I,FAQ,15000,25000,20000,2022-10-03
1359,Bangalore,Bangalore,Coconut,Grade-I,FAQ,15000,25000,20000,2023-10-03
1360,Bangalore,Bangalore,Coconut,Grade-I,FAQ,15000,25000,20000,2024-10-03
1361,Bangalore,Bangalore,Coconut,Grade-I,FAQ,15000,25000,20000,2023-08-04
1362,Bangalore,Bangalore,Coconut,Grade-I,FAQ,15000,25000,20000,2021-12-04
1363,Bangalore,Bangalore,Coconut,Grade-I,FAQ,15000,25000,20000,2023-12-04
1364,Bangalore,Bangalore,Coconut,Grade-I,FAQ,15000,25000,20000,2022-02-04
1365,Bangalore,Bangalore,Coconut,Grade-I,FAQ,15000,25000,20000,2023-02-04
1366,Bangalore,Bangalore,Coconut,Grade-I,FAQ,15000,25000,20000,2022-01-04
1367,Bangalore,Bangalore,Coconut,Grade-I,FAQ,15000,25000,20000,2023-01-04
1368,Bangalore,Bangalore,Coconut,Grade-I,FAQ,15000,25000,20000,2024-01-04
1369,Bangalore,Bangalore,Coconut,Grade-I,FAQ,15000,25000,20000,2023-07-04
1370,Bangalore,Bangalore,Coconut,Grade-I,FAQ,15000,25000,20000,2024-07-04
1371,Bangalore,Bangalore,Coconut,Grade-I,FAQ,15000,25000,20000,2022-06-04
1372,Bangalore,Bangalore,Coconut,Grade-I,FAQ,15000,25000,20000,2024-03-04
1373,Bangalore,Bangalore,Coconut,Grade-I,FAQ,15000,25000,20000,2023-05-04
1374,Bangalore,Bangalore,Coconut,Grade-I,FAQ,15000,25000,20000,2024-05-04
1375,Bangalore,Bangalore,Coconut,Grade-I,FAQ,15000,25000,20000,2022-11-04
1376,Bangalore,Bangalore,Coconut,Grade-I,FAQ,15000,25000,20000,2023-11-04
1377,Bangalore,Bangalore,Coconut,Grade-I,FAQ,15000,25000,20000,2024-11-04
1378,Bangalore,Bangalore,Coconut,Grade-I,FAQ,15000,25000,20000,2023-10-04
1379,Bangalore,Bangalore,Coconut,Grade-I,FAQ,15000,25000,20000,2023-09-04
1380,Bangalore,Bangalore,Coconut,Grade-I,FAQ,15000,25000,20000,2023-04-05
1381,Bangalore,Bangalore,Coconut,Grade-I,FAQ,15000,25000,20000,2024-04-05
1382,Bangalore,Bangalore,Coconut,Grade-I,FAQ,15000,25000,20000,2023-08-05
1383,Bangalore,Bangalore,Coconut,Grade-I,FAQ,15000,25000,20000,2024-08-05
1384,Bangalore,Bangalore,Coconut,Grade-I,FAQ,15000,25000,20000,2022-12-05
1385,Bangalore,Bangalore,Coconut,Grade-I,FAQ,15000,25000,20000,2023-12-05
1386,Bangalore,Bangalore,Coconut,Grade-I,FAQ,15000,25000,20000,2022-02-05
1387,Bangalore,Bangalore,Coconut,Grade-I,FAQ,15000,25000,20000,2022-01-05
1388,Bangalore,Bangalore,Coconut,Grade-I,FAQ,15000,25000,20000,2023-01-05
1389,Bangalore,Bangalore,Coconut,Grade-I,FAQ,15000,25000,20000,2024-01-05
1390,Bangalore,Bangalore,Coconut,Grade-I,FAQ,15000,25000,20000,2023-07-05
1391,Bangalore,Bangalore,Coconut,Grade-I,FAQ,15000,25000,20000,2023-06-05
1392,Bangalore,Bangalore,Coconut,Grade-I,FAQ,15000,25000,20000,2024-03-05
1393,Bangalore,Bangalore,Coconut,Grade-I,FAQ,15000,25000,20000,2022-05-05
1394,Bangalore,Bangalore,Coconut,Grade-I,FAQ,15000,25000,20000,2023-05-05
1395,Bangalore,Bangalore,Coconut,Grade-I,FAQ,15000,25000,20000,2022-11-05
1396,Bangalore,Bangalore,Coconut,Grade-I,FAQ,15000,25000,20000,2023-10-05
1397,Bangalore,Bangalore,Coconut,Grade-I,FAQ,15000,25000,20000,2023-09-05
1398,Bangalore,Bangalore,Coconut,Grade-I,FAQ,15000,25000,20000,2023-04-06
1399,Bangalore,Bangalore,Coconut,Grade-I,FAQ,15000,25000,20000,2024-08-06
1400,Bangalore,Bangalore,Coconut,Grade-I,FAQ,15000,25000,20000,2021-12-06
1401,Bangalore,Bangalore,Coconut,Grade-I,FAQ,15000,25000,20000,2022-12-06
1402,Bangalore,Bangalore,Coconut,Grade-I,FAQ,15000,25000,20000,2023-12-06
1403,Bangalore,Bangalore,Coconut,Grade-I,FAQ,15000,25000,20000,2023-02-06
1404,Bangalore,Bangalore,Coconut,Grade-I,FAQ,15000,25000,20000,2022-01-06
1405,Bangalore,Bangalore,Coconut,Grade-I,FAQ,15000,25000,20000,2023-01-06
1406,Bangalore,Bangalore,Coconut,Grade-I,FAQ,15000,25000,20000,2024-01-06
1407,Bangalore,Bangalore,Coconut,Grade-I,FAQ,15000,25000,20000,2023-07-06
1408,Bangalore,Bangalore,Coconut,Grade-I,FAQ,15000,25000,20000,2024-07-06
1409,Bangalore,Bangalore,Coconut,Grade-I,FAQ,15000,25000,20000,2023-06-06
1410,Bangalore,Bangalore,Coconut,Grade-I,FAQ,15000,25000,20000,2024-06-06
1411,Bangalore,Bangalore,Coconut,Grade-I,FAQ,15000,25000,20000,2023-03-06
1412,Bangalore,Bangalore,Coconut,Grade-I,FAQ,15000,25000,20000,2024-03-06
1413,Bangalore,Bangalore,Coconut,Grade-I,FAQ,15000,25000,20000,2022-05-06
1414,Bangalore,Bangalore,Coconut,Grade-I,FAQ,15000,25000,20000,2023-05-06
1415,Bangalore,Bangalore,Coconut,Grade-I,FAQ,15000,25000,20000,2023-11-06
1416,Bangalore,Bangalore,Coconut,Grade-I,FAQ,15000,25000,20000,2022-10-06
1417,Bangalore,Bangalore,Coconut,Grade-I,FAQ,15000,25000,20000,2023-10-06
1418,Bangalore,Bangalore,Coconut,Grade-I,FAQ,15000,25000,20000,2023-09-06
1419,Bangalore,Bangalore,Coconut,Grade-I,FAQ,15000,25000,20000,2023-08-07
1420,Bangalore,Bangalore,Coconut,Grade-I,FAQ,15000,25000,20000,2024-08-07
1421,Bangalore,Bangalore,Coconut,Grade-I,FAQ,15000,25000,20000,2021-12-07
1422,Bangalore,Bangalore,Coconut,Grade-I,FAQ,15000,25000,20000,2022-12-07
1423,Bangalore,Bangalore,Coconut,Grade-I,FAQ,15000,25000,20000,2023-12-07
1424,Bangalore,Bangalore,Coconut,Grade-I,FAQ,15000,25000,20000,2022-02-07
1425,Bangalore,Bangalore,Coconut,Grade-I,FAQ,15000,25000,20000,2023-02-07
1426,Bangalore,Bangalore,Coconut,Grade-I,FAQ,15000,25000,20000,2024-02-07
1427,Bangalore,Bangalore,Coconut,Grade-I,FAQ,15000,25000,20000,2022-01-07
1428,Bangalore,Bangalore,Coconut,Grade-I,FAQ,15000,25000,20000,2023-01-07
1429,Bangalore,Bangalore,Coconut,Grade-I,FAQ,15000,25000,20000,2023-07-07
1430,Bangalore,Bangalore,Coconut,Grade-I,FAQ,15000,25000,20000,2023-06-07
1431,Bangalore,Bangalore,Coconut,Grade-I,FAQ,15000,25000,20000,2023-03-07
1432,Bangalore,Bangalore,Coconut,Grade-I,FAQ,15000,25000,20000,2024-03-07
1433,Bangalore,Bangalore,Coconut,Grade-I,FAQ,15000,25000,20000,2022-05-07
1434,Bangalore,Bangalore,Coconut,Grade-I,FAQ,15000,25000,20000,2022-11-07
1435,Bangalore,Bangalore,Coconut,Grade-I,FAQ,15000,25000,20000,2023-11-07
1436,Bangalore,Bangalore,Coconut,Grade-I,FAQ,15000,25000,20000,2024-11-07
1437,Bangalore,Bangalore,Coconut,Grade-I,FAQ,15000,25000,20000,2022-10-07
1438,Bangalore,Bangalore,Coconut,Grade-I,FAQ,15000,25000,20000,2023-10-07
1439,Bangalore,Bangalore,Coconut,Grade-I,FAQ,15000,25000,20000,2024-10-07
1440,Bangalore,Bangalore,Coconut,Grade-I,FAQ,15000,25000,20000,2022-08-08
1441,Bangalore,Bangalore,Coconut,Grade-I,FAQ,15000,25000,20000,2023-08-08
1442,Bangalore,Bangalore,Coconut,Grade-I,FAQ,15000,25000,20000,2024-08-08
1443,Bangalore,Bangalore,Coconut,Grade-I,FAQ,15000,25000,20000,2022-12-08
1444,Bangalore,Bangalore,Coconut,Grade-I,FAQ,15000,25000,20000,2023-12-08
1445,Bangalore,Bangalore,Coconut,Grade-I,FAQ,15000,25000,20000,2022-02-08
1446,Bangalore,Bangalore,Coconut,Grade-I,FAQ,15000,25000,20000,2023-02-08
1447,Bangalore,Bangalore,Coconut,Grade-I,FAQ,15000,25000,20000,2024-02-08
1448,Bangalore,Bangalore,Coconut,Grade-I,FAQ,15000,25000,20000,2024-01-08
1449,Bangalore,Bangalore,Coconut,Grade-I,FAQ,15000,25000,20000,2024-07-08
1450,Bangalore,Bangalore,Coconut,Grade-I,FAQ,15000,25000,20000,2023-06-08
1451,Bangalore,Bangalore,Coconut,Grade-I,FAQ,15000,25000,20000,2023-03-08
1452,Bangalore,Bangalore,Coconut,Grade-I,FAQ,15000,25000,20000,2023-05-08
1453,Bangalore,Bangalore,Coconut,Grade-I,FAQ,15000,25000,20000,2022-11-08
1454,Bangalore,Bangalore,Coconut,Grade-I,FAQ,15000,25000,20000,2023-11-08
1455,Bangalore,Bangalore,Coconut,Grade-I,FAQ,15000,25000,20000,2024-10-08
1456,Bangalore,Bangalore,Coconut,Grade-I,FAQ,15000,25000,20000,2023-09-08
1457,Bangalore,Bangalore,Coconut,Grade-I,FAQ,15000,25000,20000,2023-08-09
1458,Bangalore,Bangalore,Coconut,Grade-I,FAQ,15000,25000,20000,2024-08-09
1459,Bangalore,Bangalore,Coconut,Grade-I,FAQ,15000,25000,20000,2021-12-09
1460,Bangalore,Bangalore,Coconut,Grade-I,FAQ,15000,25000,20000,2022-12-09
1461,Bangalore,Bangalore,Coconut,Grade-I,FAQ,15000,25000,20000,2023-02-09
1462,Bangalore,Bangalore,Coconut,Grade-I,FAQ,15000,25000,20000,2023-01-09
1463,Bangalore,Bangalore,Coconut,Grade-I,FAQ,15000,25000,20000,2024-01-09
1464,Bangalore,Bangalore,Coconut,Grade-I,FAQ,15000,25000,20000,2024-07-09
1465,Bangalore,Bangalore,Coconut,Grade-I,FAQ,15000,25000,20000,2023-06-09
1466,Bangalore,Bangalore,Coconut,Grade-I,FAQ,15000,25000,20000,2023-03-09
1467,Bangalore,Bangalore,Coconut,Grade-I,FAQ,15000,25000,20000,2022-05-09
1468,Bangalore,Bangalore,Coconut,Grade-I,FAQ,15000,25000,20000,2023-05-09
1469,Bangalore,Bangalore,Coconut,Grade-I,FAQ,15000,25000,20000,2022-11-09
1470,Bangalore,Bangalore,Coconut,Grade-I,FAQ,15000,25000,20000,2023-11-09
1471,Bangalore,Bangalore,Coconut,Grade-I,FAQ,15000,25000,20000,2023-10-09
1472,Bangalore,Bangalore,Coconut,Grade-I,FAQ,15000,25000,20000,2024-10-09
1473,Bangalore,Bangalore,Coconut,Grade-I,FAQ,15000,25000,20000,2024-09-09
1474,Bangalore,Bangalore,Coconut,Grade-I,FAQ,15000,25000,20000,2023-04-10
1475,Bangalore,Bangalore,Coconut,Grade-I,FAQ,15000,25000,20000,2022-08-10
1476,Bangalore,Bangalore,Coconut,Grade-I,FAQ,15000,25000,20000,2023-08-10
1477,Bangalore,Bangalore,Coconut,Grade-I,FAQ,15000,25000,20000,2021-12-10
1478,Bangalore,Bangalore,Coconut,Grade-I,FAQ,15000,25000,20000,2023-02-10
1479,Bangalore,Bangalore,Coconut,Grade-I,FAQ,15000,25000,20000,2022-01-10
1480,Bangalore,Bangalore,Coconut,Grade-I,FAQ,15000,25000,20000,2023-01-10
1481,Bangalore,Bangalore,Coconut,Grade-I,FAQ,15000,25000,20000,2024-01-10
1482,Bangalore,Bangalore,Coconut,Grade-I,FAQ,15000,25000,20000,2024-07-10
1483,Bangalore,Bangalore,Coconut,Grade-I,FAQ,15000,25000,20000,2024-06-10
1484,Bangalore,Bangalore,Coconut,Grade-I,FAQ,15000,25000,20000,2023-03-10
1485,Bangalore,Bangalore,Coconut,Grade-I,FAQ,15000,25000,20000,2022-05-10
1486,Bangalore,Bangalore,Coconut,Grade-I,FAQ,15000,25000,20000,2022-11-10
1487,Bangalore,Bangalore,Coconut,Grade-I,FAQ,15000,25000,20000,2022-10-10
1488,Bangalore,Bangalore,Coconut,Grade-I,FAQ,15000,25000,20000,2024-10-10
1489,Bangalore,Bangalore,Coconut,Grade-I,FAQ,15000,25000,20000,2024-09-10
1490,Bangalore,Bangalore,Coconut,Grade-I,FAQ,15000,25000,20000,2023-04-11
1491,Bangalore,Bangalore,Coconut,Grade-I,FAQ,15000,25000,20000,2022-08-11
1492,Bangalore,Bangalore,Coconut,Grade-I,FAQ,15000,25000,20000,2023-08-11
1493,Bangalore,Bangalore,Coconut,Grade-I,FAQ,15000,25000,20000,2023-12-11
1494,Bangalore,Bangalore,Coconut,Grade-I,FAQ,15000,25000,20000,2022-01-11
1495,Bangalore,Bangalore,Coconut,Grade-I,FAQ,15000,25000,20000,2023-01-11
1496,Bangalore,Bangalore,Coconut,Grade-I,FAQ,15000,25000,20000,2024-07-11
1497,Bangalore,Bangalore,Coconut,Grade-I,FAQ,15000,25000,20000,2024-06-11
1498,Bangalore,Bangalore,Coconut,Grade-I,FAQ,15000,25000,20000,2022-05-11
1499,Bangalore,Bangalore,Coconut,Grade-I,FAQ,15000,25000,20000,2022-10-11
1500,Bangalore,Bangalore,Coconut,Grade-I,FAQ,15000,25000,20000,2023-09-11
1501,Bangalore,Bangalore,Coconut,Grade-I,FAQ,15000,25000,20000,2024-09-11
1502,Bangalore,Bangalore,Coconut,Grade-I,FAQ,15000,25000,20000,2023-04-12
1503,Bangalore,Bangalore,Coconut,Grade-I,FAQ,15000,25000,20000,2022-08-12
1504,Bangalore,Bangalore,Coconut,Grade-I,FAQ,15000,25000,20000,2022-12-12
1505,Bangalore,Bangalore,Coconut,Grade-I,FAQ,15000,25000,20000,2023-12-12
1506,Bangalore,Bangalore,Coconut,Grade-I,FAQ,15000,25000,20000,2022-01-12
1507,Bangalore,Bangalore,Coconut,Grade-I,FAQ,15000,25000,20000,2023-01-12
1508,Bangalore,Bangalore,Coconut,Grade-I,FAQ,15000,25000,20000,2023-07-12
1509,Bangalore,Bangalore,Coconut,Grade-I,FAQ,15000,25000,20000,2024-07-12
1510,Bangalore,Bangalore,Coconut,Grade-I,FAQ,15000,25000,20000,2023-06-12
1511,Bangalore,Bangalore,Coconut,Grade-I,FAQ,15000,25000,20000,2024-06-12
1512,Bangalore,Bangalore,Coconut,Grade-I,FAQ,15000,25000,20000,2024-03-12
1513,Bangalore,Bangalore,Coconut,Grade-I,FAQ,15000,25000,20000,2022-05-12
1514,Bangalore,Bangalore,Coconut,Grade-I,FAQ,15000,25000,20000,2023-05-12
1515,Bangalore,Bangalore,Coconut,Grade-I,FAQ,15000,25000,20000,2022-10-12
1516,Bangalore,Bangalore,Coconut,Grade-I,FAQ,15000,25000,20000,2023-09-12
1517,Bangalore,Bangalore,Coconut,Grade-I,FAQ,15000,25000,20000,2024-09-12
1518,Bangalore,Bangalore,Coconut,Grade-I,FAQ,15000,25000,20000,2023-04-13
1519,Bangalore,Bangalore,Coconut,Grade-I,FAQ,15000,25000,20000,2024-08-13
1520,Bangalore,Bangalore,Coconut,Grade-I,FAQ,15000,25000,20000,2021-12-13
1521,Bangalore,Bangalore,Coconut,Grade-I,FAQ,15000,25000,20000,2022-12-13
1522,Bangalore,Bangalore,Coconut,Grade-I,FAQ,15000,25000,20000,2023-12-13
1523,Bangalore,Bangalore,Coconut,Grade-I,FAQ,15000,25000,20000,2023-02-13
1524,Bangalore,Bangalore,Coconut,Grade-I,FAQ,15000,25000,20000,2022-01-13
1525,Bangalore,Bangalore,Coconut,Grade-I,FAQ,15000,25000,20000,2023-01-13
1526,Bangalore,Bangalore,Coconut,Grade-I,FAQ,15000,25000,20000,2023-07-13
1527,Bangalore,Bangalore,Coconut,Grade-I,FAQ,15000,25000,20000,2023-06-13
1528,Bangalore,Bangalore,Coconut,Grade-I,FAQ,15000,25000,20000,2024-06-13
1529,Bangalore,Bangalore,Coconut,Grade-I,FAQ,15000,25000,20000,2024-03-13
1530,Bangalore,Bangalore,Coconut,Grade-I,FAQ,15000,25000,20000,2022-05-13
1531,Bangalore,Bangalore,Coconut,Grade-I,FAQ,15000,25000,20000,2022-10-13
1532,Bangalore,Bangalore,Coconut,Grade-I,FAQ,15000,25000,20000,2023-09-13
1533,Bangalore,Bangalore,Coconut,Grade-I,FAQ,15000,25000,20000,2024-09-13
1534,Bangalore,Bangalore,Coconut,Grade-I,FAQ,15000,25000,20000,2024-08-14
1535,Bangalore,Bangalore,Coconut,Grade-I,FAQ,15000,25000,20000,2021-12-14
1536,Bangalore,Bangalore,Coconut,Grade-I,FAQ,15000,25000,20000,2022-12-14
1537,Bangalore,Bangalore,Coconut,Grade-I,FAQ,15000,25000,20000,2023-12-14
1538,Bangalore,Bangalore,Coconut,Grade-I,FAQ,15000,25000,20000,2023-02-14
1539,Bangalore,Bangalore,Coconut,Grade-I,FAQ,15000,25000,20000,2024-02-14
1540,Bangalore,Bangalore,Coconut,Grade-I,FAQ,15000,25000,20000,2022-01-14
1541,Bangalore,Bangalore,Coconut,Grade-I,FAQ,15000,25000,20000,2023-07-14
1542,Bangalore,Bangalore,Coconut,Grade-I,FAQ,15000,25000,20000,2023-06-14
1543,Bangalore,Bangalore,Coconut,Grade-I,FAQ,15000,25000,20000,2024-06-14
1544,Bangalore,Bangalore,Coconut,Grade-I,FAQ,15000,25000,20000,2023-03-14
1545,Bangalore,Bangalore,Coconut,Grade-I,FAQ,15000,25000,20000,2024-03-14
1546,Bangalore,Bangalore,Coconut,Grade-I,FAQ,15000,25000,20000,2022-11-14
1547,Bangalore,Bangalore,Coconut,Grade-I,FAQ,15000,25000,20000,2024-10-14
1548,Bangalore,Bangalore,Coconut,Grade-I,FAQ,15000,25000,20000,2021-12-15
1549,Bangalore,Bangalore,Coconut,Grade-I,FAQ,15000,25000,20000,2023-12-15
1550,Bangalore,Bangalore,Coconut,Grade-I,FAQ,15000,25000,20000,2023-02-15
1551,Bangalore,Bangalore,Coconut,Grade-I,FAQ,15000,25000,20000,2024-02-15
1552,Bangalore,Bangalore,Coconut,Grade-I,FAQ,15000,25000,20000,2024-07-15
1553,Bangalore,Bangalore,Coconut,Grade-I,FAQ,15000,25000,20000,2023-06-15
1554,Bangalore,Bangalore,Coconut,Grade-I,FAQ,15000,25000,20000,2024-06-15
1555,Bangalore,Bangalore,Coconut,Grade-I,FAQ,15000,25000,20000,2023-03-15
1556,Bangalore,Bangalore,Coconut,Grade-I,FAQ,15000,25000,20000,2024-03-15
1557,Bangalore,Bangalore,Coconut,Grade-I,FAQ,15000,25000,20000,2022-11-15
1558,Bangalore,Bangalore,Coconut,Grade-I,FAQ,15000,25000,20000,2023-11-15
1559,Bangalore,Bangalore,Coconut,Grade-I,FAQ,15000,25000,20000,2022-10-15
1560,Bangalore,Bangalore,Coconut,Grade-I,FAQ,15000,25000,20000,2024-10-15
1561,Bangalore,Bangalore,Coconut,Grade-I,FAQ,15000,25000,20000,2023-09-15
1562,Bangalore,Bangalore,Coconut,Grade-I,FAQ,15000,25000,20000,2024-04-16
1563,Bangalore,Bangalore,Coconut,Grade-I,FAQ,15000,25000,20000,2022-08-16
1564,Bangalore,Bangalore,Coconut,Grade-I,FAQ,15000,25000,20000,2024-08-16
1565,Bangalore,Bangalore,Coconut,Grade-I,FAQ,15000,25000,20000,2022-12-16
1566,Bangalore,Bangalore,Coconut,Grade-I,FAQ,15000,25000,20000,2024-02-16
1567,Bangalore,Bangalore,Coconut,Grade-I,FAQ,15000,25000,20000,2023-01-16
1568,Bangalore,Bangalore,Coconut,Grade-I,FAQ,15000,25000,20000,2023-06-16
1569,Bangalore,Bangalore,Coconut,Grade-I,FAQ,15000,25000,20000,2023-03-16
1570,Bangalore,Bangalore,Coconut,Grade-I,FAQ,15000,25000,20000,2022-05-16
1571,Bangalore,Bangalore,Coconut,Grade-I,FAQ,15000,25000,20000,2023-05-16
1572,Bangalore,Bangalore,Coconut,Grade-I,FAQ,15000,25000,20000,2022-11-16
1573,Bangalore,Bangalore,Coconut,Grade-I,FAQ,15000,25000,20000,2023-10-16
1574,Bangalore,Bangalore,Coconut,Grade-I,FAQ,15000,25000,20000,2023-09-16
1575,Bangalore,Bangalore,Coconut,Grade-I,FAQ,15000,25000,20000,2023-04-17
1576,Bangalore,Bangalore,Coconut,Grade-I,FAQ,15000,25000,20000,2024-04-17
1577,Bangalore,Bangalore,Coconut,Grade-I,FAQ,15000,25000,20000,2022-08-17
1578,Bangalore,Bangalore,Coconut,Grade-I,FAQ,15000,25000,20000,2023-08-17
1579,Bangalore,Bangalore,Coconut,Grade-I,FAQ,15000,25000,20000,2024-08-17
1580,Bangalore,Bangalore,Coconut,Grade-I,FAQ,15000,25000,20000,2021-12-17
1581,Bangalore,Bangalore,Coconut,Grade-I,FAQ,15000,25000,20000,2022-12-17
1582,Bangalore,Bangalore,Coconut,Grade-I,FAQ,15000,25000,20000,2023-02-17
1583,Bangalore,Bangalore,Coconut,Grade-I,FAQ,15000,25000,20000,2024-02-17
1584,Bangalore,Bangalore,Coconut,Grade-I,FAQ,15000,25000,20000,2022-01-17
1585,Bangalore,Bangalore,Coconut,Grade-I,FAQ,15000,25000,20000,2023-01-17
1586,Bangalore,Bangalore,Coconut,Grade-I,FAQ,15000,25000,20000,2023-07-17
1587,Bangalore,Bangalore,Coconut,Grade-I,FAQ,15000,25000,20000,2023-06-17
1588,Bangalore,Bangalore,Coconut,Grade-I,FAQ,15000,25000,20000,2023-03-17
1589,Bangalore,Bangalore,Coconut,Grade-I,FAQ,15000,25000,20000,2022-05-17
1590,Bangalore,Bangalore,Coconut,Grade-I,FAQ,15000,25000,20000,2023-05-17
1591,Bangalore,Bangalore,Coconut,Grade-I,FAQ,15000,25000,20000,2021-11-17
1592,Bangalore,Bangalore,Coconut,Grade-I,FAQ,15000,25000,20000,2022-11-17
1593,Bangalore,Bangalore,Coconut,Grade-I,FAQ,15000,25000,20000,2023-11-17
1594,Bangalore,Bangalore,Coconut,Grade-I,FAQ,15000,25000,20000,2022-10-17
1595,Bangalore,Bangalore,Coconut,Grade-I,FAQ,15000,25000,20000,2023-10-17
1596,Bangalore,Bangalore,Coconut,Grade-I,FAQ,15000,25000,20000,2022-09-17
1597,Bangalore,Bangalore,Coconut,Grade-I,FAQ,15000,25000,20000,2023-04-18
1598,Bangalore,Bangalore,Coconut,Grade-I,FAQ,15000,25000,20000,2024-04-18
1599,Bangalore,Bangalore,Coconut,Grade-I,FAQ,15000,25000,20000,2022-08-18
1600,Bangalore,Bangalore,Coconut,Grade-I,FAQ,15000,25000,20000,2023-08-18
1601,Bangalore,Bangalore,Coconut,Grade-I,FAQ,15000,25000,20000,2021-12-18
1602,Bangalore,Bangalore,Coconut,Grade-I,FAQ,15000,25000,20000,2022-01-18
1603,Bangalore,Bangalore,Coconut,Grade-I,FAQ,15000,25000,20000,2023-01-18
1604,Bangalore,Bangalore,Coconut,Grade-I,FAQ,15000,25000,20000,2023-07-18
1605,Bangalore,Bangalore,Coconut,Grade-I,FAQ,15000,25000,20000,2024-06-18
1606,Bangalore,Bangalore,Coconut,Grade-I,FAQ,15000,25000,20000,2023-03-18
1607,Bangalore,Bangalore,Coconut,Grade-I,FAQ,15000,25000,20000,2024-03-18
1608,Bangalore,Bangalore,Coconut,Grade-I,FAQ,15000,25000,20000,2022-05-18
1609,Bangalore,Bangalore,Coconut,Grade-I,FAQ,15000,25000,20000,2023-05-18
1610,Bangalore,Bangalore,Coconut,Grade-I,FAQ,15000,25000,20000,2020-11-18
1611,Bangalore,Bangalore,Coconut,Grade-I,FAQ,15000,25000,20000,2021-11-18
1612,Bangalore,Bangalore,Coconut,Grade-I,FAQ,15000,25000,20000,2022-11-18
1613,Bangalore,Bangalore,Coconut,Grade-I,FAQ,15000,25000,20000,2023-11-18
1614,Bangalore,Bangalore,Coconut,Grade-I,FAQ,15000,25000,20000,2022-10-18
1615,Bangalore,Bangalore,Coconut,Grade-I,FAQ,15000,25000,20000,2023-10-18
1616,Bangalore,Bangalore,Coconut,Grade-I,FAQ,15000,25000,20000,2024-10-18
1617,Bangalore,Bangalore,Coconut,Grade-I,FAQ,15000,25000,20000,2024-09-18
1618,Bangalore,Bangalore,Coconut,Grade-I,FAQ,15000,25000,20000,2023-04-19
1619,Bangalore,Bangalore,Coconut,Grade-I,FAQ,15000,25000,20000,2024-04-19
1620,Bangalore,Bangalore,Coconut,Grade-I,FAQ,15000,25000,20000,2022-08-19
1621,Bangalore,Bangalore,Coconut,Grade-I,FAQ,15000,25000,20000,2023-08-19
1622,Bangalore,Bangalore,Coconut,Grade-I,FAQ,15000,25000,20000,2024-08-19
1623,Bangalore,Bangalore,Coconut,Grade-I,FAQ,15000,25000,20000,2022-12-19
1624,Bangalore,Bangalore,Coconut,Grade-I,FAQ,15000,25000,20000,2022-01-19
1625,Bangalore,Bangalore,Coconut,Grade-I,FAQ,15000,25000,20000,2023-01-19
1626,Bangalore,Bangalore,Coconut,Grade-I,FAQ,15000,25000,20000,2024-01-19
1627,Bangalore,Bangalore,Coconut,Grade-I,FAQ,15000,25000,20000,2022-07-19
1628,Bangalore,Bangalore,Coconut,Grade-I,FAQ,15000,25000,20000,2024-07-19
1629,Bangalore,Bangalore,Coconut,Grade-I,FAQ,15000,25000,20000,2023-06-19
1630,Bangalore,Bangalore,Coconut,Grade-I,FAQ,15000,25000,20000,2024-06-19
1631,Bangalore,Bangalore,Coconut,Grade-I,FAQ,15000,25000,20000,2022-05-19
1632,Bangalore,Bangalore,Coconut,Grade-I,FAQ,15000,25000,20000,2023-05-19
1633,Bangalore,Bangalore,Coconut,Grade-I,FAQ,15000,25000,20000,2020-11-19
1634,Bangalore,Bangalore,Coconut,Grade-I,FAQ,15000,25000,20000,2021-11-19
1635,Bangalore,Bangalore,Coconut,Grade-I,FAQ,15000,25000,20000,2022-11-19
1636,Bangalore,Bangalore,Coconut,Grade-I,FAQ,15000,25000,20000,2022-10-19
1637,Bangalore,Bangalore,Coconut,Grade-I,FAQ,15000,25000,20000,2023-10-19
1638,Bangalore,Bangalore,Coconut,Grade-I,FAQ,15000,25000,20000,2024-10-19
1639,Bangalore,Bangalore,Coconut,Grade-I,FAQ,15000,25000,20000,2022-09-19
1640,Bangalore,Bangalore,Coconut,Grade-I,FAQ,15000,25000,20000,2023-09-19
1641,Bangalore,Bangalore,Coconut,Grade-I,FAQ,15000,25000,20000,2024-09-19
1642,Bangalore,Bangalore,Coconut,Grade-I,FAQ,15000,25000,20000,2023-04-20
1643,Bangalore,Bangalore,Coconut,Grade-I,FAQ,15000,25000,20000,2022-08-20
1644,Bangalore,Bangalore,Coconut,Grade-I,FAQ,15000,25000,20000,2024-08-20
1645,Bangalore,Bangalore,Coconut,Grade-I,FAQ,15000,25000,20000,2021-12-20
1646,Bangalore,Bangalore,Coconut,Grade-I,FAQ,15000,25000,20000,2022-12-20
1647,Bangalore,Bangalore,Coconut,Grade-I,FAQ,15000,25000,20000,2023-12-20
1648,Bangalore,Bangalore,Coconut,Grade-I,FAQ,15000,25000,20000,2023-02-20
1649,Bangalore,Bangalore,Coconut,Grade-I,FAQ,15000,25000,20000,2024-02-20
1650,Bangalore,Bangalore,Coconut,Grade-I,FAQ,15000,25000,20000,2022-01-20
1651,Bangalore,Bangalore,Coconut,Grade-I,FAQ,15000,25000,20000,2023-01-20
1652,Bangalore,Bangalore,Coconut,Grade-I,FAQ,15000,25000,20000,2024-01-20
1653,Bangalore,Bangalore,Coconut,Grade-I,FAQ,15000,25000,20000,2023-07-20
1654,Bangalore,Bangalore,Coconut,Grade-I,FAQ,15000,25000,20000,2024-07-20
1655,Bangalore,Bangalore,Coconut,Grade-I,FAQ,15000,25000,20000,2023-06-20
1656,Bangalore,Bangalore,Coconut,Grade-I,FAQ,15000,25000,20000,2024-06-20
1657,Bangalore,Bangalore,Coconut,Grade-I,FAQ,15000,25000,20000,2024-03-20
1658,Bangalore,Bangalore,Coconut,Grade-I,FAQ,15000,25000,20000,2022-05-20
1659,Bangalore,Bangalore,Coconut,Grade-I,FAQ,15000,25000,20000,2023-05-20
1660,Bangalore,Bangalore,Coconut,Grade-I,FAQ,15000,25000,20000,2020-11-20
1661,Bangalore,Bangalore,Coconut,Grade-I,FAQ,15000,25000,20000,2021-11-20
1662,Bangalore,Bangalore,Coconut,Grade-I,FAQ,15000,25000,20000,2023-11-20
1663,Bangalore,Bangalore,Coconut,Grade-I,FAQ,15000,25000,20000,2022-10-20
1664,Bangalore,Bangalore,Coconut,Grade-I,FAQ,15000,25000,20000,2023-10-20
1665,Bangalore,Bangalore,Coconut,Grade-I,FAQ,15000,25000,20000,2022-09-20
1666,Bangalore,Bangalore,Coconut,Grade-I,FAQ,15000,25000,20000,2024-09-20
1667,Bangalore,Bangalore,Coconut,Grade-I,FAQ,15000,25000,20000,2023-04-21
1668,Bangalore,Bangalore,Coconut,Grade-I,FAQ,15000,25000,20000,2023-08-21
1669,Bangalore,Bangalore,Coconut,Grade-I,FAQ,15000,25000,20000,2024-08-21
1670,Bangalore,Bangalore,Coconut,Grade-I,FAQ,15000,25000,20000,2021-12-21
1671,Bangalore,Bangalore,Coconut,Grade-I,FAQ,15000,25000,20000,2022-12-21
1672,Bangalore,Bangalore,Coconut,Grade-I,FAQ,15000,25000,20000,2023-12-21
1673,Bangalore,Bangalore,Coconut,Grade-I,FAQ,15000,25000,20000,2023-02-21
1674,Bangalore,Bangalore,Coconut,Grade-I,FAQ,15000,25000,20000,2024-02-21
1675,Bangalore,Bangalore,Coconut,Grade-I,FAQ,15000,25000,20000,2022-01-21
1676,Bangalore,Bangalore,Coconut,Grade-I,FAQ,15000,25000,20000,2023-01-21
1677,Bangalore,Bangalore,Coconut,Grade-I,FAQ,15000,25000,20000,2023-07-21
1678,Bangalore,Bangalore,Coconut,Grade-I,FAQ,15000,25000,20000,2023-06-21
1679,Bangalore,Bangalore,Coconut,Grade-I,FAQ,15000,25000,20000,2024-06-21
1680,Bangalore,Bangalore,Coconut,Grade-I,FAQ,15000,25000,20000,2023-03-21
1681,Bangalore,Bangalore,Coconut,Grade-I,FAQ,15000,25000,20000,2024-03-21
1682,Bangalore,Bangalore,Coconut,Grade-I,FAQ,15000,25000,20000,2022-05-21
1683,Bangalore,Bangalore,Coconut,Grade-I,FAQ,15000,25000,20000,2020-11-21
1684,Bangalore,Bangalore,Coconut,Grade-I,FAQ,15000,25000,20000,2022-11-21
1685,Bangalore,Bangalore,Coconut,Grade-I,FAQ,15000,25000,20000,2023-11-21
1686,Bangalore,Bangalore,Coconut,Grade-I,FAQ,15000,25000,20000,2022-10-21
1687,Bangalore,Bangalore,Coconut,Grade-I,FAQ,15000,25000,20000,2023-10-21
1688,Bangalore,Bangalore,Coconut,Grade-I,FAQ,15000,25000,20000,2024-10-21
1689,Bangalore,Bangalore,Coconut,Grade-I,FAQ,15000,25000,20000,2023-09-21
1690,Bangalore,Bangalore,Coconut,Grade-I,FAQ,15000,25000,20000,2024-09-21
1691,Bangalore,Bangalore,Coconut,Grade-I,FAQ,15000,25000,20000,2023-08-22
1692,Bangalore,Bangalore,Coconut,Grade-I,FAQ,15000,25000,20000,2024-08-22
1693,Bangalore,Bangalore,Coconut,Grade-I,FAQ,15000,25000,20000,2021-12-22
1694,Bangalore,Bangalore,Coconut,Grade-I,FAQ,15000,25000,20000,2022-12-22
1695,Bangalore,Bangalore,Coconut,Grade-I,FAQ,15000,25000,20000,2023-12-22
1696,Bangalore,Bangalore,Coconut,Grade-I,FAQ,15000,25000,20000,2023-02-22
1697,Bangalore,Bangalore,Coconut,Grade-I,FAQ,15000,25000,20000,2024-01-22
1698,Bangalore,Bangalore,Coconut,Grade-I,FAQ,15000,25000,20000,2024-07-22
1699,Bangalore,Bangalore,Coconut,Grade-I,FAQ,15000,25000,20000,2023-06-22
1700,Bangalore,Bangalore,Coconut,Grade-I,FAQ,15000,25000,20000,2023-05-22
1701,Bangalore,Bangalore,Coconut,Grade-I,FAQ,15000,25000,20000,2022-11-22
1702,Bangalore,Bangalore,Coconut,Grade-I,FAQ,15000,25000,20000,2023-11-22
1703,Bangalore,Bangalore,Coconut,Grade-I,FAQ,15000,25000,20000,2024-10-22
1704,Bangalore,Bangalore,Coconut,Grade-I,FAQ,15000,25000,20000,2024-04-23
1705,Bangalore,Bangalore,Coconut,Grade-I,FAQ,15000,25000,20000,2023-08-23
1706,Bangalore,Bangalore,Coconut,Grade-I,FAQ,15000,25000,20000,2024-08-23
1707,Bangalore,Bangalore,Coconut,Grade-I,FAQ,15000,25000,20000,2022-12-23
1708,Bangalore,Bangalore,Coconut,Grade-I,FAQ,15000,25000,20000,2023-02-23
1709,Bangalore,Bangalore,Coconut,Grade-I,FAQ,15000,25000,20000,2023-01-23
1710,Bangalore,Bangalore,Coconut,Grade-I,FAQ,15000,25000,20000,2024-07-23
1711,Bangalore,Bangalore,Coconut,Grade-I,FAQ,15000,25000,20000,2023-06-23
1712,Bangalore,Bangalore,Coconut,Grade-I,FAQ,15000,25000,20000,2023-03-23
1713,Bangalore,Bangalore,Coconut,Grade-I,FAQ,15000,25000,20000,2023-05-23
1714,Bangalore,Bangalore,Coconut,Grade-I,FAQ,15000,25000,20000,2020-11-23
1715,Bangalore,Bangalore,Coconut,Grade-I,FAQ,15000,25000,20000,2021-11-23
1716,Bangalore,Bangalore,Coconut,Grade-I,FAQ,15000,25000,20000,2022-11-23
1717,Bangalore,Bangalore,Coconut,Grade-I,FAQ,15000,25000,20000,2023-11-23
1718,Bangalore,Bangalore,Coconut,Grade-I,FAQ,15000,25000,20000,2022-09-23
1719,Bangalore,Bangalore,Coconut,Grade-I,FAQ,15000,25000,20000,2024-09-23
1720,Bangalore,Bangalore,Coconut,Grade-I,FAQ,15000,25000,20000,2024-04-24
1721,Bangalore,Bangalore,Coconut,Grade-I,FAQ,15000,25000,20000,2021-12-24
1722,Bangalore,Bangalore,Coconut,Grade-I,FAQ,15000,25000,20000,2023-02-24
1723,Bangalore,Bangalore,Coconut,Grade-I,FAQ,15000,25000,20000,2022-01-24
1724,Bangalore,Bangalore,Coconut,Grade-I,FAQ,15000,25000,20000,2023-01-24
1725,Bangalore,Bangalore,Coconut,Grade-I,FAQ,15000,25000,20000,2024-01-24
1726,Bangalore,Bangalore,Coconut,Grade-I,FAQ,15000,25000,20000,2023-07-24
1727,Bangalore,Bangalore,Coconut,Grade-I,FAQ,15000,25000,20000,2024-07-24
1728,Bangalore,Bangalore,Coconut,Grade-I,FAQ,15000,25000,20000,2024-06-24
1729,Bangalore,Bangalore,Coconut,Grade-I,FAQ,15000,25000,20000,2023-03-24
1730,Bangalore,Bangalore,Coconut,Grade-I,FAQ,15000,25000,20000,2022-05-24
1731,Bangalore,Bangalore,Coconut,Grade-I,FAQ,15000,25000,20000,2020-11-24
1732,Bangalore,Bangalore,Coconut,Grade-I,FAQ,15000,25000,20000,2021-11-24
1733,Bangalore,Bangalore,Coconut,Grade-I,FAQ,15000,25000,20000,2022-11-24
1734,Bangalore,Bangalore,Coconut,Grade-I,FAQ,15000,25000,20000,2024-10-24
1735,Bangalore,Bangalore,Coconut,Grade-I,FAQ,15000,25000,20000,2024-09-24
1736,Bangalore,Bangalore,Coconut,Grade-I,FAQ,15000,25000,20000,2023-04-25
1737,Bangalore,Bangalore,Coconut,Grade-I,FAQ,15000,25000,20000,2024-04-25
1738,Bangalore,Bangalore,Coconut,Grade-I,FAQ,15000,25000,20000,2023-08-25
1739,Bangalore,Bangalore,Coconut,Grade-I,FAQ,15000,25000,20000,2022-01-25
1740,Bangalore,Bangalore,Coconut,Grade-I,FAQ,15000,25000,20000,2023-01-25
1741,Bangalore,Bangalore,Coconut,Grade-I,FAQ,15000,25000,20000,2024-01-25
1742,Bangalore,Bangalore,Coconut,Grade-I,FAQ,15000,25000,20000,2023-07-25
1743,Bangalore,Bangalore,Coconut,Grade-I,FAQ,15000,25000,20000,2024-07-25
1744,Bangalore,Bangalore,Coconut,Grade-I,FAQ,15000,25000,20000,2024-06-25
1745,Bangalore,Bangalore,Coconut,Grade-I,FAQ,15000,25000,20000,2020-11-25
1746,Bangalore,Bangalore,Coconut,Grade-I,FAQ,15000,25000,20000,2021-11-25
1747,Bangalore,Bangalore,Coconut,Grade-I,FAQ,15000,25000,20000,2022-11-25
1748,Bangalore,Bangalore,Coconut,Grade-I,FAQ,15000,25000,20000,2022-10-25
1749,Bangalore,Bangalore,Coconut,Grade-I,FAQ,15000,25000,20000,2023-10-25
1750,Bangalore,Bangalore,Coconut,Grade-I,FAQ,15000,25000,20000,2024-09-25
1751,Bangalore,Bangalore,Coconut,Grade-I,FAQ,15000,25000,20000,2023-04-26
1752,Bangalore,Bangalore,Coconut,Grade-I,FAQ,15000,25000,20000,2022-12-26
1753,Bangalore,Bangalore,Coconut,Grade-I,FAQ,15000,25000,20000,2023-12-26
1754,Bangalore,Bangalore,Coconut,Grade-I,FAQ,15000,25000,20000,2023-07-26
1755,Bangalore,Bangalore,Coconut,Grade-I,FAQ,15000,25000,20000,2024-07-26
1756,Bangalore,Bangalore,Coconut,Grade-I,FAQ,15000,25000,20000,2023-06-26
1757,Bangalore,Bangalore,Coconut,Grade-I,FAQ,15000,25000,20000,2024-06-26
1758,Bangalore,Bangalore,Coconut,Grade-I,FAQ,15000,25000,20000,2024-03-26
1759,Bangalore,Bangalore,Coconut,Grade-I,FAQ,15000,25000,20000,2022-05-26
1760,Bangalore,Bangalore,Coconut,Grade-I,FAQ,15000,25000,20000,2020-11-26
1761,Bangalore,Bangalore,Coconut,Grade-I,FAQ,15000,25000,20000,2023-10-26
1762,Bangalore,Bangalore,Coconut,Grade-I,FAQ,15000,25000,20000,2022-09-26
1763,Bangalore,Bangalore,Coconut,Grade-I,FAQ,15000,25000,20000,2024-09-26
1764,Bangalore,Bangalore,Coconut,Grade-I,FAQ,15000,25000,20000,2023-04-27
1765,Bangalore,Bangalore,Coconut,Grade-I,FAQ,15000,25000,20000,2024-08-27
1766,Bangalore,Bangalore,Coconut,Grade-I,FAQ,15000,25000,20000,2021-12-27
1767,Bangalore,Bangalore,Coconut,Grade-I,FAQ,15000,25000,20000,2022-12-27
1768,Bangalore,Bangalore,Coconut,Grade-I,FAQ,15000,25000,20000,2023-12-27
1769,Bangalore,Bangalore,Coconut,Grade-I,FAQ,15000,25000,20000,2023-02-27
1770,Bangalore,Bangalore,Coconut,Grade-I,FAQ,15000,25000,20000,2024-02-27
1771,Bangalore,Bangalore,Coconut,Grade-I,FAQ,15000,25000,20000,2022-01-27
1772,Bangalore,Bangalore,Coconut,Grade-I,FAQ,15000,25000,20000,2023-07-27
1773,Bangalore,Bangalore,Coconut,Grade-I,FAQ,15000,25000,20000,2023-06-27
1774,Bangalore,Bangalore,Coconut,Grade-I,FAQ,15000,25000,20000,2024-06-27
1775,Bangalore,Bangalore,Coconut,Grade-I,FAQ,15000,25000,20000,2023-03-27
1776,Bangalore,Bangalore,Coconut,Grade-I,FAQ,15000,25000,20000,2024-03-27
1777,Bangalore,Bangalore,Coconut,Grade-I,FAQ,15000,25000,20000,2022-05-27
1778,Bangalore,Bangalore,Coconut,Grade-I,FAQ,15000,25000,20000,2020-11-27
1779,Bangalore,Bangalore,Coconut,Grade-I,FAQ,15000,25000,20000,2022-10-27
1780,Bangalore,Bangalore,Coconut,Grade-I,FAQ,15000,25000,20000,2023-10-27
1781,Bangalore,Bangalore,Coconut,Grade-I,FAQ,15000,25000,20000,2022-09-27
1782,Bangalore,Bangalore,Coconut,Grade-I,FAQ,15000,25000,20000,2024-09-27
1783,Bangalore,Bangalore,Coconut,Grade-I,FAQ,15000,25000,20000,2022-04-28
1784,Bangalore,Bangalore,Coconut,Grade-I,FAQ,15000,25000,20000,2023-04-28
1785,Bangalore,Bangalore,Coconut,Grade-I,FAQ,15000,25000,20000,2023-08-28
1786,Bangalore,Bangalore,Coconut,Grade-I,FAQ,15000,25000,20000,2024-08-28
1787,Bangalore,Bangalore,Coconut,Grade-I,FAQ,15000,25000,20000,2021-12-28
1788,Bangalore,Bangalore,Coconut,Grade-I,FAQ,15000,25000,20000,2022-12-28
1789,Bangalore,Bangalore,Coconut,Grade-I,FAQ,15000,25000,20000,2023-12-28
1790,Bangalore,Bangalore,Coconut,Grade-I,FAQ,15000,25000,20000,2023-02-28
1791,Bangalore,Bangalore,Coconut,Grade-I,FAQ,15000,25000,20000,2024-02-28
1792,Bangalore,Bangalore,Coconut,Grade-I,FAQ,15000,25000,20000,2022-01-28
1793,Bangalore,Bangalore,Coconut,Grade-I,FAQ,15000,25000,20000,2023-07-28
1794,Bangalore,Bangalore,Coconut,Grade-I,FAQ,15000,25000,20000,2023-06-28
1795,Bangalore,Bangalore,Coconut,Grade-I,FAQ,15000,25000,20000,2024-06-28
1796,Bangalore,Bangalore,Coconut,Grade-I,FAQ,15000,25000,20000,2023-03-28
1797,Bangalore,Bangalore,Coconut,Grade-I,FAQ,15000,25000,20000,2024-03-28
1798,Bangalore,Bangalore,Coconut,Grade-I,FAQ,15000,25000,20000,2022-11-28
1799,Bangalore,Bangalore,Coconut,Grade-I,FAQ,15000,25000,20000,2023-11-28
1800,Bangalore,Bangalore,Coconut,Grade-I,FAQ,15000,25000,20000,2022-10-28
1801,Bangalore,Bangalore,Coconut,Grade-I,FAQ,15000,25000,20000,2024-10-28
1802,Bangalore,Bangalore,Coconut,Grade-I,FAQ,15000,25000,20000,2022-09-28
1803,Bangalore,Bangalore,Coconut,Grade-I,FAQ,15000,25000,20000,2022-04-29
1804,Bangalore,Bangalore,Coconut,Grade-I,FAQ,15000,25000,20000,2023-04-29
1805,Bangalore,Bangalore,Coconut,Grade-I,FAQ,15000,25000,20000,2023-08-29
1806,Bangalore,Bangalore,Coconut,Grade-I,FAQ,15000,25000,20000,2024-08-29
1807,Bangalore,Bangalore,Coconut,Grade-I,FAQ,15000,25000,20000,2022-12-29
1808,Bangalore,Bangalore,Coconut,Grade-I,FAQ,15000,25000,20000,2023-12-29
1809,Bangalore,Bangalore,Coconut,Grade-I,FAQ,15000,25000,20000,2024-02-29
1810,Bangalore,Bangalore,Coconut,Grade-I,FAQ,15000,25000,20000,2022-01-29
1811,Bangalore,Bangalore,Coconut,Grade-I,FAQ,15000,25000,20000,2024-07-29
1812,Bangalore,Bangalore,Coconut,Grade-I,FAQ,15000,25000,20000,2024-06-29
1813,Bangalore,Bangalore,Coconut,Grade-I,FAQ,15000,25000,20000,2023-03-29
1814,Bangalore,Bangalore,Coconut,Grade-I,FAQ,15000,25000,20000,2023-05-29
1815,Bangalore,Bangalore,Coconut,Grade-I,FAQ,15000,25000,20000,2021-11-29
1816,Bangalore,Bangalore,Coconut,Grade-I,FAQ,15000,25000,20000,2022-11-29
1817,Bangalore,Bangalore,Coconut,Grade-I,FAQ,15000,25000,20000,2023-11-29
1818,Bangalore,Bangalore,Coconut,Grade-I,FAQ,15000,25000,20000,2022-10-29
1819,Bangalore,Bangalore,Coconut,Grade-I,FAQ,15000,25000,20000,2024-10-29
1820,Bangalore,Bangalore,Coconut,Grade-I,FAQ,15000,25000,20000,2022-09-29
1821,Bangalore,Bangalore,Coconut,Grade-I,FAQ,15000,25000,20000,2022-04-30
1822,Bangalore,Bangalore,Coconut,Grade-I,FAQ,15000,25000,20000,2024-04-30
1823,Bangalore,Bangalore,Coconut,Grade-I,FAQ,15000,25000,20000,2023-08-30
1824,Bangalore,Bangalore,Coconut,Grade-I,FAQ,15000,25000,20000,2021-12-30
1825,Bangalore,Bangalore,Coconut,Grade-I,FAQ,15000,25000,20000,2022-12-30
1826,Bangalore,Bangalore,Coconut,Grade-I,FAQ,15000,25000,20000,2023-12-30
1827,Bangalore,Bangalore,Coconut,Grade-I,FAQ,15000,25000,20000,2024-01-30
1828,Bangalore,Bangalore,Coconut,Grade-I,FAQ,15000,25000,20000,2023-06-30
1829,Bangalore,Bangalore,Coconut,Grade-I,FAQ,15000,25000,20000,2023-03-30
1830,Bangalore,Bangalore,Coconut,Grade-I,FAQ,15000,25000,20000,2024-03-30
1831,Bangalore,Bangalore,Coconut,Grade-I,FAQ,15000,25000,20000,2022-05-30
1832,Bangalore,Bangalore,Coconut,Grade-I,FAQ,15000,25000,20000,2023-05-30
1833,Bangalore,Bangalore,Coconut,Grade-I,FAQ,15000,25000,20000,2020-11-30
1834,Bangalore,Bangalore,Coconut,Grade-I,FAQ,15000,25000,20000,2021-11-30
1835,Bangalore,Bangalore,Coconut,Grade-I,FAQ,15000,25000,20000,2023-10-30
1836,Bangalore,Bangalore,Coconut,Grade-I,FAQ,15000,25000,20000,2024-10-30
1837,Bangalore,Bangalore,Coconut,Grade-I,FAQ,15000,25000,20000,2022-09-30
1838,Bangalore,Bangalore,Coconut,Grade-I,FAQ,15000,25000,20000,2024-09-30
1839,Bangalore,Bangalore,Coconut,Grade-I,FAQ,15000,25000,20000,2023-08-31
1840,Bangalore,Bangalore,Coconut,Grade-I,FAQ,15000,25000,20000,2021-12-31
1841,Bangalore,Bangalore,Coconut,Grade-I,FAQ,15000,25000,20000,2022-12-31
1842,Bangalore,Bangalore,Coconut,Grade-I,FAQ,15000,25000,20000,2022-01-31
1843,Bangalore,Bangalore,Coconut,Grade-I,FAQ,15000,25000,20000,2023-01-31
1844,Bangalore,Bangalore,Coconut,Grade-I,FAQ,15000,25000,20000,2023-07-31
1845,Bangalore,Bangalore,Coconut,Grade-I,FAQ,15000,25000,20000,2024-07-31
1846,Bangalore,Bangalore,Coconut,Grade-I,FAQ,15000,25000,20000,2023-03-31
1847,Bangalore,Bangalore,Coconut,Grade-I,FAQ,15000,25000,20000,2022-05-31
1848,Bangalore,Bangalore,Coconut,Grade-I,FAQ,15000,25000,20000,2023-05-31
1849,Bangalore,Bangalore,Coconut,Grade-I,FAQ,15000,25000,20000,2022-10-31
1850,Bangalore,Bangalore,Coconut,Grade-I,FAQ,15000,30000,22500,2020-12-01
1851,Bangalore,Bangalore,Coconut,Grade-I,FAQ,15000,30000,22500,2021-02-01
1852,Bangalore,Bangalore,Coconut,Grade-I,FAQ,15000,30000,22500,2021-01-01
1853,Bangalore,Bangalore,Coconut,Grade-I,FAQ,15000,30000,22500,2020-12-02
1854,Bangalore,Bangalore,Coconut,Grade-I,FAQ,15000,30000,22500,2021-01-02
1855,Bangalore,Bangalore,Coconut,Grade-I,FAQ,15000,30000,22500,2020-11-03
1856,Bangalore,Bangalore,Coconut,Grade-I,FAQ,15000,30000,22500,2020-12-04
1857,Bangalore,Bangalore,Coconut,Grade-I,FAQ,15000,30000,22500,2021-01-04
1858,Bangalore,Bangalore,Coconut,Grade-I,FAQ,15000,30000,22500,2020-11-04
1859,Bangalore,Bangalore,Coconut,Grade-I,FAQ,15000,30000,22500,2020-12-05
1860,Bangalore,Bangalore,Coconut,Grade-I,FAQ,15000,30000,22500,2021-01-05
1861,Bangalore,Bangalore,Coconut,Grade-I,FAQ,15000,30000,22500,2021-01-06
1862,Bangalore,Bangalore,Coconut,Grade-I,FAQ,15000,30000,22500,2020-12-07
1863,Bangalore,Bangalore,Coconut,Grade-I,FAQ,15000,30000,22500,2021-01-07
1864,Bangalore,Bangalore,Coconut,Grade-I,FAQ,15000,30000,22500,2020-12-08
1865,Bangalore,Bangalore,Coconut,Grade-I,FAQ,15000,30000,22500,2021-01-08
1866,Bangalore,Bangalore,Coconut,Grade-I,FAQ,15000,30000,22500,2020-12-09
1867,Bangalore,Bangalore,Coconut,Grade-I,FAQ,15000,30000,22500,2020-12-10
1868,Bangalore,Bangalore,Coconut,Grade-I,FAQ,15000,30000,22500,2020-12-11
1869,Bangalore,Bangalore,Coconut,Grade-I,FAQ,15000,30000,22500,2021-01-11
1870,Bangalore,Bangalore,Coconut,Grade-I,FAQ,15000,30000,22500,2020-12-14
1871,Bangalore,Bangalore,Coconut,Grade-I,FAQ,15000,30000,22500,2020-12-15
1872,Bangalore,Bangalore,Coconut,Grade-I,FAQ,15000,30000,22500,2020-12-17
1873,Bangalore,Bangalore,Coconut,Grade-I,FAQ,15000,30000,22500,2020-10-17
1874,Bangalore,Bangalore,Coconut,Grade-I,FAQ,15000,30000,22500,2020-12-18
1875,Bangalore,Bangalore,Coconut,Grade-I,FAQ,15000,30000,22500,2020-12-19
1876,Bangalore,Bangalore,Coconut,Grade-I,FAQ,15000,30000,22500,2020-10-19
1877,Bangalore,Bangalore,Coconut,Grade-I,FAQ,15000,30000,22500,2020-10-20
1878,Bangalore,Bangalore,Coconut,Grade-I,FAQ,15000,30000,22500,2020-12-21
1879,Bangalore,Bangalore,Coconut,Grade-I,FAQ,15000,30000,22500,2020-10-21
1880,Bangalore,Bangalore,Coconut,Grade-I,FAQ,15000,30000,22500,2020-12-22
1881,Bangalore,Bangalore,Coconut,Grade-I,FAQ,15000,30000,22500,2020-10-22
1882,Bangalore,Bangalore,Coconut,Grade-I,FAQ,15000,30000,22500,2020-12-23
1883,Bangalore,Bangalore,Coconut,Grade-I,FAQ,15000,30000,22500,2020-10-23
1884,Bangalore,Bangalore,Coconut,Grade-I,FAQ,15000,30000,22500,2020-12-24
1885,Bangalore,Bangalore,Coconut,Grade-I,FAQ,15000,30000,22500,2020-10-27
1886,Bangalore,Bangalore,Coconut,Grade-I,FAQ,15000,30000,22500,2020-12-28
1887,Bangalore,Bangalore,Coconut,Grade-I,FAQ,15000,30000,22500,2020-10-28
1888,Bangalore,Bangalore,Coconut,Grade-I,FAQ,15000,30000,22500,2020-10-29
1889,Bangalore,Bangalore,Coconut,Grade-I,FAQ,16000,18000,17000,2022-09-01
1890,Bangalore,Bangalore,Coconut,Grade-I,FAQ,16000,18000,17000,2022-09-02
1891,Bangalore,Bangalore,Coconut,Grade-I,FAQ,16000,18000,17000,2022-09-03
1892,Bangalore,Bangalore,Coconut,Grade-I,FAQ,16000,18000,17000,2022-09-05
1893,Bangalore,Bangalore,Coconut,Grade-I,FAQ,16000,18000,17000,2022-08-06
1894,Bangalore,Bangalore,Coconut,Grade-I,FAQ,16000,18000,17000,2022-09-06
1895,Bangalore,Bangalore,Coconut,Grade-I,FAQ,16000,18000,17000,2022-09-07
1896,Bangalore,Bangalore,Coconut,Grade-I,FAQ,16000,18000,17000,2022-07-08
1897,Bangalore,Bangalore,Coconut,Grade-I,FAQ,16000,18000,17000,2022-09-08
1898,Bangalore,Bangalore,Coconut,Grade-I,FAQ,16000,18000,17000,2022-07-11
1899,Bangalore,Bangalore,Coconut,Grade-I,FAQ,16000,18000,17000,2022-07-12
1900,Bangalore,Bangalore,Coconut,Grade-I,FAQ,16000,18000,17000,2022-09-12
1901,Bangalore,Bangalore,Coconut,Grade-I,FAQ,16000,18000,17000,2022-07-13
1902,Bangalore,Bangalore,Coconut,Grade-I,FAQ,16000,18000,17000,2022-09-13
1903,Bangalore,Bangalore,Coconut,Grade-I,FAQ,16000,18000,17000,2022-07-14
1904,Bangalore,Bangalore,Coconut,Grade-I,FAQ,16000,18000,17000,2022-09-14
1905,Bangalore,Bangalore,Coconut,Grade-I,FAQ,16000,18000,17000,2022-07-15
1906,Bangalore,Bangalore,Coconut,Grade-I,FAQ,16000,18000,17000,2022-09-15
1907,Bangalore,Bangalore,Coconut,Grade-I,FAQ,16000,18000,17000,2022-07-16
1908,Bangalore,Bangalore,Coconut,Grade-I,FAQ,16000,18000,17000,2022-09-16
1909,Bangalore,Bangalore,Coconut,Grade-I,FAQ,16000,18000,17000,2022-07-18
1910,Bangalore,Bangalore,Coconut,Grade-I,FAQ,16000,18000,17000,2022-07-20
1911,Bangalore,Bangalore,Coconut,Grade-I,FAQ,16000,18000,17000,2022-07-21
1912,Bangalore,Bangalore,Coconut,Grade-I,FAQ,16000,18000,17000,2022-07-22
1913,Bangalore,Bangalore,Coconut,Grade-I,FAQ,16000,18000,17000,2022-07-25
1914,Bangalore,Bangalore,Coconut,Grade-I,FAQ,16000,18000,17000,2022-07-26
1915,Bangalore,Bangalore,Coconut,Grade-I,FAQ,16000,18000,17000,2022-07-27
1916,Bangalore,Bangalore,Coconut,Grade-I,FAQ,16000,18000,17000,2022-07-28
1917,Bangalore,Bangalore,Coconut,Grade-I,FAQ,16000,18000,17000,2022-07-29
1918,Bangalore,Bangalore,Coconut,Grade-I,FAQ,16000,18000,17000,2022-07-30
1919,Bangalore,Bangalore,Coconut,Grade-I,FAQ,17000,21000,19000,2022-08-02
1920,Bangalore,Bangalore,Coconut,Grade-I,FAQ,17000,21000,19000,2022-08-03
1921,Bangalore,Bangalore,Coconut,Grade-I,FAQ,17000,21000,19000,2022-08-04
1922,Bangalore,Bangalore,Coconut,Grade-I,FAQ,17000,21000,19000,2022-07-04
1923,Bangalore,Bangalore,Coconut,Grade-I,FAQ,17000,21000,19000,2022-08-05
1924,Bangalore,Bangalore,Coconut,Grade-I,FAQ,17000,21000,19000,2022-07-05
1925,Bangalore,Bangalore,Coconut,Grade-I,FAQ,17000,21000,19000,2022-07-06
1926,Bangalore,Bangalore,Coconut,Grade-I,FAQ,17000,21000,19000,2022-07-07
1927,Bangalore,Bangalore,Coconut,Grade-I,FAQ,17000,21000,19000,2022-06-22
1928,Bangalore,Bangalore,Coconut,Grade-I,FAQ,17000,21000,19000,2022-06-23
1929,Bangalore,Bangalore,Coconut,Grade-I,FAQ,17000,21000,19000,2022-06-24
1930,Bangalore,Bangalore,Coconut,Grade-I,FAQ,17000,21000,19000,2022-06-27
1931,Bangalore,Bangalore,Coconut,Grade-I,FAQ,17000,21000,19000,2022-06-28
1932,Bangalore,Bangalore,Coconut,Grade-I,FAQ,17000,21000,19000,2022-06-29
1933,Bangalore,Bangalore,Coconut,Grade-I,FAQ,17000,21000,19000,2022-06-30
1934,Bangalore,Bangalore,Coconut,Grade-I,FAQ,18000,25000,21500,2020-03-02
1935,Bangalore,Bangalore,Coconut,Grade-I,FAQ,18000,25000,21500,2020-03-04
1936,Bangalore,Bangalore,Coconut,Grade-I,FAQ,18000,25000,21500,2020-03-05
1937,Bangalore,Bangalore,Coconut,Grade-I,FAQ,18000,25000,21500,2020-03-06
1938,Bangalore,Bangalore,Coconut,Grade-I,FAQ,18000,25000,21500,2020-03-07
1939,Bangalore,Bangalore,Coconut,Grade-I,FAQ,18000,25000,21500,2020-03-09
1940,Bangalore,Bangalore,Coconut,Grade-I,FAQ,18000,25000,21500,2020-03-10
1941,Bangalore,Bangalore,Coconut,Grade-I,FAQ,18000,25000,21500,2020-03-11
1942,Bangalore,Bangalore,Coconut,Grade-I,FAQ,18000,25000,21500,2020-03-12
1943,Bangalore,Bangalore,Coconut,Grade-I,FAQ,18000,25000,21500,2020-02-29
1944,Bangalore,Bangalore,Coconut,Grade-I,FAQ,20000,25000,22500,2021-04-01
1945,Bangalore,Bangalore,Coconut,Grade-I,FAQ,20000,25000,22500,2022-04-01
1946,Bangalore,Bangalore,Coconut,Grade-I,FAQ,20000,25000,22500,2021-06-01
1947,Bangalore,Bangalore,Coconut,Grade-I,FAQ,20000,25000,22500,2021-10-01
1948,Bangalore,Bangalore,Coconut,Grade-I,FAQ,20000,25000,22500,2021-09-01
1949,Bangalore,Bangalore,Coconut,Grade-I,FAQ,20000,25000,22500,2021-06-02
1950,Bangalore,Bangalore,Coconut,Grade-I,FAQ,20000,25000,22500,2021-03-02
1951,Bangalore,Bangalore,Coconut,Grade-I,FAQ,20000,25000,22500,2021-09-02
1952,Bangalore,Bangalore,Coconut,Grade-I,FAQ,20000,25000,22500,2021-04-03
1953,Bangalore,Bangalore,Coconut,Grade-I,FAQ,20000,25000,22500,2021-06-03
1954,Bangalore,Bangalore,Coconut,Grade-I,FAQ,20000,25000,22500,2021-03-03
1955,Bangalore,Bangalore,Coconut,Grade-I,FAQ,20000,25000,22500,2021-05-03
1956,Bangalore,Bangalore,Coconut,Grade-I,FAQ,20000,25000,22500,2021-09-03
1957,Bangalore,Bangalore,Coconut,Grade-I,FAQ,20000,25000,22500,2022-04-04
1958,Bangalore,Bangalore,Coconut,Grade-I,FAQ,20000,25000,22500,2021-08-04
1959,Bangalore,Bangalore,Coconut,Grade-I,FAQ,20000,25000,22500,2021-06-04
1960,Bangalore,Bangalore,Coconut,Grade-I,FAQ,20000,25000,22500,2021-03-04
1961,Bangalore,Bangalore,Coconut,Grade-I,FAQ,20000,25000,22500,2021-05-04
1962,Bangalore,Bangalore,Coconut,Grade-I,FAQ,20000,25000,22500,2021-11-04
1963,Bangalore,Bangalore,Coconut,Grade-I,FAQ,20000,25000,22500,2021-10-04
1964,Bangalore,Bangalore,Coconut,Grade-I,FAQ,20000,25000,22500,2021-09-04
1965,Bangalore,Bangalore,Coconut,Grade-I,FAQ,20000,25000,22500,2021-04-05
1966,Bangalore,Bangalore,Coconut,Grade-I,FAQ,20000,25000,22500,2021-06-05
1967,Bangalore,Bangalore,Coconut,Grade-I,FAQ,20000,25000,22500,2021-03-05
1968,Bangalore,Bangalore,Coconut,Grade-I,FAQ,20000,25000,22500,2021-05-05
1969,Bangalore,Bangalore,Coconut,Grade-I,FAQ,20000,25000,22500,2021-10-05
1970,Bangalore,Bangalore,Coconut,Grade-I,FAQ,20000,25000,22500,2021-04-06
1971,Bangalore,Bangalore,Coconut,Grade-I,FAQ,20000,25000,22500,2022-04-06
1972,Bangalore,Bangalore,Coconut,Grade-I,FAQ,20000,25000,22500,2021-08-06
1973,Bangalore,Bangalore,Coconut,Grade-I,FAQ,20000,25000,22500,2022-06-06
1974,Bangalore,Bangalore,Coconut,Grade-I,FAQ,20000,25000,22500,2021-03-06
1975,Bangalore,Bangalore,Coconut,Grade-I,FAQ,20000,25000,22500,2021-05-06
1976,Bangalore,Bangalore,Coconut,Grade-I,FAQ,20000,25000,22500,2021-11-06
1977,Bangalore,Bangalore,Coconut,Grade-I,FAQ,20000,25000,22500,2021-09-06
1978,Bangalore,Bangalore,Coconut,Grade-I,FAQ,20000,25000,22500,2021-04-07
1979,Bangalore,Bangalore,Coconut,Grade-I,FAQ,20000,25000,22500,2022-04-07
1980,Bangalore,Bangalore,Coconut,Grade-I,FAQ,20000,25000,22500,2021-08-07
1981,Bangalore,Bangalore,Coconut,Grade-I,FAQ,20000,25000,22500,2021-06-07
1982,Bangalore,Bangalore,Coconut,Grade-I,FAQ,20000,25000,22500,2022-06-07
1983,Bangalore,Bangalore,Coconut,Grade-I,FAQ,20000,25000,22500,2021-05-07
1984,Bangalore,Bangalore,Coconut,Grade-I,FAQ,20000,25000,22500,2021-10-07
1985,Bangalore,Bangalore,Coconut,Grade-I,FAQ,20000,25000,22500,2021-09-07
1986,Bangalore,Bangalore,Coconut,Grade-I,FAQ,20000,25000,22500,2021-04-08
1987,Bangalore,Bangalore,Coconut,Grade-I,FAQ,20000,25000,22500,2022-04-08
1988,Bangalore,Bangalore,Coconut,Grade-I,FAQ,20000,25000,22500,2021-06-08
1989,Bangalore,Bangalore,Coconut,Grade-I,FAQ,20000,25000,22500,2022-06-08
1990,Bangalore,Bangalore,Coconut,Grade-I,FAQ,20000,25000,22500,2021-03-08
1991,Bangalore,Bangalore,Coconut,Grade-I,FAQ,20000,25000,22500,2021-11-08
1992,Bangalore,Bangalore,Coconut,Grade-I,FAQ,20000,25000,22500,2021-10-08
1993,Bangalore,Bangalore,Coconut,Grade-I,FAQ,20000,25000,22500,2021-09-08
1994,Bangalore,Bangalore,Coconut,Grade-I,FAQ,20000,25000,22500,2021-04-09
1995,Bangalore,Bangalore,Coconut,Grade-I,FAQ,20000,25000,22500,2021-08-09
1996,Bangalore,Bangalore,Coconut,Grade-I,FAQ,20000,25000,22500,2021-06-09
1997,Bangalore,Bangalore,Coconut,Grade-I,FAQ,20000,25000,22500,2022-06-09
1998,Bangalore,Bangalore,Coconut,Grade-I,FAQ,20000,25000,22500,2021-03-09
1999,Bangalore,Bangalore,Coconut,Grade-I,FAQ,20000,25000,22500,2021-11-09
2000,Bangalore,Bangalore,Coconut,Grade-I,FAQ,20000,25000,22500,2021-09-09
2001,Bangalore,Bangalore,Coconut,Grade-I,FAQ,20000,25000,22500,2021-08-10
2002,Bangalore,Bangalore,Coconut,Grade-I,FAQ,20000,25000,22500,2021-06-10
2003,Bangalore,Bangalore,Coconut,Grade-I,FAQ,20000,25000,22500,2022-06-10
2004,Bangalore,Bangalore,Coconut,Grade-I,FAQ,20000,25000,22500,2021-03-10
2005,Bangalore,Bangalore,Coconut,Grade-I,FAQ,20000,25000,22500,2021-05-10
2006,Bangalore,Bangalore,Coconut,Grade-I,FAQ,20000,25000,22500,2021-11-10
2007,Bangalore,Bangalore,Coconut,Grade-I,FAQ,20000,25000,22500,2022-04-11
2008,Bangalore,Bangalore,Coconut,Grade-I,FAQ,20000,25000,22500,2021-08-11
2009,Bangalore,Bangalore,Coconut,Grade-I,FAQ,20000,25000,22500,2021-06-11
2010,Bangalore,Bangalore,Coconut,Grade-I,FAQ,20000,25000,22500,2021-11-11
2011,Bangalore,Bangalore,Coconut,Grade-I,FAQ,20000,25000,22500,2021-10-11
2012,Bangalore,Bangalore,Coconut,Grade-I,FAQ,20000,25000,22500,2021-04-12
2013,Bangalore,Bangalore,Coconut,Grade-I,FAQ,20000,25000,22500,2022-04-12
2014,Bangalore,Bangalore,Coconut,Grade-I,FAQ,20000,25000,22500,2021-08-12
2015,Bangalore,Bangalore,Coconut,Grade-I,FAQ,20000,25000,22500,2021-03-12
2016,Bangalore,Bangalore,Coconut,Grade-I,FAQ,20000,25000,22500,2021-05-12
2017,Bangalore,Bangalore,Coconut,Grade-I,FAQ,20000,25000,22500,2021-11-12
2018,Bangalore,Bangalore,Coconut,Grade-I,FAQ,20000,25000,22500,2021-10-12
2019,Bangalore,Bangalore,Coconut,Grade-I,FAQ,20000,25000,22500,2022-04-13
2020,Bangalore,Bangalore,Coconut,Grade-I,FAQ,20000,25000,22500,2021-08-13
2021,Bangalore,Bangalore,Coconut,Grade-I,FAQ,20000,25000,22500,2022-06-13
2022,Bangalore,Bangalore,Coconut,Grade-I,FAQ,20000,25000,22500,2021-05-13
2023,Bangalore,Bangalore,Coconut,Grade-I,FAQ,20000,25000,22500,2021-10-13
2024,Bangalore,Bangalore,Coconut,Grade-I,FAQ,20000,25000,22500,2021-09-13
2025,Bangalore,Bangalore,Coconut,Grade-I,FAQ,20000,25000,22500,2021-06-14
2026,Bangalore,Bangalore,Coconut,Grade-I,FAQ,20000,25000,22500,2022-06-14
2027,Bangalore,Bangalore,Coconut,Grade-I,FAQ,20000,25000,22500,2021-09-14
2028,Bangalore,Bangalore,Coconut,Grade-I,FAQ,20000,25000,22500,2021-04-15
2029,Bangalore,Bangalore,Coconut,Grade-I,FAQ,20000,25000,22500,2021-06-15
2030,Bangalore,Bangalore,Coconut,Grade-I,FAQ,20000,25000,22500,2022-06-15
2031,Bangalore,Bangalore,Coconut,Grade-I,FAQ,20000,25000,22500,2021-03-15
2032,Bangalore,Bangalore,Coconut,Grade-I,FAQ,20000,25000,22500,2021-05-15
2033,Bangalore,Bangalore,Coconut,Grade-I,FAQ,20000,25000,22500,2021-11-15
2034,Bangalore,Bangalore,Coconut,Grade-I,FAQ,20000,25000,22500,2021-09-15
2035,Bangalore,Bangalore,Coconut,Grade-I,FAQ,20000,25000,22500,2021-04-16
2036,Bangalore,Bangalore,Coconut,Grade-I,FAQ,20000,25000,22500,2022-04-16
2037,Bangalore,Bangalore,Coconut,Grade-I,FAQ,20000,25000,22500,2021-06-16
2038,Bangalore,Bangalore,Coconut,Grade-I,FAQ,20000,25000,22500,2022-06-16
2039,Bangalore,Bangalore,Coconut,Grade-I,FAQ,20000,25000,22500,2021-03-16
2040,Bangalore,Bangalore,Coconut,Grade-I,FAQ,20000,25000,22500,2021-11-16
2041,Bangalore,Bangalore,Coconut,Grade-I,FAQ,20000,25000,22500,2021-10-16
2042,Bangalore,Bangalore,Coconut,Grade-I,FAQ,20000,25000,22500,2021-09-16
2043,Bangalore,Bangalore,Coconut,Grade-I,FAQ,20000,25000,22500,2021-04-17
2044,Bangalore,Bangalore,Coconut,Grade-I,FAQ,20000,25000,22500,2021-06-17
2045,Bangalore,Bangalore,Coconut,Grade-I,FAQ,20000,25000,22500,2022-06-17
2046,Bangalore,Bangalore,Coconut,Grade-I,FAQ,20000,25000,22500,2021-03-17
2047,Bangalore,Bangalore,Coconut,Grade-I,FAQ,20000,25000,22500,2021-05-17
2048,Bangalore,Bangalore,Coconut,Grade-I,FAQ,20000,25000,22500,2021-09-17
2049,Bangalore,Bangalore,Coconut,Grade-I,FAQ,20000,25000,22500,2022-04-18
2050,Bangalore,Bangalore,Coconut,Grade-I,FAQ,20000,25000,22500,2022-06-18
2051,Bangalore,Bangalore,Coconut,Grade-I,FAQ,20000,25000,22500,2021-03-18
2052,Bangalore,Bangalore,Coconut,Grade-I,FAQ,20000,25000,22500,2021-05-18
2053,Bangalore,Bangalore,Coconut,Grade-I,FAQ,20000,25000,22500,2021-10-18
2054,Bangalore,Bangalore,Coconut,Grade-I,FAQ,20000,25000,22500,2021-09-18
2055,Bangalore,Bangalore,Coconut,Grade-I,FAQ,20000,25000,22500,2021-04-19
2056,Bangalore,Bangalore,Coconut,Grade-I,FAQ,20000,25000,22500,2022-04-19
2057,Bangalore,Bangalore,Coconut,Grade-I,FAQ,20000,25000,22500,2021-06-19
2058,Bangalore,Bangalore,Coconut,Grade-I,FAQ,20000,25000,22500,2021-03-19
2059,Bangalore,Bangalore,Coconut,Grade-I,FAQ,20000,25000,22500,2021-05-19
2060,Bangalore,Bangalore,Coconut,Grade-I,FAQ,20000,25000,22500,2021-04-20
2061,Bangalore,Bangalore,Coconut,Grade-I,FAQ,20000,25000,22500,2022-06-20
2062,Bangalore,Bangalore,Coconut,Grade-I,FAQ,20000,25000,22500,2021-03-20
2063,Bangalore,Bangalore,Coconut,Grade-I,FAQ,20000,25000,22500,2021-04-21
2064,Bangalore,Bangalore,Coconut,Grade-I,FAQ,20000,25000,22500,2022-04-21
2065,Bangalore,Bangalore,Coconut,Grade-I,FAQ,20000,25000,22500,2021-06-21
2066,Bangalore,Bangalore,Coconut,Grade-I,FAQ,20000,25000,22500,2022-06-21
2067,Bangalore,Bangalore,Coconut,Grade-I,FAQ,20000,25000,22500,2021-05-21
2068,Bangalore,Bangalore,Coconut,Grade-I,FAQ,20000,25000,22500,2021-04-22
2069,Bangalore,Bangalore,Coconut,Grade-I,FAQ,20000,25000,22500,2021-06-22
2070,Bangalore,Bangalore,Coconut,Grade-I,FAQ,20000,25000,22500,2021-03-22
2071,Bangalore,Bangalore,Coconut,Grade-I,FAQ,20000,25000,22500,2021-10-22
2072,Bangalore,Bangalore,Coconut,Grade-I,FAQ,20000,25000,22500,2021-09-22
2073,Bangalore,Bangalore,Coconut,Grade-I,FAQ,20000,25000,22500,2021-04-23
2074,Bangalore,Bangalore,Coconut,Grade-I,FAQ,20000,25000,22500,2021-06-23
2075,Bangalore,Bangalore,Coconut,Grade-I,FAQ,20000,25000,22500,2021-03-23
2076,Bangalore,Bangalore,Coconut,Grade-I,FAQ,20000,25000,22500,2021-09-23
2077,Bangalore,Bangalore,Coconut,Grade-I,FAQ,20000,25000,22500,2021-06-24
2078,Bangalore,Bangalore,Coconut,Grade-I,FAQ,20000,25000,22500,2021-03-24
2079,Bangalore,Bangalore,Coconut,Grade-I,FAQ,20000,25000,22500,2021-05-24
2080,Bangalore,Bangalore,Coconut,Grade-I,FAQ,20000,25000,22500,2021-09-24
2081,Bangalore,Bangalore,Coconut,Grade-I,FAQ,20000,25000,22500,2022-04-25
2082,Bangalore,Bangalore,Coconut,Grade-I,FAQ,20000,25000,22500,2021-06-25
2083,Bangalore,Bangalore,Coconut,Grade-I,FAQ,20000,25000,22500,2021-03-25
2084,Bangalore,Bangalore,Coconut,Grade-I,FAQ,20000,25000,22500,2021-05-25
2085,Bangalore,Bangalore,Coconut,Grade-I,FAQ,20000,25000,22500,2021-10-25
2086,Bangalore,Bangalore,Coconut,Grade-I,FAQ,20000,25000,22500,2021-04-26
2087,Bangalore,Bangalore,Coconut,Grade-I,FAQ,20000,25000,22500,2022-04-26
2088,Bangalore,Bangalore,Coconut,Grade-I,FAQ,20000,25000,22500,2021-03-26
2089,Bangalore,Bangalore,Coconut,Grade-I,FAQ,20000,25000,22500,2021-05-26
2090,Bangalore,Bangalore,Coconut,Grade-I,FAQ,20000,25000,22500,2021-10-26
2091,Bangalore,Bangalore,Coconut,Grade-I,FAQ,20000,25000,22500,2021-04-27
2092,Bangalore,Bangalore,Coconut,Grade-I,FAQ,20000,25000,22500,2022-04-27
2093,Bangalore,Bangalore,Coconut,Grade-I,FAQ,20000,25000,22500,2021-05-27
2094,Bangalore,Bangalore,Coconut,Grade-I,FAQ,20000,25000,22500,2021-10-27
2095,Bangalore,Bangalore,Coconut,Grade-I,FAQ,20000,25000,22500,2021-09-27
2096,Bangalore,Bangalore,Coconut,Grade-I,FAQ,20000,25000,22500,2021-04-28
2097,Bangalore,Bangalore,Coconut,Grade-I,FAQ,20000,25000,22500,2021-05-28
2098,Bangalore,Bangalore,Coconut,Grade-I,FAQ,20000,25000,22500,2021-09-28
2099,Bangalore,Bangalore,Coconut,Grade-I,FAQ,20000,25000,22500,2021-03-29
2100,Bangalore,Bangalore,Coconut,Grade-I,FAQ,20000,25000,22500,2022-03-29
2101,Bangalore,Bangalore,Coconut,Grade-I,FAQ,20000,25000,22500,2021-05-29
2102,Bangalore,Bangalore,Coconut,Grade-I,FAQ,20000,25000,22500,2021-09-29
2103,Bangalore,Bangalore,Coconut,Grade-I,FAQ,20000,25000,22500,2021-04-30
2104,Bangalore,Bangalore,Coconut,Grade-I,FAQ,20000,25000,22500,2021-08-30
2105,Bangalore,Bangalore,Coconut,Grade-I,FAQ,20000,25000,22500,2021-03-30
2106,Bangalore,Bangalore,Coconut,Grade-I,FAQ,20000,25000,22500,2022-03-30
2107,Bangalore,Bangalore,Coconut,Grade-I,FAQ,20000,25000,22500,2021-10-30
2108,Bangalore,Bangalore,Coconut,Grade-I,FAQ,20000,25000,22500,2021-09-30
2109,Bangalore,Bangalore,Coconut,Grade-I,FAQ,20000,25000,22500,2021-08-31
2110,Bangalore,Bangalore,Coconut,Grade-I,FAQ,20000,25000,22500,2021-03-31
2111,Bangalore,Bangalore,Coconut,Grade-I,FAQ,20000,25000,22500,2022-03-31
2112,Bangalore,Bangalore,Coconut,Grade-I,FAQ,20000,25000,22500,2021-05-31
2113,Bangalore,Bangalore,Coconut,Grade-I,FAQ,20000,30000,25000,2021-01-19
2114,Bangalore,Bangalore,Coconut,Grade-I,FAQ,20000,30000,25000,2021-01-20
2115,Bangalore,Bangalore,Coconut,Grade-I,FAQ,20000,30000,25000,2021-01-21
2116,Bangalore,Bangalore,Coconut,Grade-I,FAQ,20000,30000,25000,2021-01-22
2117,Bangalore,Bangalore,Coconut,Grade-I,FAQ,20000,30000,25000,2021-01-27
2118,Bangalore,Bangalore,Coconut,Grade-I,FAQ,20000,30000,25000,2021-01-28
2119,Bangalore,Bangalore,Coconut,Grade-I,FAQ,20000,30000,25000,2021-01-29
2120,Bangalore,Bangalore,Coconut,Grade-I,FAQ,20000,30000,25000,2021-01-30
2121,Bangalore,Bangalore,Coconut,Grade-I,FAQ,25000,30000,27500,2021-08-02
2122,Bangalore,Bangalore,Coconut,Grade-I,FAQ,25000,30000,27500,2021-07-02
2123,Bangalore,Bangalore,Coconut,Grade-I,FAQ,25000,30000,27500,2021-08-03
2124,Bangalore,Bangalore,Coconut,Grade-I,FAQ,25000,30000,27500,2021-07-03
2125,Bangalore,Bangalore,Coconut,Grade-I,FAQ,25000,30000,27500,2021-07-05
2126,Bangalore,Bangalore,Coconut,Grade-I,FAQ,25000,30000,27500,2021-07-06
2127,Bangalore,Bangalore,Coconut,Grade-I,FAQ,25000,30000,27500,2021-07-07
2128,Bangalore,Bangalore,Coconut,Grade-I,FAQ,25000,30000,27500,2021-07-08
2129,Bangalore,Bangalore,Coconut,Grade-I,FAQ,25000,30000,27500,2021-07-09
2130,Bangalore,Bangalore,Coconut,Grade-I,FAQ,25000,30000,27500,2021-07-12
2131,Bangalore,Bangalore,Coconut,Grade-I,FAQ,25000,30000,27500,2021-01-13
2132,Bangalore,Bangalore,Coconut,Grade-I,FAQ,25000,30000,27500,2021-07-13
2133,Bangalore,Bangalore,Coconut,Grade-I,FAQ,25000,30000,27500,2021-07-14
2134,Bangalore,Bangalore,Coconut,Grade-I,FAQ,25000,30000,27500,2021-01-15
2135,Bangalore,Bangalore,Coconut,Grade-I,FAQ,25000,30000,27500,2021-07-15
2136,Bangalore,Bangalore,Coconut,Grade-I,FAQ,25000,30000,27500,2021-08-16
2137,Bangalore,Bangalore,Coconut,Grade-I,FAQ,25000,30000,27500,2021-01-16
2138,Bangalore,Bangalore,Coconut,Grade-I,FAQ,25000,30000,27500,2021-07-16
2139,Bangalore,Bangalore,Coconut,Grade-I,FAQ,25000,30000,27500,2021-08-17
2140,Bangalore,Bangalore,Coconut,Grade-I,FAQ,25000,30000,27500,2021-07-17
2141,Bangalore,Bangalore,Coconut,Grade-I,FAQ,25000,30000,27500,2021-08-18
2142,Bangalore,Bangalore,Coconut,Grade-I,FAQ,25000,30000,27500,2021-01-18
2143,Bangalore,Bangalore,Coconut,Grade-I,FAQ,25000,30000,27500,2021-08-19
2144,Bangalore,Bangalore,Coconut,Grade-I,FAQ,25000,30000,27500,2021-07-19
2145,Bangalore,Bangalore,Coconut,Grade-I,FAQ,25000,30000,27500,2021-07-20
2146,Bangalore,Bangalore,Coconut,Grade-I,FAQ,25000,30000,27500,2021-08-21
2147,Bangalore,Bangalore,Coconut,Grade-I,FAQ,25000,30000,27500,2021-07-22
2148,Bangalore,Bangalore,Coconut,Grade-I,FAQ,25000,30000,27500,2021-08-23
2149,Bangalore,Bangalore,Coconut,Grade-I,FAQ,25000,30000,27500,2021-07-23
2150,Bangalore,Bangalore,Coconut,Grade-I,FAQ,25000,30000,27500,2021-08-24
2151,Bangalore,Bangalore,Coconut,Grade-I,FAQ,25000,30000,27500,2021-08-25
2152,Bangalore,Bangalore,Coconut,Grade-I,FAQ,25000,30000,27500,2021-08-26
2153,Bangalore,Bangalore,Coconut,Grade-I,FAQ,25000,30000,27500,2021-07-26
2154,Bangalore,Bangalore,Coconut,Grade-I,FAQ,25000,30000,27500,2021-08-27
2155,Bangalore,Bangalore,Coconut,Grade-I,FAQ,25000,30000,27500,2021-07-27
2156,Bangalore,Bangalore,Coconut,Grade-I,FAQ,25000,30000,27500,2021-07-28
2157,Bangalore,Bangalore,Coconut,Grade-I,FAQ,25000,30000,27500,2021-06-28
2158,Bangalore,Bangalore,Coconut,Grade-I,FAQ,25000,30000,27500,2020-12-29
2159,Bangalore,Bangalore,Coconut,Grade-I,FAQ,25000,30000,27500,2021-07-29
2160,Bangalore,Bangalore,Coconut,Grade-I,FAQ,25000,30000,27500,2020-12-30
2161,Bangalore,Bangalore,Coconut,Grade-I,FAQ,25000,30000,27500,2021-07-30
2162,Bangalore,Bangalore,Coconut,Grade-I,FAQ,25000,30000,27500,2020-12-31
2163,Bangalore,Bangalore,Coconut,Grade-I,FAQ,25000,30000,27500,2021-07-31
2164,Bangalore,Bangalore,Coconut,Grade-I,FAQ,25000,35000,30000,2025-01-01
2165,Bangalore,Bangalore,Coconut,Grade-I,FAQ,25000,35000,30000,2024-12-02
2166,Bangalore,Bangalore,Coconut,Grade-I,FAQ,25000,35000,30000,2025-01-02
2167,Bangalore,Bangalore,Coconut,Grade-I,FAQ,25000,35000,30000,2024-12-03
2168,Bangalore,Bangalore,Coconut,Grade-I,FAQ,25000,35000,30000,2025-01-03
2169,Bangalore,Bangalore,Coconut,Grade-I,FAQ,25000,35000,30000,2024-12-04
2170,Bangalore,Bangalore,Coconut,Grade-I,FAQ,25000,35000,30000,2025-01-04
2171,Bangalore,Bangalore,Coconut,Grade-I,FAQ,25000,35000,30000,2024-12-06
2172,Bangalore,Bangalore,Coconut,Grade-I,FAQ,25000,35000,30000,2024-12-07
2173,Bangalore,Bangalore,Coconut,Grade-I,FAQ,25000,35000,30000,2025-01-09
2174,Bangalore,Bangalore,Coconut,Grade-I,FAQ,25000,35000,30000,2025-01-10
2175,Bangalore,Bangalore,Coconut,Grade-I,FAQ,25000,35000,30000,2025-02-11
2176,Bangalore,Bangalore,Coconut,Grade-I,FAQ,25000,35000,30000,2025-02-13
2177,Bangalore,Bangalore,Coconut,Grade-I,FAQ,25000,35000,30000,2025-02-14
2178,Bangalore,Bangalore,Coconut,Grade-I,FAQ,25000,35000,30000,2025-02-15
2179,Bangalore,Bangalore,Coconut,Grade-I,FAQ,25000,35000,30000,2025-01-15
2180,Bangalore,Bangalore,Coconut,Grade-I,FAQ,25000,35000,30000,2024-12-16
2181,Bangalore,Bangalore,Coconut,Grade-I,FAQ,25000,35000,30000,2024-12-17
2182,Bangalore,Bangalore,Coconut,Grade-I,FAQ,25000,35000,30000,2025-02-18
2183,Bangalore,Bangalore,Coconut,Grade-I,FAQ,25000,35000,30000,2024-12-19
2184,Bangalore,Bangalore,Coconut,Grade-I,FAQ,25000,35000,30000,2025-02-19
2185,Bangalore,Bangalore,Coconut,Grade-I,FAQ,25000,35000,30000,2024-12-20
2186,Bangalore,Bangalore,Coconut,Grade-I,FAQ,25000,35000,30000,2025-02-20
2187,Bangalore,Bangalore,Coconut,Grade-I,FAQ,25000,35000,30000,2025-01-20
2188,Bangalore,Bangalore,Coconut,Grade-I,FAQ,25000,35000,30000,2024-12-21
2189,Bangalore,Bangalore,Coconut,Grade-I,FAQ,25000,35000,30000,2025-02-21
2190,Bangalore,Bangalore,Coconut,Grade-I,FAQ,25000,35000,30000,2025-01-21
2191,Bangalore,Bangalore,Coconut,Grade-I,FAQ,25000,35000,30000,2025-01-22
2192,Bangalore,Bangalore,Coconut,Grade-I,FAQ,25000,35000,30000,2024-12-23
2193,Bangalore,Bangalore,Coconut,Grade-I,FAQ,25000,35000,30000,2025-01-23
2194,Bangalore,Bangalore,Coconut,Grade-I,FAQ,25000,35000,30000,2024-12-24
2195,Bangalore,Bangalore,Coconut,Grade-I,FAQ,25000,35000,30000,2025-01-24
2196,Bangalore,Bangalore,Coconut,Grade-I,FAQ,25000,35000,30000,2024-12-26
2197,Bangalore,Bangalore,Coconut,Grade-I,FAQ,25000,35000,30000,2025-01-27
2198,Bangalore,Bangalore,Coconut,Grade-I,FAQ,25000,35000,30000,2025-01-29
2199,Bangalore,Bangalore,Coconut,Grade-I,FAQ,25000,35000,30000,2025-01-30
2200,Bangalore,Bangalore,Coconut,Grade-I,FAQ,25000,35000,30000,2024-12-31
2201,Bangalore,Bangalore,Coconut,Grade-I,Ref grade-1,25000,35000,30000,2025-02-04
2202,Bangalore,Bangalore,Coconut,Grade-I,Ref grade-1,25000,35000,30000,2025-01-31
