Sl no.,District Name,Market,Commodity,Variety,Grade,Min Price (Rs./Quintal),Max Price (Rs./Quintal),Modal_Price,Arrival_Date
11817,Tumkur,Sira,Coconut,Grade-III,FAQ,1000,16000,13983,2024-09-17
11818,Tumkur,Sira,Coconut,Grade-III,FAQ,1000,22000,19428,2020-12-30
11819,Tumkur,Sira,Coconut,Grade-III,FAQ,6000,8000,7000,2023-08-28
11820,Tumkur,Sira,Coconut,Grade-III,FAQ,6500,12000,6845,2019-10-08
11821,Tumkur,Sira,Coconut,Grade-III,FAQ,6500,13000,6700,2019-08-22
11822,Tumkur,Sira,Coconut,Grade-III,FAQ,6500,14000,6714,2019-12-03
11823,Tumkur,Sira,Coconut,Grade-III,FAQ,6900,14000,7000,2019-08-21
11824,Tumkur,Sira,Coconut,Grade-III,FAQ,7000,12000,7250,2019-09-04
11825,Tumkur,Sira,Coconut,Grade-III,FAQ,7000,13000,7352,2019-10-23
11826,Tumkur,Sira,Coconut,Grade-III,FAQ,7000,13000,7708,2019-09-24
11827,Tumkur,Sira,Coconut,Grade-III,FAQ,7000,13000,7790,2020-01-03
11828,Tumkur,Sira,Coconut,Grade-III,FAQ,7000,14000,7102,2019-07-16
11829,Tumkur,Sira,Coconut,Grade-III,FAQ,7000,14000,7153,2019-07-29
11830,Tumkur,Sira,Coconut,Grade-III,FAQ,7000,14000,7470,2019-07-30
11831,Tumkur,Sira,Coconut,Grade-III,FAQ,7000,14000,7522,2019-10-04
11832,Tumkur,Sira,Coconut,Grade-III,FAQ,7000,14000,8377,2019-11-27
11833,Tumkur,Sira,Coconut,Grade-III,FAQ,7000,16000,7586,2020-03-18
11834,Tumkur,Sira,Coconut,Grade-III,FAQ,7000,16000,7750,2020-07-07
11835,Tumkur,Sira,Coconut,Grade-III,FAQ,7200,15000,7500,2021-06-30
11836,Tumkur,Sira,Coconut,Grade-III,FAQ,7500,11000,8000,2023-12-20
11837,Tumkur,Sira,Coconut,Grade-III,FAQ,7500,14000,7873,2019-08-06
11838,Tumkur,Sira,Coconut,Grade-III,FAQ,7500,14000,8000,2020-03-12
11839,Tumkur,Sira,Coconut,Grade-III,FAQ,7500,15000,7750,2020-06-02
11840,Tumkur,Sira,Coconut,Grade-III,FAQ,8000,13000,10000,2020-01-16
11841,Tumkur,Sira,Coconut,Grade-III,FAQ,8000,13000,10901,2020-01-14
11842,Tumkur,Sira,Coconut,Grade-III,FAQ,8000,14000,8526,2019-11-20
11843,Tumkur,Sira,Coconut,Grade-III,FAQ,8000,14000,8576,2019-09-03
11844,Tumkur,Sira,Coconut,Grade-III,FAQ,8000,14000,8806,2019-08-02
11845,Tumkur,Sira,Coconut,Grade-III,FAQ,8000,14000,10378,2023-09-08
11846,Tumkur,Sira,Coconut,Grade-III,FAQ,8000,15000,8625,2020-08-25
11847,Tumkur,Sira,Coconut,Grade-III,FAQ,8000,15000,8666,2021-07-13
11848,Tumkur,Sira,Coconut,Grade-III,FAQ,8000,16000,8466,2020-06-23
11849,Tumkur,Sira,Coconut,Grade-III,FAQ,8000,16000,8487,2020-08-04
11850,Tumkur,Sira,Coconut,Grade-III,FAQ,8000,16000,8700,2020-07-08
11851,Tumkur,Sira,Coconut,Grade-III,FAQ,8000,16000,8727,2020-08-18
11852,Tumkur,Sira,Coconut,Grade-III,FAQ,8000,16000,8857,2020-05-30
11853,Tumkur,Sira,Coconut,Grade-III,FAQ,8000,16000,8941,2020-05-19
11854,Tumkur,Sira,Coconut,Grade-III,FAQ,8000,16000,9426,2023-08-25
11855,Tumkur,Sira,Coconut,Grade-III,FAQ,8000,16000,9487,2020-06-08
11856,Tumkur,Sira,Coconut,Grade-III,FAQ,8000,16000,9500,2020-06-01
11857,Tumkur,Sira,Coconut,Grade-III,FAQ,8000,16000,9920,2023-07-28
11858,Tumkur,Sira,Coconut,Grade-III,FAQ,8000,16000,10000,2020-06-03
11859,Tumkur,Sira,Coconut,Grade-III,FAQ,8000,16000,11625,2020-06-05
11860,Tumkur,Sira,Coconut,Grade-III,FAQ,8000,18000,8483,2021-10-07
11861,Tumkur,Sira,Coconut,Grade-III,FAQ,8000,18000,8583,2022-09-20
11862,Tumkur,Sira,Coconut,Grade-III,FAQ,8500,12000,9521,2023-07-04
11863,Tumkur,Sira,Coconut,Grade-III,FAQ,8500,13000,9140,2023-10-06
11864,Tumkur,Sira,Coconut,Grade-III,FAQ,8500,13000,9692,2020-01-21
11865,Tumkur,Sira,Coconut,Grade-III,FAQ,8500,14000,9000,2023-10-27
11866,Tumkur,Sira,Coconut,Grade-III,FAQ,8500,14000,10000,2019-12-04
11867,Tumkur,Sira,Coconut,Grade-III,FAQ,8500,14000,10000,2019-10-05
11868,Tumkur,Sira,Coconut,Grade-III,FAQ,8500,14000,10000,2019-12-06
11869,Tumkur,Sira,Coconut,Grade-III,FAQ,8500,14000,10000,2019-10-25
11870,Tumkur,Sira,Coconut,Grade-III,FAQ,8500,14000,10589,2020-01-29
11871,Tumkur,Sira,Coconut,Grade-III,FAQ,8500,16000,9400,2020-07-17
11872,Tumkur,Sira,Coconut,Grade-III,FAQ,8500,16000,9500,2020-09-01
11873,Tumkur,Sira,Coconut,Grade-III,FAQ,8500,16000,9538,2020-06-24
11874,Tumkur,Sira,Coconut,Grade-III,FAQ,8500,16000,9606,2020-07-03
11875,Tumkur,Sira,Coconut,Grade-III,FAQ,8500,16000,9652,2020-07-31
11876,Tumkur,Sira,Coconut,Grade-III,FAQ,8500,16000,9666,2020-09-08
11877,Tumkur,Sira,Coconut,Grade-III,FAQ,8500,16000,9863,2020-07-10
11878,Tumkur,Sira,Coconut,Grade-III,FAQ,8500,16000,9868,2020-06-17
11879,Tumkur,Sira,Coconut,Grade-III,FAQ,8500,16000,10000,2020-04-27
11880,Tumkur,Sira,Coconut,Grade-III,FAQ,8500,16000,10250,2020-06-18
11881,Tumkur,Sira,Coconut,Grade-III,FAQ,8500,16000,10594,2020-06-15
11882,Tumkur,Sira,Coconut,Grade-III,FAQ,8500,16000,10942,2020-07-21
11883,Tumkur,Sira,Coconut,Grade-III,FAQ,8500,16000,11600,2020-06-26
11884,Tumkur,Sira,Coconut,Grade-III,FAQ,8500,16000,12000,2020-07-14
11885,Tumkur,Sira,Coconut,Grade-III,FAQ,8500,16000,12849,2020-06-19
11886,Tumkur,Sira,Coconut,Grade-III,FAQ,8500,16000,13500,2020-07-20
11887,Tumkur,Sira,Coconut,Grade-III,FAQ,8500,16000,13666,2020-07-06
11888,Tumkur,Sira,Coconut,Grade-III,FAQ,8500,16000,14500,2020-07-13
11889,Tumkur,Sira,Coconut,Grade-III,FAQ,8500,16000,14500,2020-07-15
11890,Tumkur,Sira,Coconut,Grade-III,FAQ,8500,16000,14716,2020-07-29
11891,Tumkur,Sira,Coconut,Grade-III,FAQ,8500,18000,9000,2022-12-06
11892,Tumkur,Sira,Coconut,Grade-III,FAQ,8500,18000,10000,2020-10-14
11893,Tumkur,Sira,Coconut,Grade-III,FAQ,8500,18000,10000,2020-09-30
11894,Tumkur,Sira,Coconut,Grade-III,FAQ,8500,18000,10142,2020-08-11
11895,Tumkur,Sira,Coconut,Grade-III,FAQ,8500,18000,10583,2020-10-07
11896,Tumkur,Sira,Coconut,Grade-III,FAQ,8500,18000,10909,2020-09-16
11897,Tumkur,Sira,Coconut,Grade-III,FAQ,8500,18000,11690,2020-09-02
11898,Tumkur,Sira,Coconut,Grade-III,FAQ,8500,18000,11991,2020-09-23
11899,Tumkur,Sira,Coconut,Grade-III,FAQ,8500,18000,12548,2020-09-04
11900,Tumkur,Sira,Coconut,Grade-III,FAQ,8500,18000,13181,2020-09-11
11901,Tumkur,Sira,Coconut,Grade-III,FAQ,8500,18000,13565,2020-08-12
11902,Tumkur,Sira,Coconut,Grade-III,FAQ,8500,18000,13636,2020-09-14
11903,Tumkur,Sira,Coconut,Grade-III,FAQ,8500,18000,13976,2020-08-19
11904,Tumkur,Sira,Coconut,Grade-III,FAQ,8500,18000,14000,2020-09-07
11905,Tumkur,Sira,Coconut,Grade-III,FAQ,8500,18000,14095,2020-08-14
11906,Tumkur,Sira,Coconut,Grade-III,FAQ,8500,18000,14125,2020-10-21
11907,Tumkur,Sira,Coconut,Grade-III,FAQ,8500,18000,14205,2020-06-22
11908,Tumkur,Sira,Coconut,Grade-III,FAQ,8500,18000,14815,2020-09-25
11909,Tumkur,Sira,Coconut,Grade-III,FAQ,8500,18000,14935,2020-10-02
11910,Tumkur,Sira,Coconut,Grade-III,FAQ,8500,18000,15000,2020-05-11
11911,Tumkur,Sira,Coconut,Grade-III,FAQ,8500,18000,15000,2020-08-31
11912,Tumkur,Sira,Coconut,Grade-III,FAQ,8500,18000,15157,2020-09-21
11913,Tumkur,Sira,Coconut,Grade-III,FAQ,8500,18000,15500,2020-10-05
11914,Tumkur,Sira,Coconut,Grade-III,FAQ,8500,18000,16000,2020-08-24
11915,Tumkur,Sira,Coconut,Grade-III,FAQ,8500,18000,16194,2020-08-07
11916,Tumkur,Sira,Coconut,Grade-III,FAQ,8500,18000,16571,2020-09-18
11917,Tumkur,Sira,Coconut,Grade-III,FAQ,8500,18000,16750,2020-08-10
11918,Tumkur,Sira,Coconut,Grade-III,FAQ,8500,20000,9954,2022-10-03
11919,Tumkur,Sira,Coconut,Grade-III,FAQ,8700,13000,10087,2020-02-11
11920,Tumkur,Sira,Coconut,Grade-III,FAQ,8700,14000,10000,2019-10-15
11921,Tumkur,Sira,Coconut,Grade-III,FAQ,8700,14000,10000,2019-10-18
11922,Tumkur,Sira,Coconut,Grade-III,FAQ,8700,14000,10565,2020-01-31
11923,Tumkur,Sira,Coconut,Grade-III,FAQ,8700,15000,14390,2020-01-22
11924,Tumkur,Sira,Coconut,Grade-III,FAQ,8750,13000,10000,2020-01-01
11925,Tumkur,Sira,Coconut,Grade-III,FAQ,8750,13000,10000,2020-01-08
11926,Tumkur,Sira,Coconut,Grade-III,FAQ,8750,13000,10000,2019-12-25
11927,Tumkur,Sira,Coconut,Grade-III,FAQ,8750,13000,10083,2020-02-19
11928,Tumkur,Sira,Coconut,Grade-III,FAQ,8750,14000,9000,2020-03-03
11929,Tumkur,Sira,Coconut,Grade-III,FAQ,8750,14000,9060,2019-08-27
11930,Tumkur,Sira,Coconut,Grade-III,FAQ,8750,14000,9555,2019-11-08
11931,Tumkur,Sira,Coconut,Grade-III,FAQ,8750,14000,10000,2019-11-02
11932,Tumkur,Sira,Coconut,Grade-III,FAQ,8750,14000,10000,2019-11-06
11933,Tumkur,Sira,Coconut,Grade-III,FAQ,8750,14000,10000,2019-09-06
11934,Tumkur,Sira,Coconut,Grade-III,FAQ,8750,14000,10000,2019-12-10
11935,Tumkur,Sira,Coconut,Grade-III,FAQ,8750,14000,10000,2019-09-10
11936,Tumkur,Sira,Coconut,Grade-III,FAQ,8750,14000,10000,2019-10-11
11937,Tumkur,Sira,Coconut,Grade-III,FAQ,8750,14000,10000,2019-07-12
11938,Tumkur,Sira,Coconut,Grade-III,FAQ,8750,14000,10000,2019-11-12
11939,Tumkur,Sira,Coconut,Grade-III,FAQ,8750,14000,10000,2019-08-13
11940,Tumkur,Sira,Coconut,Grade-III,FAQ,8750,14000,10000,2019-09-13
11941,Tumkur,Sira,Coconut,Grade-III,FAQ,8750,14000,10000,2019-11-15
11942,Tumkur,Sira,Coconut,Grade-III,FAQ,8750,14000,10000,2019-08-16
11943,Tumkur,Sira,Coconut,Grade-III,FAQ,8750,14000,10000,2019-12-17
11944,Tumkur,Sira,Coconut,Grade-III,FAQ,8750,14000,10000,2019-07-19
11945,Tumkur,Sira,Coconut,Grade-III,FAQ,8750,14000,10000,2019-11-19
11946,Tumkur,Sira,Coconut,Grade-III,FAQ,8750,14000,10000,2019-12-20
11947,Tumkur,Sira,Coconut,Grade-III,FAQ,8750,14000,10000,2019-09-21
11948,Tumkur,Sira,Coconut,Grade-III,FAQ,8750,14000,10000,2019-11-22
11949,Tumkur,Sira,Coconut,Grade-III,FAQ,8750,14000,10000,2019-10-22
11950,Tumkur,Sira,Coconut,Grade-III,FAQ,8750,14000,10000,2019-08-23
11951,Tumkur,Sira,Coconut,Grade-III,FAQ,8750,14000,10000,2019-07-23
11952,Tumkur,Sira,Coconut,Grade-III,FAQ,8750,14000,10000,2019-07-26
11953,Tumkur,Sira,Coconut,Grade-III,FAQ,8750,14000,10000,2019-11-26
11954,Tumkur,Sira,Coconut,Grade-III,FAQ,8750,14000,10000,2019-12-27
11955,Tumkur,Sira,Coconut,Grade-III,FAQ,8750,14000,10000,2020-01-28
11956,Tumkur,Sira,Coconut,Grade-III,FAQ,8750,14000,10000,2019-11-29
11957,Tumkur,Sira,Coconut,Grade-III,FAQ,8750,14000,10000,2019-10-29
11958,Tumkur,Sira,Coconut,Grade-III,FAQ,8750,14000,10000,2019-08-30
11959,Tumkur,Sira,Coconut,Grade-III,FAQ,8750,14000,10000,2019-12-31
11960,Tumkur,Sira,Coconut,Grade-III,FAQ,8750,14000,10081,2020-02-25
11961,Tumkur,Sira,Coconut,Grade-III,FAQ,8750,14000,10352,2020-01-07
11962,Tumkur,Sira,Coconut,Grade-III,FAQ,8750,14000,10471,2019-10-01
11963,Tumkur,Sira,Coconut,Grade-III,FAQ,8750,14000,10500,2019-12-13
11964,Tumkur,Sira,Coconut,Grade-III,FAQ,8750,14000,10918,2020-02-05
11965,Tumkur,Sira,Coconut,Grade-III,FAQ,8750,14000,10955,2020-02-12
11966,Tumkur,Sira,Coconut,Grade-III,FAQ,8750,14000,10992,2019-08-20
11967,Tumkur,Sira,Coconut,Grade-III,FAQ,8750,14000,11012,2020-02-28
11968,Tumkur,Sira,Coconut,Grade-III,FAQ,8750,14000,11649,2020-02-26
11969,Tumkur,Sira,Coconut,Grade-III,FAQ,8750,14000,11875,2019-09-17
11970,Tumkur,Sira,Coconut,Grade-III,FAQ,8750,14000,12073,2020-02-14
11971,Tumkur,Sira,Coconut,Grade-III,FAQ,8750,14000,12500,2020-02-04
11972,Tumkur,Sira,Coconut,Grade-III,FAQ,8750,14000,13363,2019-12-11
11973,Tumkur,Sira,Coconut,Grade-III,FAQ,8750,16000,10000,2020-05-06
11974,Tumkur,Sira,Coconut,Grade-III,FAQ,8750,16000,10000,2020-03-10
11975,Tumkur,Sira,Coconut,Grade-III,FAQ,8750,16000,10000,2020-04-24
11976,Tumkur,Sira,Coconut,Grade-III,FAQ,8750,16000,11109,2020-03-11
11977,Tumkur,Sira,Coconut,Grade-III,FAQ,8750,16000,12000,2020-04-20
11978,Tumkur,Sira,Coconut,Grade-III,FAQ,8750,16000,15333,2020-02-07
11979,Tumkur,Sira,Coconut,Grade-III,FAQ,8750,18000,15070,2020-03-06
11980,Tumkur,Sira,Coconut,Grade-III,FAQ,9000,12000,10055,2023-10-04
11981,Tumkur,Sira,Coconut,Grade-III,FAQ,9000,13000,11150,2023-11-22
11982,Tumkur,Sira,Coconut,Grade-III,FAQ,9000,13000,11198,2023-07-12
11983,Tumkur,Sira,Coconut,Grade-III,FAQ,9000,13000,11827,2024-01-05
11984,Tumkur,Sira,Coconut,Grade-III,FAQ,9000,14000,9603,2024-07-19
11985,Tumkur,Sira,Coconut,Grade-III,FAQ,9000,14000,9694,2024-07-12
11986,Tumkur,Sira,Coconut,Grade-III,FAQ,9000,14000,9694,2024-07-18
11987,Tumkur,Sira,Coconut,Grade-III,FAQ,9000,14000,9757,2024-07-29
11988,Tumkur,Sira,Coconut,Grade-III,FAQ,9000,14000,10000,2019-08-09
11989,Tumkur,Sira,Coconut,Grade-III,FAQ,9000,14000,10000,2019-09-27
11990,Tumkur,Sira,Coconut,Grade-III,FAQ,9000,14000,10304,2024-06-25
11991,Tumkur,Sira,Coconut,Grade-III,FAQ,9000,14000,10531,2024-07-09
11992,Tumkur,Sira,Coconut,Grade-III,FAQ,9000,14000,10860,2023-10-18
11993,Tumkur,Sira,Coconut,Grade-III,FAQ,9000,14000,10909,2024-04-05
11994,Tumkur,Sira,Coconut,Grade-III,FAQ,9000,14000,11000,2023-10-11
11995,Tumkur,Sira,Coconut,Grade-III,FAQ,9000,14000,11000,2023-09-13
11996,Tumkur,Sira,Coconut,Grade-III,FAQ,9000,14000,11000,2023-06-14
11997,Tumkur,Sira,Coconut,Grade-III,FAQ,9000,14000,11500,2024-03-29
11998,Tumkur,Sira,Coconut,Grade-III,FAQ,9000,14000,12097,2020-02-18
11999,Tumkur,Sira,Coconut,Grade-III,FAQ,9000,15000,10377,2024-06-11
12000,Tumkur,Sira,Coconut,Grade-III,FAQ,9000,15000,10444,2024-04-19
12001,Tumkur,Sira,Coconut,Grade-III,FAQ,9000,15000,10663,2023-08-08
12002,Tumkur,Sira,Coconut,Grade-III,FAQ,9000,15000,11000,2024-05-06
12003,Tumkur,Sira,Coconut,Grade-III,FAQ,9000,15000,11025,2023-06-20
12004,Tumkur,Sira,Coconut,Grade-III,FAQ,9000,15000,11108,2023-07-25
12005,Tumkur,Sira,Coconut,Grade-III,FAQ,9000,15000,11333,2023-09-26
12006,Tumkur,Sira,Coconut,Grade-III,FAQ,9000,15000,11375,2023-06-23
12007,Tumkur,Sira,Coconut,Grade-III,FAQ,9000,15000,11386,2024-07-02
12008,Tumkur,Sira,Coconut,Grade-III,FAQ,9000,15000,11527,2023-08-01
12009,Tumkur,Sira,Coconut,Grade-III,FAQ,9000,15000,11714,2023-07-07
12010,Tumkur,Sira,Coconut,Grade-III,FAQ,9000,15000,12250,2024-01-03
12011,Tumkur,Sira,Coconut,Grade-III,FAQ,9000,15000,12418,2024-07-05
12012,Tumkur,Sira,Coconut,Grade-III,FAQ,9000,15000,12452,2023-06-21
12013,Tumkur,Sira,Coconut,Grade-III,FAQ,9000,15000,12474,2023-07-19
12014,Tumkur,Sira,Coconut,Grade-III,FAQ,9000,15000,12705,2023-10-09
12015,Tumkur,Sira,Coconut,Grade-III,FAQ,9000,15000,12782,2023-08-07
12016,Tumkur,Sira,Coconut,Grade-III,FAQ,9000,15000,13333,2024-07-23
12017,Tumkur,Sira,Coconut,Grade-III,FAQ,9000,15000,13344,2023-07-14
12018,Tumkur,Sira,Coconut,Grade-III,FAQ,9000,16000,11250,2023-06-27
12019,Tumkur,Sira,Coconut,Grade-III,FAQ,9000,16000,11311,2023-10-13
12020,Tumkur,Sira,Coconut,Grade-III,FAQ,9000,16000,11722,2023-08-22
12021,Tumkur,Sira,Coconut,Grade-III,FAQ,9000,16000,11888,2023-06-28
12022,Tumkur,Sira,Coconut,Grade-III,FAQ,9000,16000,12714,2023-07-24
12023,Tumkur,Sira,Coconut,Grade-III,FAQ,9000,16000,13325,2023-07-03
12024,Tumkur,Sira,Coconut,Grade-III,FAQ,9000,16000,13490,2023-08-04
12025,Tumkur,Sira,Coconut,Grade-III,FAQ,9000,16000,13685,2023-08-02
12026,Tumkur,Sira,Coconut,Grade-III,FAQ,9000,16000,14333,2023-09-04
12027,Tumkur,Sira,Coconut,Grade-III,FAQ,9000,16000,14800,2023-09-25
12028,Tumkur,Sira,Coconut,Grade-III,FAQ,9000,16600,12250,2024-08-02
12029,Tumkur,Sira,Coconut,Grade-III,FAQ,9000,17000,13060,2020-06-29
12030,Tumkur,Sira,Coconut,Grade-III,FAQ,9000,17000,15000,2023-06-19
12031,Tumkur,Sira,Coconut,Grade-III,FAQ,9000,17000,15500,2023-07-17
12032,Tumkur,Sira,Coconut,Grade-III,FAQ,9000,17000,15666,2020-01-17
12033,Tumkur,Sira,Coconut,Grade-III,FAQ,9000,18000,9454,2021-08-31
12034,Tumkur,Sira,Coconut,Grade-III,FAQ,9000,18000,9500,2021-09-07
12035,Tumkur,Sira,Coconut,Grade-III,FAQ,9000,18000,9833,2020-11-24
12036,Tumkur,Sira,Coconut,Grade-III,FAQ,9000,18000,9888,2021-10-12
12037,Tumkur,Sira,Coconut,Grade-III,FAQ,9000,18000,11000,2020-10-27
12038,Tumkur,Sira,Coconut,Grade-III,FAQ,9000,18000,12175,2023-03-21
12039,Tumkur,Sira,Coconut,Grade-III,FAQ,9000,18000,13000,2020-03-13
12040,Tumkur,Sira,Coconut,Grade-III,FAQ,9000,18000,14750,2023-06-26
12041,Tumkur,Sira,Coconut,Grade-III,FAQ,9000,18000,15000,2023-07-10
12042,Tumkur,Sira,Coconut,Grade-III,FAQ,9000,18000,15250,2023-09-11
12043,Tumkur,Sira,Coconut,Grade-III,FAQ,9000,18000,15290,2020-08-17
12044,Tumkur,Sira,Coconut,Grade-III,FAQ,9000,18000,15384,2020-07-27
12045,Tumkur,Sira,Coconut,Grade-III,FAQ,9000,18000,15500,2023-07-31
12046,Tumkur,Sira,Coconut,Grade-III,FAQ,9000,18000,16000,2024-07-22
12047,Tumkur,Sira,Coconut,Grade-III,FAQ,9000,18000,16066,2020-03-04
12048,Tumkur,Sira,Coconut,Grade-III,FAQ,9000,18000,16117,2020-10-12
12049,Tumkur,Sira,Coconut,Grade-III,FAQ,9000,18000,16357,2023-10-16
12050,Tumkur,Sira,Coconut,Grade-III,FAQ,9000,18000,16533,2020-10-16
12051,Tumkur,Sira,Coconut,Grade-III,FAQ,9000,19000,17500,2020-09-28
12052,Tumkur,Sira,Coconut,Grade-III,FAQ,9000,20000,10650,2022-10-06
12053,Tumkur,Sira,Coconut,Grade-III,FAQ,9000,20000,10944,2022-11-01
12054,Tumkur,Sira,Coconut,Grade-III,FAQ,9000,20000,12936,2021-10-29
12055,Tumkur,Sira,Coconut,Grade-III,FAQ,9000,20000,15035,2020-11-13
12056,Tumkur,Sira,Coconut,Grade-III,FAQ,9000,20000,15555,2020-11-18
12057,Tumkur,Sira,Coconut,Grade-III,FAQ,9000,20000,15666,2021-11-01
12058,Tumkur,Sira,Coconut,Grade-III,FAQ,9000,20000,16076,2020-10-23
12059,Tumkur,Sira,Coconut,Grade-III,FAQ,9000,20000,16899,2020-10-09
12060,Tumkur,Sira,Coconut,Grade-III,FAQ,9000,20000,17761,2020-10-30
12061,Tumkur,Sira,Coconut,Grade-III,FAQ,9000,20000,17800,2020-11-30
12062,Tumkur,Sira,Coconut,Grade-III,FAQ,9000,20000,18500,2020-11-02
12063,Tumkur,Sira,Coconut,Grade-III,FAQ,9000,21000,18088,2020-11-09
12064,Tumkur,Sira,Coconut,Grade-III,FAQ,9000,21000,18166,2020-11-06
12065,Tumkur,Sira,Coconut,Grade-III,FAQ,9100,16670,14376,2024-11-06
12066,Tumkur,Sira,Coconut,Grade-III,FAQ,9500,13000,10500,2023-12-27
12067,Tumkur,Sira,Coconut,Grade-III,FAQ,9500,14000,11141,2023-12-13
12068,Tumkur,Sira,Coconut,Grade-III,FAQ,9500,18000,10000,2021-07-06
12069,Tumkur,Sira,Coconut,Grade-III,FAQ,9500,18000,10000,2021-09-21
12070,Tumkur,Sira,Coconut,Grade-III,FAQ,9500,18000,10000,2022-10-24
12071,Tumkur,Sira,Coconut,Grade-III,FAQ,9500,18000,10941,2022-02-15
12072,Tumkur,Sira,Coconut,Grade-III,FAQ,9500,18000,12000,2021-07-28
12073,Tumkur,Sira,Coconut,Grade-III,FAQ,9500,18000,15954,2020-08-03
12074,Tumkur,Sira,Coconut,Grade-III,FAQ,9500,20000,12000,2020-12-08
12075,Tumkur,Sira,Coconut,Grade-III,FAQ,9500,21000,17000,2020-12-01
12076,Tumkur,Sira,Coconut,Grade-III,FAQ,9500,21000,18765,2020-12-02
12077,Tumkur,Sira,Coconut,Grade-III,FAQ,9803,9803,9803,2024-12-13
12078,Tumkur,Sira,Coconut,Grade-III,FAQ,10000,10000,10000,2022-04-05
12079,Tumkur,Sira,Coconut,Grade-III,FAQ,10000,13000,11105,2023-12-29
12080,Tumkur,Sira,Coconut,Grade-III,FAQ,10000,14000,11000,2024-01-01
12081,Tumkur,Sira,Coconut,Grade-III,FAQ,10000,14000,11191,2023-12-15
12082,Tumkur,Sira,Coconut,Grade-III,FAQ,10000,14000,11213,2023-12-06
12083,Tumkur,Sira,Coconut,Grade-III,FAQ,10000,14000,11450,2023-06-07
12084,Tumkur,Sira,Coconut,Grade-III,FAQ,10000,14000,11500,2024-01-22
12085,Tumkur,Sira,Coconut,Grade-III,FAQ,10000,14000,12000,2023-11-28
12086,Tumkur,Sira,Coconut,Grade-III,FAQ,10000,14000,12589,2024-01-10
12087,Tumkur,Sira,Coconut,Grade-III,FAQ,10000,14000,12969,2023-11-16
12088,Tumkur,Sira,Coconut,Grade-III,FAQ,10000,15000,11022,2024-06-01
12089,Tumkur,Sira,Coconut,Grade-III,FAQ,10000,15000,11696,2024-05-20
12090,Tumkur,Sira,Coconut,Grade-III,FAQ,10000,15000,12042,2023-11-03
12091,Tumkur,Sira,Coconut,Grade-III,FAQ,10000,15000,12257,2024-06-04
12092,Tumkur,Sira,Coconut,Grade-III,FAQ,10000,15000,12312,2023-06-12
12093,Tumkur,Sira,Coconut,Grade-III,FAQ,10000,15000,12425,2024-09-03
12094,Tumkur,Sira,Coconut,Grade-III,FAQ,10000,15000,12429,2024-10-24
12095,Tumkur,Sira,Coconut,Grade-III,FAQ,10000,15000,12541,2024-08-13
12096,Tumkur,Sira,Coconut,Grade-III,FAQ,10000,15000,12541,2024-09-13
12097,Tumkur,Sira,Coconut,Grade-III,FAQ,10000,15000,12571,2023-06-09
12098,Tumkur,Sira,Coconut,Grade-III,FAQ,10000,15000,12593,2024-01-19
12099,Tumkur,Sira,Coconut,Grade-III,FAQ,10000,15000,12600,2024-08-20
12100,Tumkur,Sira,Coconut,Grade-III,FAQ,10000,15000,12700,2024-09-10
12101,Tumkur,Sira,Coconut,Grade-III,FAQ,10000,15000,12727,2024-02-07
12102,Tumkur,Sira,Coconut,Grade-III,FAQ,10000,15000,13142,2024-07-08
12103,Tumkur,Sira,Coconut,Grade-III,FAQ,10000,15000,13230,2024-08-05
12104,Tumkur,Sira,Coconut,Grade-III,FAQ,10000,15000,13538,2024-09-09
12105,Tumkur,Sira,Coconut,Grade-III,FAQ,10000,15000,13547,2024-04-22
12106,Tumkur,Sira,Coconut,Grade-III,FAQ,10000,15000,13800,2023-12-05
12107,Tumkur,Sira,Coconut,Grade-III,FAQ,10000,16000,11500,2023-12-11
12108,Tumkur,Sira,Coconut,Grade-III,FAQ,10000,16000,12000,2023-03-15
12109,Tumkur,Sira,Coconut,Grade-III,FAQ,10000,16000,12750,2023-05-19
12110,Tumkur,Sira,Coconut,Grade-III,FAQ,10000,16000,12838,2023-05-26
12111,Tumkur,Sira,Coconut,Grade-III,FAQ,10000,16000,13000,2023-03-28
12112,Tumkur,Sira,Coconut,Grade-III,FAQ,10000,16000,13000,2023-05-30
12113,Tumkur,Sira,Coconut,Grade-III,FAQ,10000,16000,13268,2024-08-09
12114,Tumkur,Sira,Coconut,Grade-III,FAQ,10000,16000,13272,2024-04-06
12115,Tumkur,Sira,Coconut,Grade-III,FAQ,10000,16000,13285,2023-05-29
12116,Tumkur,Sira,Coconut,Grade-III,FAQ,10000,16000,13362,2024-06-18
12117,Tumkur,Sira,Coconut,Grade-III,FAQ,10000,16000,13750,2024-09-12
12118,Tumkur,Sira,Coconut,Grade-III,FAQ,10000,16000,13777,2024-06-24
12119,Tumkur,Sira,Coconut,Grade-III,FAQ,10000,16000,13818,2024-04-23
12120,Tumkur,Sira,Coconut,Grade-III,FAQ,10000,16000,13833,2023-05-17
12121,Tumkur,Sira,Coconut,Grade-III,FAQ,10000,16000,14047,2024-01-29
12122,Tumkur,Sira,Coconut,Grade-III,FAQ,10000,16000,14300,2024-09-25
12123,Tumkur,Sira,Coconut,Grade-III,FAQ,10000,16000,14565,2024-04-03
12124,Tumkur,Sira,Coconut,Grade-III,FAQ,10000,16000,14585,2024-01-31
12125,Tumkur,Sira,Coconut,Grade-III,FAQ,10000,16000,14628,2023-05-24
12126,Tumkur,Sira,Coconut,Grade-III,FAQ,10000,16000,14636,2024-08-26
12127,Tumkur,Sira,Coconut,Grade-III,FAQ,10000,16000,14846,2023-05-31
12128,Tumkur,Sira,Coconut,Grade-III,FAQ,10000,16000,14975,2024-09-24
12129,Tumkur,Sira,Coconut,Grade-III,FAQ,10000,16750,15184,2024-08-23
12130,Tumkur,Sira,Coconut,Grade-III,FAQ,10000,17000,13076,2024-06-10
12131,Tumkur,Sira,Coconut,Grade-III,FAQ,10000,17000,13473,2024-02-12
12132,Tumkur,Sira,Coconut,Grade-III,FAQ,10000,17000,13812,2023-05-12
12133,Tumkur,Sira,Coconut,Grade-III,FAQ,10000,17000,13846,2023-04-10
12134,Tumkur,Sira,Coconut,Grade-III,FAQ,10000,17000,14090,2024-07-01
12135,Tumkur,Sira,Coconut,Grade-III,FAQ,10000,17000,14405,2024-09-27
12136,Tumkur,Sira,Coconut,Grade-III,FAQ,10000,17000,14928,2024-04-29
12137,Tumkur,Sira,Coconut,Grade-III,FAQ,10000,17000,15000,2024-10-03
12138,Tumkur,Sira,Coconut,Grade-III,FAQ,10000,17000,15000,2023-12-04
12139,Tumkur,Sira,Coconut,Grade-III,FAQ,10000,17000,15000,2023-06-16
12140,Tumkur,Sira,Coconut,Grade-III,FAQ,10000,17000,15000,2023-11-17
12141,Tumkur,Sira,Coconut,Grade-III,FAQ,10000,17000,15000,2023-12-18
12142,Tumkur,Sira,Coconut,Grade-III,FAQ,10000,17000,15000,2024-03-19
12143,Tumkur,Sira,Coconut,Grade-III,FAQ,10000,17000,15483,2023-12-01
12144,Tumkur,Sira,Coconut,Grade-III,FAQ,10000,17000,16454,2024-11-18
12145,Tumkur,Sira,Coconut,Grade-III,FAQ,10000,18000,10089,2021-06-29
12146,Tumkur,Sira,Coconut,Grade-III,FAQ,10000,18000,11785,2021-12-03
12147,Tumkur,Sira,Coconut,Grade-III,FAQ,10000,18000,11863,2021-07-30
12148,Tumkur,Sira,Coconut,Grade-III,FAQ,10000,18000,12098,2022-10-28
12149,Tumkur,Sira,Coconut,Grade-III,FAQ,10000,18000,12805,2021-06-23
12150,Tumkur,Sira,Coconut,Grade-III,FAQ,10000,18000,13250,2023-03-07
12151,Tumkur,Sira,Coconut,Grade-III,FAQ,10000,18000,13375,2023-04-28
12152,Tumkur,Sira,Coconut,Grade-III,FAQ,10000,18000,13909,2023-03-31
12153,Tumkur,Sira,Coconut,Grade-III,FAQ,10000,18000,14200,2023-04-14
12154,Tumkur,Sira,Coconut,Grade-III,FAQ,10000,18000,14272,2023-03-29
12155,Tumkur,Sira,Coconut,Grade-III,FAQ,10000,18000,14546,2024-11-19
12156,Tumkur,Sira,Coconut,Grade-III,FAQ,10000,18000,14588,2023-04-07
12157,Tumkur,Sira,Coconut,Grade-III,FAQ,10000,18000,14816,2023-04-03
12158,Tumkur,Sira,Coconut,Grade-III,FAQ,10000,18000,14857,2023-04-24
12159,Tumkur,Sira,Coconut,Grade-III,FAQ,10000,18000,14875,2024-03-11
12160,Tumkur,Sira,Coconut,Grade-III,FAQ,10000,18000,15000,2023-06-05
12161,Tumkur,Sira,Coconut,Grade-III,FAQ,10000,18000,15000,2023-05-05
12162,Tumkur,Sira,Coconut,Grade-III,FAQ,10000,18000,15000,2024-01-08
12163,Tumkur,Sira,Coconut,Grade-III,FAQ,10000,18000,15000,2023-05-08
12164,Tumkur,Sira,Coconut,Grade-III,FAQ,10000,18000,15000,2023-03-13
12165,Tumkur,Sira,Coconut,Grade-III,FAQ,10000,18000,15000,2023-05-15
12166,Tumkur,Sira,Coconut,Grade-III,FAQ,10000,18000,15000,2024-09-16
12167,Tumkur,Sira,Coconut,Grade-III,FAQ,10000,18000,15000,2024-03-18
12168,Tumkur,Sira,Coconut,Grade-III,FAQ,10000,18000,15058,2024-05-27
12169,Tumkur,Sira,Coconut,Grade-III,FAQ,10000,18000,15098,2024-10-04
12170,Tumkur,Sira,Coconut,Grade-III,FAQ,10000,18000,15125,2024-10-09
12171,Tumkur,Sira,Coconut,Grade-III,FAQ,10000,18000,15135,2023-03-17
12172,Tumkur,Sira,Coconut,Grade-III,FAQ,10000,18000,15148,2024-03-25
12173,Tumkur,Sira,Coconut,Grade-III,FAQ,10000,18000,15461,2023-03-20
12174,Tumkur,Sira,Coconut,Grade-III,FAQ,10000,18000,15480,2023-05-22
12175,Tumkur,Sira,Coconut,Grade-III,FAQ,10000,18000,15500,2021-10-11
12176,Tumkur,Sira,Coconut,Grade-III,FAQ,10000,18000,15652,2023-03-10
12177,Tumkur,Sira,Coconut,Grade-III,FAQ,10000,18000,15656,2024-09-20
12178,Tumkur,Sira,Coconut,Grade-III,FAQ,10000,18000,15705,2023-03-06
12179,Tumkur,Sira,Coconut,Grade-III,FAQ,10000,18000,15735,2024-10-25
12180,Tumkur,Sira,Coconut,Grade-III,FAQ,10000,18000,15946,2024-02-26
12181,Tumkur,Sira,Coconut,Grade-III,FAQ,10000,18000,16000,2023-05-01
12182,Tumkur,Sira,Coconut,Grade-III,FAQ,10000,18000,16000,2023-05-02
12183,Tumkur,Sira,Coconut,Grade-III,FAQ,10000,18000,16000,2023-04-17
12184,Tumkur,Sira,Coconut,Grade-III,FAQ,10000,18000,16000,2023-03-27
12185,Tumkur,Sira,Coconut,Grade-III,FAQ,10000,18000,16000,2023-11-27
12186,Tumkur,Sira,Coconut,Grade-III,FAQ,10000,18000,16000,2024-09-30
12187,Tumkur,Sira,Coconut,Grade-III,FAQ,10000,18000,16306,2024-10-07
12188,Tumkur,Sira,Coconut,Grade-III,FAQ,10000,18000,16545,2024-12-02
12189,Tumkur,Sira,Coconut,Grade-III,FAQ,10000,18000,17375,2024-10-28
12190,Tumkur,Sira,Coconut,Grade-III,FAQ,10000,18000,17600,2024-11-25
12191,Tumkur,Sira,Coconut,Grade-III,FAQ,10000,19000,12430,2024-09-02
12192,Tumkur,Sira,Coconut,Grade-III,FAQ,10000,19000,16545,2024-04-15
12193,Tumkur,Sira,Coconut,Grade-III,FAQ,10000,20000,11350,2022-11-22
12194,Tumkur,Sira,Coconut,Grade-III,FAQ,10000,20000,12033,2022-10-21
12195,Tumkur,Sira,Coconut,Grade-III,FAQ,10000,20000,12256,2022-10-12
12196,Tumkur,Sira,Coconut,Grade-III,FAQ,10000,20000,12900,2022-11-23
12197,Tumkur,Sira,Coconut,Grade-III,FAQ,10000,20000,12950,2021-11-09
12198,Tumkur,Sira,Coconut,Grade-III,FAQ,10000,20000,12950,2021-11-10
12199,Tumkur,Sira,Coconut,Grade-III,FAQ,10000,20000,12954,2022-10-17
12200,Tumkur,Sira,Coconut,Grade-III,FAQ,10000,20000,13000,2021-09-14
12201,Tumkur,Sira,Coconut,Grade-III,FAQ,10000,20000,13000,2021-09-15
12202,Tumkur,Sira,Coconut,Grade-III,FAQ,10000,20000,13000,2021-07-27
12203,Tumkur,Sira,Coconut,Grade-III,FAQ,10000,20000,13000,2021-09-28
12204,Tumkur,Sira,Coconut,Grade-III,FAQ,10000,20000,13161,2022-10-19
12205,Tumkur,Sira,Coconut,Grade-III,FAQ,10000,20000,13306,2021-03-24
12206,Tumkur,Sira,Coconut,Grade-III,FAQ,10000,20000,13351,2021-02-24
12207,Tumkur,Sira,Coconut,Grade-III,FAQ,10000,20000,13750,2024-08-12
12208,Tumkur,Sira,Coconut,Grade-III,FAQ,10000,20000,13813,2022-10-31
12209,Tumkur,Sira,Coconut,Grade-III,FAQ,10000,20000,13925,2021-08-13
12210,Tumkur,Sira,Coconut,Grade-III,FAQ,10000,20000,13964,2021-03-29
12211,Tumkur,Sira,Coconut,Grade-III,FAQ,10000,20000,14000,2021-08-23
12212,Tumkur,Sira,Coconut,Grade-III,FAQ,10000,20000,14123,2022-10-14
12213,Tumkur,Sira,Coconut,Grade-III,FAQ,10000,20000,14138,2021-04-05
12214,Tumkur,Sira,Coconut,Grade-III,FAQ,10000,20000,14454,2021-07-26
12215,Tumkur,Sira,Coconut,Grade-III,FAQ,10000,20000,14500,2021-07-05
12216,Tumkur,Sira,Coconut,Grade-III,FAQ,10000,20000,14793,2021-07-12
12217,Tumkur,Sira,Coconut,Grade-III,FAQ,10000,20000,14800,2021-08-18
12218,Tumkur,Sira,Coconut,Grade-III,FAQ,10000,20000,14828,2021-01-12
12219,Tumkur,Sira,Coconut,Grade-III,FAQ,10000,20000,15000,2021-08-02
12220,Tumkur,Sira,Coconut,Grade-III,FAQ,10000,20000,15000,2021-07-19
12221,Tumkur,Sira,Coconut,Grade-III,FAQ,10000,20000,15000,2021-06-21
12222,Tumkur,Sira,Coconut,Grade-III,FAQ,10000,20000,15031,2020-11-25
12223,Tumkur,Sira,Coconut,Grade-III,FAQ,10000,20000,15142,2021-08-16
12224,Tumkur,Sira,Coconut,Grade-III,FAQ,10000,20000,15333,2021-10-04
12225,Tumkur,Sira,Coconut,Grade-III,FAQ,10000,20000,15375,2021-01-27
12226,Tumkur,Sira,Coconut,Grade-III,FAQ,10000,20000,15454,2021-06-28
12227,Tumkur,Sira,Coconut,Grade-III,FAQ,10000,20000,15461,2021-10-18
12228,Tumkur,Sira,Coconut,Grade-III,FAQ,10000,20000,15500,2021-09-13
12229,Tumkur,Sira,Coconut,Grade-III,FAQ,10000,20000,15500,2021-09-20
12230,Tumkur,Sira,Coconut,Grade-III,FAQ,10000,20000,15500,2021-09-27
12231,Tumkur,Sira,Coconut,Grade-III,FAQ,10000,20000,15553,2021-04-07
12232,Tumkur,Sira,Coconut,Grade-III,FAQ,10000,20000,15645,2021-04-11
12233,Tumkur,Sira,Coconut,Grade-III,FAQ,10000,20000,15692,2021-10-25
12234,Tumkur,Sira,Coconut,Grade-III,FAQ,10000,20000,15837,2021-09-22
12235,Tumkur,Sira,Coconut,Grade-III,FAQ,10000,20000,15864,2021-11-05
12236,Tumkur,Sira,Coconut,Grade-III,FAQ,10000,20000,16000,2021-11-15
12237,Tumkur,Sira,Coconut,Grade-III,FAQ,10000,20000,16000,2023-03-24
12238,Tumkur,Sira,Coconut,Grade-III,FAQ,10000,20000,16000,2021-09-24
12239,Tumkur,Sira,Coconut,Grade-III,FAQ,10000,20000,16040,2021-03-03
12240,Tumkur,Sira,Coconut,Grade-III,FAQ,10000,20000,16058,2021-04-02
12241,Tumkur,Sira,Coconut,Grade-III,FAQ,10000,20000,16210,2021-03-26
12242,Tumkur,Sira,Coconut,Grade-III,FAQ,10000,20000,16232,2020-12-14
12243,Tumkur,Sira,Coconut,Grade-III,FAQ,10000,20000,16285,2021-03-17
12244,Tumkur,Sira,Coconut,Grade-III,FAQ,10000,20000,16357,2021-11-12
12245,Tumkur,Sira,Coconut,Grade-III,FAQ,10000,20000,16386,2021-03-10
12246,Tumkur,Sira,Coconut,Grade-III,FAQ,10000,20000,16511,2021-03-12
12247,Tumkur,Sira,Coconut,Grade-III,FAQ,10000,20000,16600,2021-02-10
12248,Tumkur,Sira,Coconut,Grade-III,FAQ,10000,20000,16700,2021-03-05
12249,Tumkur,Sira,Coconut,Grade-III,FAQ,10000,20000,16800,2021-04-09
12250,Tumkur,Sira,Coconut,Grade-III,FAQ,10000,20000,16948,2021-03-31
12251,Tumkur,Sira,Coconut,Grade-III,FAQ,10000,20000,17000,2024-12-09
12252,Tumkur,Sira,Coconut,Grade-III,FAQ,10000,20000,17000,2024-09-23
12253,Tumkur,Sira,Coconut,Grade-III,FAQ,10000,20000,17000,2024-12-30
12254,Tumkur,Sira,Coconut,Grade-III,FAQ,10000,20000,17101,2020-12-07
12255,Tumkur,Sira,Coconut,Grade-III,FAQ,10000,20000,17125,2020-12-09
12256,Tumkur,Sira,Coconut,Grade-III,FAQ,10000,20000,17909,2024-04-01
12257,Tumkur,Sira,Coconut,Grade-III,FAQ,10000,21000,11350,2022-08-23
12258,Tumkur,Sira,Coconut,Grade-III,FAQ,10000,21000,12000,2023-01-10
12259,Tumkur,Sira,Coconut,Grade-III,FAQ,10000,21000,12000,2022-08-24
12260,Tumkur,Sira,Coconut,Grade-III,FAQ,10000,21000,12150,2023-01-27
12261,Tumkur,Sira,Coconut,Grade-III,FAQ,10000,21000,12175,2022-09-14
12262,Tumkur,Sira,Coconut,Grade-III,FAQ,10000,21000,12175,2022-12-27
12263,Tumkur,Sira,Coconut,Grade-III,FAQ,10000,21000,12200,2022-09-27
12264,Tumkur,Sira,Coconut,Grade-III,FAQ,10000,21000,12208,2022-08-16
12265,Tumkur,Sira,Coconut,Grade-III,FAQ,10000,21000,12272,2022-09-23
12266,Tumkur,Sira,Coconut,Grade-III,FAQ,10000,21000,12280,2023-02-01
12267,Tumkur,Sira,Coconut,Grade-III,FAQ,10000,21000,12333,2023-01-31
12268,Tumkur,Sira,Coconut,Grade-III,FAQ,10000,21000,12432,2022-09-21
12269,Tumkur,Sira,Coconut,Grade-III,FAQ,10000,21000,12461,2022-04-08
12270,Tumkur,Sira,Coconut,Grade-III,FAQ,10000,21000,12555,2022-06-01
12271,Tumkur,Sira,Coconut,Grade-III,FAQ,10000,21000,12560,2023-01-04
12272,Tumkur,Sira,Coconut,Grade-III,FAQ,10000,21000,12585,2022-12-21
12273,Tumkur,Sira,Coconut,Grade-III,FAQ,10000,21000,12589,2022-06-17
12274,Tumkur,Sira,Coconut,Grade-III,FAQ,10000,21000,12689,2023-01-13
12275,Tumkur,Sira,Coconut,Grade-III,FAQ,10000,21000,12761,2022-08-29
12276,Tumkur,Sira,Coconut,Grade-III,FAQ,10000,21000,12763,2022-11-18
12277,Tumkur,Sira,Coconut,Grade-III,FAQ,10000,21000,12857,2022-07-25
12278,Tumkur,Sira,Coconut,Grade-III,FAQ,10000,21000,13000,2023-01-24
12279,Tumkur,Sira,Coconut,Grade-III,FAQ,10000,21000,13092,2022-07-01
12280,Tumkur,Sira,Coconut,Grade-III,FAQ,10000,21000,13096,2022-12-14
12281,Tumkur,Sira,Coconut,Grade-III,FAQ,10000,21000,13302,2022-09-28
12282,Tumkur,Sira,Coconut,Grade-III,FAQ,10000,21000,13333,2022-11-16
12283,Tumkur,Sira,Coconut,Grade-III,FAQ,10000,21000,13407,2023-02-03
12284,Tumkur,Sira,Coconut,Grade-III,FAQ,10000,21000,13417,2022-05-27
12285,Tumkur,Sira,Coconut,Grade-III,FAQ,10000,21000,13565,2023-03-03
12286,Tumkur,Sira,Coconut,Grade-III,FAQ,10000,21000,13583,2022-11-30
12287,Tumkur,Sira,Coconut,Grade-III,FAQ,10000,21000,13692,2022-12-09
12288,Tumkur,Sira,Coconut,Grade-III,FAQ,10000,21000,13714,2022-06-20
12289,Tumkur,Sira,Coconut,Grade-III,FAQ,10000,21000,13750,2023-01-18
12290,Tumkur,Sira,Coconut,Grade-III,FAQ,10000,21000,13777,2022-09-30
12291,Tumkur,Sira,Coconut,Grade-III,FAQ,10000,21000,13818,2021-11-29
12292,Tumkur,Sira,Coconut,Grade-III,FAQ,10000,21000,13923,2022-11-14
12293,Tumkur,Sira,Coconut,Grade-III,FAQ,10000,21000,13928,2021-01-15
12294,Tumkur,Sira,Coconut,Grade-III,FAQ,10000,21000,14000,2023-01-02
12295,Tumkur,Sira,Coconut,Grade-III,FAQ,10000,21000,14000,2022-11-07
12296,Tumkur,Sira,Coconut,Grade-III,FAQ,10000,21000,14000,2023-02-20
12297,Tumkur,Sira,Coconut,Grade-III,FAQ,10000,21000,14000,2022-11-28
12298,Tumkur,Sira,Coconut,Grade-III,FAQ,10000,21000,14052,2022-09-16
12299,Tumkur,Sira,Coconut,Grade-III,FAQ,10000,21000,14076,2022-12-07
12300,Tumkur,Sira,Coconut,Grade-III,FAQ,10000,21000,14081,2021-09-08
12301,Tumkur,Sira,Coconut,Grade-III,FAQ,10000,21000,14111,2023-01-25
12302,Tumkur,Sira,Coconut,Grade-III,FAQ,10000,21000,14148,2023-02-15
12303,Tumkur,Sira,Coconut,Grade-III,FAQ,10000,21000,14156,2022-07-27
12304,Tumkur,Sira,Coconut,Grade-III,FAQ,10000,21000,14206,2022-08-26
12305,Tumkur,Sira,Coconut,Grade-III,FAQ,10000,21000,14326,2022-09-02
12306,Tumkur,Sira,Coconut,Grade-III,FAQ,10000,21000,14333,2022-12-02
12307,Tumkur,Sira,Coconut,Grade-III,FAQ,10000,21000,14346,2021-12-17
12308,Tumkur,Sira,Coconut,Grade-III,FAQ,10000,21000,14363,2022-09-05
12309,Tumkur,Sira,Coconut,Grade-III,FAQ,10000,21000,14400,2023-02-24
12310,Tumkur,Sira,Coconut,Grade-III,FAQ,10000,21000,14428,2023-02-08
12311,Tumkur,Sira,Coconut,Grade-III,FAQ,10000,21000,14444,2022-09-12
12312,Tumkur,Sira,Coconut,Grade-III,FAQ,10000,21000,14557,2022-07-13
12313,Tumkur,Sira,Coconut,Grade-III,FAQ,10000,21000,14666,2023-02-22
12314,Tumkur,Sira,Coconut,Grade-III,FAQ,10000,21000,14666,2023-02-27
12315,Tumkur,Sira,Coconut,Grade-III,FAQ,10000,21000,14740,2023-02-17
12316,Tumkur,Sira,Coconut,Grade-III,FAQ,10000,21000,14813,2022-07-20
12317,Tumkur,Sira,Coconut,Grade-III,FAQ,10000,21000,14835,2023-01-11
12318,Tumkur,Sira,Coconut,Grade-III,FAQ,10000,21000,14917,2022-08-05
12319,Tumkur,Sira,Coconut,Grade-III,FAQ,10000,21000,15000,2022-10-01
12320,Tumkur,Sira,Coconut,Grade-III,FAQ,10000,21000,15000,2021-12-06
12321,Tumkur,Sira,Coconut,Grade-III,FAQ,10000,21000,15000,2022-07-06
12322,Tumkur,Sira,Coconut,Grade-III,FAQ,10000,21000,15000,2023-01-09
12323,Tumkur,Sira,Coconut,Grade-III,FAQ,10000,21000,15000,2022-07-11
12324,Tumkur,Sira,Coconut,Grade-III,FAQ,10000,21000,15000,2022-06-13
12325,Tumkur,Sira,Coconut,Grade-III,FAQ,10000,21000,15000,2022-08-15
12326,Tumkur,Sira,Coconut,Grade-III,FAQ,10000,21000,15000,2022-12-16
12327,Tumkur,Sira,Coconut,Grade-III,FAQ,10000,21000,15000,2022-01-17
12328,Tumkur,Sira,Coconut,Grade-III,FAQ,10000,21000,15000,2022-12-19
12329,Tumkur,Sira,Coconut,Grade-III,FAQ,10000,21000,15000,2022-06-22
12330,Tumkur,Sira,Coconut,Grade-III,FAQ,10000,21000,15000,2022-12-23
12331,Tumkur,Sira,Coconut,Grade-III,FAQ,10000,21000,15000,2023-01-23
12332,Tumkur,Sira,Coconut,Grade-III,FAQ,10000,21000,15000,2022-09-26
12333,Tumkur,Sira,Coconut,Grade-III,FAQ,10000,21000,15000,2022-06-27
12334,Tumkur,Sira,Coconut,Grade-III,FAQ,10000,21000,15000,2022-12-28
12335,Tumkur,Sira,Coconut,Grade-III,FAQ,10000,21000,15000,2022-06-29
12336,Tumkur,Sira,Coconut,Grade-III,FAQ,10000,21000,15000,2021-08-30
12337,Tumkur,Sira,Coconut,Grade-III,FAQ,10000,21000,15000,2023-01-30
12338,Tumkur,Sira,Coconut,Grade-III,FAQ,10000,21000,15083,2022-11-09
12339,Tumkur,Sira,Coconut,Grade-III,FAQ,10000,21000,15181,2022-08-22
12340,Tumkur,Sira,Coconut,Grade-III,FAQ,10000,21000,15205,2022-06-03
12341,Tumkur,Sira,Coconut,Grade-III,FAQ,10000,21000,15214,2021-09-06
12342,Tumkur,Sira,Coconut,Grade-III,FAQ,10000,21000,15214,2022-08-17
12343,Tumkur,Sira,Coconut,Grade-III,FAQ,10000,21000,15375,2022-05-16
12344,Tumkur,Sira,Coconut,Grade-III,FAQ,10000,21000,15375,2022-03-28
12345,Tumkur,Sira,Coconut,Grade-III,FAQ,10000,21000,15480,2024-12-23
12346,Tumkur,Sira,Coconut,Grade-III,FAQ,10000,21000,15500,2021-12-20
12347,Tumkur,Sira,Coconut,Grade-III,FAQ,10000,21000,15500,2020-11-23
12348,Tumkur,Sira,Coconut,Grade-III,FAQ,10000,21000,15555,2022-09-19
12349,Tumkur,Sira,Coconut,Grade-III,FAQ,10000,21000,15625,2022-01-24
12350,Tumkur,Sira,Coconut,Grade-III,FAQ,10000,21000,15666,2022-01-03
12351,Tumkur,Sira,Coconut,Grade-III,FAQ,10000,21000,15666,2021-12-28
12352,Tumkur,Sira,Coconut,Grade-III,FAQ,10000,21000,15692,2022-06-06
12353,Tumkur,Sira,Coconut,Grade-III,FAQ,10000,21000,15705,2022-05-09
12354,Tumkur,Sira,Coconut,Grade-III,FAQ,10000,21000,15714,2022-06-08
12355,Tumkur,Sira,Coconut,Grade-III,FAQ,10000,21000,15714,2022-11-21
12356,Tumkur,Sira,Coconut,Grade-III,FAQ,10000,21000,15750,2022-02-09
12357,Tumkur,Sira,Coconut,Grade-III,FAQ,10000,21000,15750,2021-12-10
12358,Tumkur,Sira,Coconut,Grade-III,FAQ,10000,21000,15750,2022-01-14
12359,Tumkur,Sira,Coconut,Grade-III,FAQ,10000,21000,15841,2022-09-09
12360,Tumkur,Sira,Coconut,Grade-III,FAQ,10000,21000,15909,2021-12-08
12361,Tumkur,Sira,Coconut,Grade-III,FAQ,10000,21000,15923,2022-07-22
12362,Tumkur,Sira,Coconut,Grade-III,FAQ,10000,21000,15933,2022-04-13
12363,Tumkur,Sira,Coconut,Grade-III,FAQ,10000,21000,15947,2022-06-10
12364,Tumkur,Sira,Coconut,Grade-III,FAQ,10000,21000,15947,2021-08-25
12365,Tumkur,Sira,Coconut,Grade-III,FAQ,10000,21000,16000,2022-08-01
12366,Tumkur,Sira,Coconut,Grade-III,FAQ,10000,21000,16000,2022-04-06
12367,Tumkur,Sira,Coconut,Grade-III,FAQ,10000,21000,16000,2023-02-06
12368,Tumkur,Sira,Coconut,Grade-III,FAQ,10000,21000,16000,2022-08-08
12369,Tumkur,Sira,Coconut,Grade-III,FAQ,10000,21000,16000,2021-11-08
12370,Tumkur,Sira,Coconut,Grade-III,FAQ,10000,21000,16000,2022-01-10
12371,Tumkur,Sira,Coconut,Grade-III,FAQ,10000,21000,16000,2022-10-10
12372,Tumkur,Sira,Coconut,Grade-III,FAQ,10000,21000,16000,2022-04-11
12373,Tumkur,Sira,Coconut,Grade-III,FAQ,10000,21000,16000,2022-12-12
12374,Tumkur,Sira,Coconut,Grade-III,FAQ,10000,21000,16000,2021-12-13
12375,Tumkur,Sira,Coconut,Grade-III,FAQ,10000,21000,16000,2023-02-13
12376,Tumkur,Sira,Coconut,Grade-III,FAQ,10000,21000,16000,2022-02-14
12377,Tumkur,Sira,Coconut,Grade-III,FAQ,10000,21000,16000,2023-01-16
12378,Tumkur,Sira,Coconut,Grade-III,FAQ,10000,21000,16000,2022-04-18
12379,Tumkur,Sira,Coconut,Grade-III,FAQ,10000,21000,16000,2021-11-22
12380,Tumkur,Sira,Coconut,Grade-III,FAQ,10000,21000,16000,2022-04-25
12381,Tumkur,Sira,Coconut,Grade-III,FAQ,10000,21000,16000,2022-12-26
12382,Tumkur,Sira,Coconut,Grade-III,FAQ,10000,21000,16000,2021-08-27
12383,Tumkur,Sira,Coconut,Grade-III,FAQ,10000,21000,16000,2022-05-30
12384,Tumkur,Sira,Coconut,Grade-III,FAQ,10000,21000,16043,2022-05-23
12385,Tumkur,Sira,Coconut,Grade-III,FAQ,10000,21000,16105,2022-03-18
12386,Tumkur,Sira,Coconut,Grade-III,FAQ,10000,21000,16117,2021-12-24
12387,Tumkur,Sira,Coconut,Grade-III,FAQ,10000,21000,16133,2021-12-01
12388,Tumkur,Sira,Coconut,Grade-III,FAQ,10000,21000,16146,2022-04-29
12389,Tumkur,Sira,Coconut,Grade-III,FAQ,10000,21000,16150,2022-04-22
12390,Tumkur,Sira,Coconut,Grade-III,FAQ,10000,21000,16157,2021-10-22
12391,Tumkur,Sira,Coconut,Grade-III,FAQ,10000,21000,16161,2022-05-25
12392,Tumkur,Sira,Coconut,Grade-III,FAQ,10000,21000,16171,2021-12-29
12393,Tumkur,Sira,Coconut,Grade-III,FAQ,10000,21000,16181,2022-08-03
12394,Tumkur,Sira,Coconut,Grade-III,FAQ,10000,21000,16186,2022-05-06
12395,Tumkur,Sira,Coconut,Grade-III,FAQ,10000,21000,16200,2022-02-23
12396,Tumkur,Sira,Coconut,Grade-III,FAQ,10000,21000,16214,2021-10-01
12397,Tumkur,Sira,Coconut,Grade-III,FAQ,10000,21000,16217,2022-07-18
12398,Tumkur,Sira,Coconut,Grade-III,FAQ,10000,21000,16218,2022-07-08
12399,Tumkur,Sira,Coconut,Grade-III,FAQ,10000,21000,16241,2022-07-15
12400,Tumkur,Sira,Coconut,Grade-III,FAQ,10000,21000,16250,2022-08-12
12401,Tumkur,Sira,Coconut,Grade-III,FAQ,10000,21000,16272,2022-05-02
12402,Tumkur,Sira,Coconut,Grade-III,FAQ,10000,21000,16272,2021-12-15
12403,Tumkur,Sira,Coconut,Grade-III,FAQ,10000,21000,16272,2022-03-30
12404,Tumkur,Sira,Coconut,Grade-III,FAQ,10000,21000,16275,2021-03-19
12405,Tumkur,Sira,Coconut,Grade-III,FAQ,10000,21000,16285,2022-02-11
12406,Tumkur,Sira,Coconut,Grade-III,FAQ,10000,21000,16300,2022-01-21
12407,Tumkur,Sira,Coconut,Grade-III,FAQ,10000,21000,16304,2022-02-21
12408,Tumkur,Sira,Coconut,Grade-III,FAQ,10000,21000,16310,2022-07-29
12409,Tumkur,Sira,Coconut,Grade-III,FAQ,10000,21000,16311,2022-03-09
12410,Tumkur,Sira,Coconut,Grade-III,FAQ,10000,21000,16320,2022-05-13
12411,Tumkur,Sira,Coconut,Grade-III,FAQ,10000,21000,16333,2022-03-14
12412,Tumkur,Sira,Coconut,Grade-III,FAQ,10000,21000,16347,2021-12-22
12413,Tumkur,Sira,Coconut,Grade-III,FAQ,10000,21000,16350,2022-03-04
12414,Tumkur,Sira,Coconut,Grade-III,FAQ,10000,21000,16384,2022-03-16
12415,Tumkur,Sira,Coconut,Grade-III,FAQ,10000,21000,16400,2021-12-31
12416,Tumkur,Sira,Coconut,Grade-III,FAQ,10000,21000,16400,2022-01-31
12417,Tumkur,Sira,Coconut,Grade-III,FAQ,10000,21000,16428,2022-04-15
12418,Tumkur,Sira,Coconut,Grade-III,FAQ,10000,21000,16433,2022-02-02
12419,Tumkur,Sira,Coconut,Grade-III,FAQ,10000,21000,16466,2022-01-12
12420,Tumkur,Sira,Coconut,Grade-III,FAQ,10000,21000,16470,2022-01-28
12421,Tumkur,Sira,Coconut,Grade-III,FAQ,10000,21000,16476,2022-04-27
12422,Tumkur,Sira,Coconut,Grade-III,FAQ,10000,21000,16500,2022-12-05
12423,Tumkur,Sira,Coconut,Grade-III,FAQ,10000,21000,16500,2022-02-07
12424,Tumkur,Sira,Coconut,Grade-III,FAQ,10000,21000,16500,2022-03-07
12425,Tumkur,Sira,Coconut,Grade-III,FAQ,10000,21000,16500,2022-03-23
12426,Tumkur,Sira,Coconut,Grade-III,FAQ,10000,21000,16545,2022-02-28
12427,Tumkur,Sira,Coconut,Grade-III,FAQ,10000,21000,16590,2022-03-25
12428,Tumkur,Sira,Coconut,Grade-III,FAQ,10000,21000,16615,2022-04-01
12429,Tumkur,Sira,Coconut,Grade-III,FAQ,10000,21000,16708,2021-04-19
12430,Tumkur,Sira,Coconut,Grade-III,FAQ,10000,21000,16714,2021-09-01
12431,Tumkur,Sira,Coconut,Grade-III,FAQ,10000,21000,16809,2022-04-20
12432,Tumkur,Sira,Coconut,Grade-III,FAQ,10000,21000,16818,2022-02-25
12433,Tumkur,Sira,Coconut,Grade-III,FAQ,10000,21000,16857,2021-01-25
12434,Tumkur,Sira,Coconut,Grade-III,FAQ,10000,21000,16888,2022-03-21
12435,Tumkur,Sira,Coconut,Grade-III,FAQ,10000,21000,17000,2020-11-11
12436,Tumkur,Sira,Coconut,Grade-III,FAQ,10000,21000,17210,2021-01-11
12437,Tumkur,Sira,Coconut,Grade-III,FAQ,10000,21000,17272,2021-04-21
12438,Tumkur,Sira,Coconut,Grade-III,FAQ,10000,21000,17285,2021-01-18
12439,Tumkur,Sira,Coconut,Grade-III,FAQ,10000,21000,17555,2020-12-04
12440,Tumkur,Sira,Coconut,Grade-III,FAQ,10000,21000,17846,2021-02-03
12441,Tumkur,Sira,Coconut,Grade-III,FAQ,10000,21000,18000,2021-03-08
12442,Tumkur,Sira,Coconut,Grade-III,FAQ,10000,21000,18000,2021-04-26
12443,Tumkur,Sira,Coconut,Grade-III,FAQ,10000,21000,18000,2021-01-29
12444,Tumkur,Sira,Coconut,Grade-III,FAQ,10000,21000,18105,2021-02-12
12445,Tumkur,Sira,Coconut,Grade-III,FAQ,10000,21000,18153,2021-02-15
12446,Tumkur,Sira,Coconut,Grade-III,FAQ,10000,21000,18214,2021-01-08
12447,Tumkur,Sira,Coconut,Grade-III,FAQ,10000,21000,18385,2021-01-22
12448,Tumkur,Sira,Coconut,Grade-III,FAQ,10000,21000,18625,2021-01-13
12449,Tumkur,Sira,Coconut,Grade-III,FAQ,10000,21470,13284,2024-11-11
12450,Tumkur,Sira,Coconut,Grade-III,FAQ,10000,22000,16000,2020-11-17
12451,Tumkur,Sira,Coconut,Grade-III,FAQ,10000,22000,16307,2021-01-01
12452,Tumkur,Sira,Coconut,Grade-III,FAQ,10000,22000,16521,2021-11-26
12453,Tumkur,Sira,Coconut,Grade-III,FAQ,10000,22000,17607,2021-01-04
12454,Tumkur,Sira,Coconut,Grade-III,FAQ,10000,22000,18000,2020-11-16
12455,Tumkur,Sira,Coconut,Grade-III,FAQ,10000,22000,18333,2021-03-15
12456,Tumkur,Sira,Coconut,Grade-III,FAQ,10000,22000,18666,2021-02-08
12457,Tumkur,Sira,Coconut,Grade-III,FAQ,10000,22000,18687,2021-01-06
12458,Tumkur,Sira,Coconut,Grade-III,FAQ,10000,22000,18835,2022-08-19
12459,Tumkur,Sira,Coconut,Grade-III,FAQ,10000,22000,19142,2021-02-22
12460,Tumkur,Sira,Coconut,Grade-III,FAQ,10000,22000,19294,2020-12-28
12461,Tumkur,Sira,Coconut,Grade-III,FAQ,10000,22000,19428,2021-03-01
12462,Tumkur,Sira,Coconut,Grade-III,FAQ,10000,22000,19454,2021-02-01
12463,Tumkur,Sira,Coconut,Grade-III,FAQ,10000,22000,19500,2020-12-21
12464,Tumkur,Sira,Coconut,Grade-III,FAQ,10000,22000,19538,2020-12-25
12465,Tumkur,Sira,Coconut,Grade-III,FAQ,10000,22000,19636,2020-12-23
12466,Tumkur,Sira,Coconut,Grade-III,FAQ,10000,22000,20000,2021-03-22
12467,Tumkur,Sira,Coconut,Grade-III,FAQ,10527,10527,10527,2024-12-20
12468,Tumkur,Sira,Coconut,Grade-III,FAQ,11000,19000,16009,2025-01-01
12469,Tumkur,Sira,Coconut,Grade-III,FAQ,12000,21000,19800,2020-12-18
12470,Tumkur,Sira,Coconut,Grade-III,FAQ,12972,12972,12972,2025-01-24
12471,Tumkur,Sira,Coconut,Grade-III,FAQ,15000,17000,15340,2025-01-29
12472,Tumkur,Sira,Coconut,Grade-III,FAQ,15600,15600,15600,2024-11-26
12473,Tumkur,Sira,Coconut,Grade-III,FAQ,17000,17000,17000,2025-02-12
12474,Tumkur,Sira,Coconut,Grade-III,FAQ,17000,18000,17530,2025-01-27
12475,Tumkur,Sira,Coconut,Grade-III,FAQ,17000,18000,17583,2025-01-06
12476,Tumkur,Sira,Coconut,Grade-III,FAQ,17500,17500,17500,2025-02-19
12477,Tumkur,Sira,Coconut,Grade-III,FAQ,18000,18000,18000,2024-11-04
12478,Tumkur,Sira,Coconut,Grade-III,FAQ,18000,18000,18000,2025-05-07
12479,Tumkur,Sira,Coconut,Grade-III,FAQ,18000,18000,18000,2024-12-16
12480,Tumkur,Sira,Coconut,Grade-III,FAQ,19000,19000,19000,2025-02-15
12481,Tumkur,Sira,Coconut,Grade-III,FAQ,19000,22000,19690,2025-02-24
12482,Tumkur,Sira,Coconut,Grade-III,FAQ,19531,19531,19531,2025-03-26
12483,Tumkur,Sira,Coconut,Grade-III,FAQ,20000,20000,20000,2024-12-03
12484,Tumkur,Sira,Coconut,Grade-III,FAQ,20000,20000,20000,2024-12-04
12485,Tumkur,Sira,Coconut,Grade-III,FAQ,20000,20000,20000,2024-12-18
12486,Tumkur,Sira,Coconut,Grade-III,FAQ,20000,25000,21950,2025-06-02
12487,Tumkur,Sira,Coconut,Grade-III,FAQ,20000,30000,25760,2025-06-18
12488,Tumkur,Sira,Coconut,Grade-III,FAQ,21000,23114,22345,2025-05-02
12489,Tumkur,Sira,Coconut,Grade-III,FAQ,21600,21600,21600,2025-05-28
12490,Tumkur,Sira,Coconut,Grade-III,FAQ,22900,22900,22900,2025-04-22
12491,Tumkur,Sira,Coconut,Grade-III,FAQ,23000,25440,24300,2025-06-17
12492,Tumkur,Sira,Coconut,Grade-III,FAQ,23015,24985,23850,2025-05-13
12493,Tumkur,Sira,Coconut,Grade-III,FAQ,23300,23685,23500,2025-06-10
12494,Tumkur,Sira,Coconut,Grade-III,FAQ,24578,24578,24578,2025-04-16
12495,Tumkur,Sira,Coconut,Grade-III,FAQ,24651,24651,24651,2025-04-08
12496,Tumkur,Sira,Coconut,Grade-III,FAQ,24800,24800,24800,2025-05-06
12497,Tumkur,Sira,Coconut,Grade-III,FAQ,25000,25000,25000,2025-05-05
12498,Tumkur,Sira,Coconut,Grade-III,FAQ,25000,25000,25000,2025-05-12
12499,Tumkur,Sira,Coconut,Grade-III,FAQ,25630,25630,25630,2025-06-24
12500,Tumkur,Sira,Coconut,Grade-III,FAQ,26000,26000,26000,2025-05-14
12501,Tumkur,Sira,Coconut,Grade-III,FAQ,28000,28000,28000,2025-06-09
12502,Tumkur,Sira,Coconut,Grade-III,FAQ,28000,28000,28000,2025-06-26
12503,Tumkur,Sira,Coconut,Grade-III,FAQ,30000,30000,30000,2025-02-11
12504,Tumkur,Sira,Coconut,Grade-III,Ref grade-1,18000,18000,18000,2025-02-03
